id,ahu,air,airCooling,airRef,area,boiler,bypass,chilled,chilledWaterCooling,chilledWaterRef,chiller,cmd,computed,cool,cooling,cur,damper,daytime,delta,directZone,dis,discharge,domestic,effective,elecHeating,enable,entering,enum,equip,equipRef,exhaust,fan,fanPowered,fcu,flow,geoAddr,geoCity,geoCoord,geoCountry,geoCounty,geoPostalCode,geoState,geoStreet,heat,heating,his,hot,hotWaterHeating,hotWaterRef,humidifier,humidity,hvac,kind,leaving,maxVal,minVal,mixed,outside,plant,primaryLoop,point,pointFunction,pressure,primaryFunction,pump,return,rtu,run,sensor,singleDuct,site,siteRef,sp,space,spaceRef,speed,steam,temp,thermostat,tz,unit,valve,vav,vavZone,water,weather,weatherCond,weatherStationRef,weatherStation,yearBuilt,zone,custom
@b-0000,"","","","",78000ft²,"","","","","","","","","","","","","","","",Bravo,"","","","","","","","","","","","","","","123 Some Rd, Fort Wayne, IN 46900",Fort Wayne,"",US,US,46900,IN,123 Some Rd,"","","","","","","","","","","","","","","","","","","","",Hospital (General Medical & Surgical),"","","","","","",✓,"","","","","","","","",Chicago,"","","","","","","",@b-042f,"",2000,"",{elecFreq:60Hz}
@b-0001,"","","","","","","","",✓,"","","","","","","","","","","",Bravo BCU-1,"","","","","","","",✓,"","","","","","","","","","","","","","","","","","","","","","",✓,"","","","","","","","","","","","","","","","","",✓,"",@b-0000,"","",@b-000d,"","","",✓,"","","",✓,"","","","","","","",✓,"{tu, bcu}"
@b-0002,"","","","","","","",✓,"","","","","",✓,"",✓,"","","","",Bravo BCU-1 Cooling Valve Output,"","","","","","","","",@b-0001,"","","","","","","","","","","","","","","",✓,"","","","","","",Number,"","","","","","","",✓,"","","","","","","",✓,"","",@b-0000,"","",@b-000d,"","","","",Chicago,%,✓,"","",✓,"","","","","","","{predictionConf:0.31259757180034364, sourcePointName:ChwVlvOR_value, dataSyncRecovered:2020-07-10T01:00:10.249-04:00 New_York, inScope, backgroundPoint}"
@b-0003,"",✓,"","","","","","","","","",✓,"","","",✓,✓,"","","",Bravo BCU-1 Mixed Air Damper Output,"","","","","","","","",@b-0001,"","","","","","","","","","","","","","","",✓,"","","","","","",Number,"","","",✓,"","","",✓,"","","","","","","","","","",@b-0000,"","",@b-000d,"","","","",Chicago,%,"","","","","","","","","","","{predictionConf:0.28394372966813813, sourcePointName:MadOR_value, dataSyncRecovered:2020-07-10T01:00:09.879-04:00 New_York, inScope, backgroundPoint}"
@b-0004,"",✓,"","","","","","","","","","","","","",✓,"","","","",Bravo BCU-1 Supply Air Temperature,✓,"","","","","","","",@b-0001,"","","","","","","","","","","","","","","",✓,"","","","","","",Number,"","","","","","","",✓,"","","","","","","",✓,"","",@b-0000,"","",@b-000d,"","",✓,"",Chicago,°F,"","","","","","","","","","","{predictionConf:0.7893816782198223, sourcePointName:DAT, dataSyncRecovered:2020-07-10T01:00:09.879-04:00 New_York, inScope, backgroundPoint}"
@b-0005,"",✓,"","","","","","","","","","","","","",✓,"","","","",Bravo BCU-1 Zone Temperature,"","","","","","","","",@b-0001,"","","","","","","","","","","","","","","",✓,"","","","","","",Number,"","","","","","","",✓,"","","","","","","",✓,"","",@b-0000,"","",@b-000d,"","",✓,"",Chicago,°F,"","","","","","","","","",✓,"{predictionConf:0.6720981954640639, sourcePointName:SpaceTemp, dataSyncRecovered:2020-07-10T01:00:09.627-04:00 New_York, inScope, backgroundPoint}"
@b-0006,"",✓,"","","","","","","","","","","","","",✓,"","","","",Bravo BCU-1 Zone Temperature Setpoint,"","","","","","","","",@b-0001,"","","","","","","","","","","","","","","",✓,"","","","","","",Number,"",327,-273,"","","","",✓,"","","","","","","","","","",@b-0000,✓,"",@b-000d,"","",✓,"",Chicago,°F,"","","","","","","","","",✓,"{precision:2, dataSyncRecovered:2020-07-10T01:00:11.125-04:00 New_York, backgroundPoint}"
@b-0007,"","","","","","","","",✓,"","","","","","","","","","","",Bravo BCU-2,"","","","","","","",✓,"","","","","","","","","","","","","","","","","","","","","","",✓,"","","","","","","","","","","","","","","","","",✓,"",@b-0000,"","",@b-000d,"","","",✓,"","","",✓,"","","","","","","",✓,"{tu, bcu}"
@b-0008,"","","","","","","",✓,"","","","","",✓,"",✓,"","","","",Bravo BCU-2 Cooling Valve Output,"","","","","","","","",@b-0007,"","","","","","","","","","","","","","","",✓,"","","","","","",Number,"","","","","","","",✓,"","","","","","","",✓,"","",@b-0000,"","",@b-000d,"","","","",Chicago,%,✓,"","",✓,"","","","","","","{sourcePointName:ChwVlvOR_value, dataSyncRecovered:2020-07-10T01:00:10.87-04:00 New_York, inScope, backgroundPoint}"
@b-0009,"",✓,"","","","","","","","","",✓,"","","",✓,✓,"","","",Bravo BCU-2 Mixed Air Damper Output,"","","","","","","","",@b-0007,"","","","","","","","","","","","","","","",✓,"","","","","","",Number,"","","",✓,"","","",✓,"","","","","","","","","","",@b-0000,"","",@b-000d,"","","","",Chicago,%,"","","","","","","","","","","{sourcePointName:MadOR_value, dataSyncRecovered:2020-07-10T01:00:07.721-04:00 New_York, inScope, backgroundPoint}"
@b-000a,"",✓,"","","","","","","","","","","","","",✓,"","","","",Bravo BCU-2 Supply Air Temperature,✓,"","","","","","","",@b-0007,"","","","","","","","","","","","","","","",✓,"","","","","","",Number,"","","","","","","",✓,"","","","","","","",✓,"","",@b-0000,"","",@b-000d,"","",✓,"",Chicago,°F,"","","","","","","","","","","{sourcePointName:DAT, dataSyncRecovered:2020-07-10T01:00:10.374-04:00 New_York, inScope, backgroundPoint}"
@b-000b,"",✓,"","","","","","","","","","","","","",✓,"","","","",Bravo BCU-2 Zone Temperature,"","","","","","","","",@b-0007,"","","","","","","","","","","","","","","",✓,"","","","","","",Number,"","","","","","","",✓,"","","","","","","",✓,"","",@b-0000,"","",@b-000d,"","",✓,"",Chicago,°F,"","","","","","","","","",✓,"{sourcePointName:SpaceTemp, dataSyncRecovered:2020-07-10T01:00:07.598-04:00 New_York, inScope, backgroundPoint}"
@b-000c,"",✓,"","","","","","","","","","","","","",✓,"","","","",Bravo BCU-2 Zone Temperature Setpoint,"","","","","","","","",@b-0007,"","","","","","","","","","","","","","","",✓,"","","","","","",Number,"",327,-273,"","","","",✓,"","","","","","","","","","",@b-0000,✓,"",@b-000d,"","",✓,"",Chicago,°F,"","","","","","","","","",✓,"{precision:2, dataSyncRecovered:2020-07-10T01:00:10.374-04:00 New_York, backgroundPoint}"
@b-000d,"","","","","","","","","","","","","","","","","","","","",Bravo BCUs,"","","","","","","","","","","","","","","","","","","","","","","","","","","","","","","","","","","","","","","","","","","","","","","","","","",@b-0000,"",✓,"","","","","","","","","","","","","","","","","",{equipType}
@b-000e,"","","","","",✓,"","","","","","","","","","","","","","",Bravo Boiler 1,"","","","","","","",✓,"","","","","","","","","","","","","","","","","","","",@b-0012,"","",✓,"","","","","","","","","","","","","","","","","","","",@b-0000,"","",@b-00ab,"","","","","","","","","","","","","","","","","{designSource:Drawings, designHotWaterPower:4200MMBTU/h, designMake:Bryan Boiler, designModel:RV-500W}"
@b-000f,"","","","","",✓,"","","","","","","","","",✓,"","","","",Bravo Boiler 1 Boiler Status,"","","","","","","","",@b-000e,"","","","","","","","","","","","","","","",✓,"","","","","","",Bool,"","","","","","","",✓,"","","","","","",✓,✓,"","",@b-0000,"","",@b-00ab,"","","","",Chicago,"","","","","","","","","","","","{sourcePointName:HwBlr1Sts, dataSyncRecovered:2020-07-10T01:00:10.745-04:00 New_York, inScope, backgroundPoint}"
@b-0010,"","","","","",✓,"","","","","","","","","","","","","","",Bravo Boiler 2,"","","","","","","",✓,"","","","","","","","","","","","","","","","","","","",@b-0012,"","",✓,"","","","","","","","","","","","","","","","","","","",@b-0000,"","",@b-00ab,"","","","","","","","","","","","","","","","","{designSource:Drawings, designHotWaterPower:4200MMBTU/h, designMake:Bryan Boiler, designModel:RV-500W}"
@b-0011,"","","","","",✓,"","","","","","","","","",✓,"","","","",Bravo Boiler 2 Boiler Status,"","","","","","","","",@b-0010,"","","","","","","","","","","","","","","",✓,"","","","","","",Bool,"","","","","","","",✓,"","","","","","",✓,✓,"","",@b-0000,"","",@b-00ab,"","","","",Chicago,"","","","","","","","","","","","{sourcePointName:HwBlr2Sts, dataSyncRecovered:2020-07-10T01:00:10.62-04:00 New_York, inScope, backgroundPoint}"
@b-0012,"","","","","","","","","","","","","","","","","","","","",Bravo Boiler Plant,"","","","","","","",✓,"","","","","","","","","","","","","","","","","",✓,"","","","",✓,"","","","","","",✓,"","","","","","","","","","","","",@b-0000,"","",@b-00ab,"","","","","","","","","",✓,"","","","","","",""
@b-0013,"","","","","","","","","","","","","","","",✓,"","","","",Bravo Boiler Plant Domestic Hot Water Leaving Temperature Setpoint,"",✓,"","","","","","",@b-0012,"","","","","","","","","","","","","","","",✓,✓,"","","","","",Number,✓,"","","","","","",✓,"","","","","","","","","","",@b-0000,✓,"",@b-00ab,"","",✓,"",Chicago,°F,"","","",✓,"","","","","","","{sourcePointName:HwSp, dataSyncRecovered:2020-07-10T01:00:10.87-04:00 New_York, inScope, backgroundPoint}"
@b-0014,"","","","","","","","","","","","","","","",✓,"","",✓,"",Bravo Boiler Plant Heating Hot Water Differential Pressure Setpoint,"","","","","","","","",@b-0012,"","","","","","","","","","","","","","","",✓,✓,"","","","","",Number,"","","","","","","",✓,"",✓,"","","","","","","","",@b-0000,✓,"",@b-00ab,"","","","",Chicago,psi,"","","",✓,"","","","","","","{sourcePointName:HWDifSP, dataSyncRecovered:2020-07-10T01:00:10.497-04:00 New_York, inScope, backgroundPoint}"
@b-0015,"","","","","","","","","","","","","","","",✓,"","","","",Bravo Boiler Plant Heating Hot Water Return Temperature,"","","","","","","","",@b-0012,"","","","","","","","","","","","","","",✓,✓,"","","","","","",Number,✓,"","","","","","",✓,"","","","","","","",✓,"","",@b-0000,"","",@b-00ab,"","",✓,"",Chicago,°F,"","","",✓,"","","","","","","{sourcePointName:HWRTEMP, dataSyncRecovered:2020-07-10T01:00:13.145-04:00 New_York, inScope, backgroundPoint}"
@b-0016,"","","","","","","","","","","","","","","",✓,"","","","",Bravo Boiler Plant Heating Hot Water Supply Temperature,"","","","","","","","",@b-0012,"","","","","","","","","","","","","","","",✓,✓,"","","","","",Number,✓,"","","","","","",✓,"","","","","","","",✓,"","",@b-0000,"","",@b-00ab,"","",✓,"",Chicago,°F,"","","",✓,"","","","","","","{sourcePointName:HWSTEMP, dataSyncRecovered:2020-07-10T01:00:10.374-04:00 New_York, inScope, backgroundPoint}"
@b-0017,"","","","","","","","","","","","","","","","","","","","",Bravo CHW System,"","","","","","","","","","","","","","","","","","","","","","","","","","","","","","","","","","","","","","","","","","","","","","","","","","",@b-0000,"",✓,"","","","","","","","","","","","","","","","","",{equipType}
@b-0018,"","","","","","","",✓,"","","","","","","","","","","","",Bravo CHWP-1,"","","","","","","",✓,"","","","","","","","","","","","","","","","","","","","","","",✓,"","","","","","","","","","","","",✓,"","","","","","",@b-0000,"","",@b-0017,"","","","","","","","","",✓,"","","","","","",""
@b-0019,"","","","","","","",✓,"","","","","","","",✓,"","","","",Bravo CHWP-1 Chilled Water Pump Enable,"","","","","","","Stop,Running","",@b-0018,"","","","","","","","","","","","","","","",✓,"","","","","","",Bool,"","","","","","","",✓,"","","",✓,"","","",✓,"","",@b-0000,"","",@b-0017,"","","","",Chicago,"","","","",✓,"","","","","","","{poinTags:point and chilled and water and cmd and pump, dataSyncRecovered:2020-07-10T01:00:10.62-04:00 New_York, backgroundPoint}"
@b-001a,"","","","","","","",✓,"","","","","","","",✓,"","","","",Bravo CHWP-1 Chilled Water Pump VFD Speed,"","","","","","","","",@b-0018,"","","","","","","","","","","","","","","",✓,"","","","","","",Number,"","","","","","","",✓,"","","",✓,"","","",✓,"","",@b-0000,"","",@b-0017,✓,"","","",Chicago,%,"","","",✓,"","","","","","","{dataSyncDownSince:2020-07-14T01:00:03.512-04:00 New_York, precision:2, dataSyncType:error, backgroundPoint}"
@b-001b,"","","","","","","",✓,"","","","","","","","","","","","",Bravo CHWP-2,"","","","","","","",✓,"","","","","","","","","","","","","","","","","","","","","","",✓,"","","","","","","","","","","","",✓,"","","","","","",@b-0000,"","",@b-0017,"","","","","","","","","",✓,"","","","","","",""
@b-001c,"","","","","","","",✓,"","","","","","","",✓,"","","","",Bravo CHWP-2 Chilled Water Pump Enable,"","","","","","","Stop,Running","",@b-001b,"","","","","","","","","","","","","","","",✓,"","","","","","",Bool,"","","","","","","",✓,"","","",✓,"","","",✓,"","",@b-0000,"","",@b-0017,"","","","",Chicago,"","","","",✓,"","","","","","","{dataSyncRecovered:2020-07-10T01:00:09.752-04:00 New_York, backgroundPoint}"
@b-001d,"","","","","","","",✓,"","","","","","","",✓,"","","","",Bravo CHWP-2 Chilled Water Pump VFD Speed,"","","","","","","","",@b-001b,"","","","","","","","","","","","","","","",✓,"","","","","","",Number,"","","","","","","",✓,"","","",✓,"","","",✓,"","",@b-0000,"","",@b-0017,✓,"","","",Chicago,%,"","","",✓,"","","","","","","{precision:2, dataSyncRecovered:2020-07-10T01:00:07.598-04:00 New_York, backgroundPoint}"
@b-001e,"","","","","","","",✓,"","","","","","","","","","","","",Bravo Chilled Water Plant,"","","","","","","",✓,"","","","","","","","","","","","","","","","","","","","","","",✓,"","","","","","",✓,"","","","","","","","","","","","",@b-0000,"","",@b-0017,"","","","","","","","","",✓,"","","","","","",""
@b-001f,"","","","","","","","","","","",✓,"","",✓,✓,"","","","",Bravo Chilled Water Plant AHU Cooling Enable,"","","","",✓,"","","",@b-001e,"","","","","","","","","","","","","","","",✓,"","","","","","",Bool,"","","","","","","",✓,"","","","","","","","","","",@b-0000,"","",@b-0017,"","","","",Chicago,"","","","","","","","","","","","{sourcePointName:AHUClgEnable, dataSyncRecovered:2020-07-10T01:00:11.125-04:00 New_York, backgroundPoint}"
@b-0020,"","","","","","","","","","","",✓,"","","",✓,"","","","",Bravo Chilled Water Plant AHU Heating Enable,"","","","",✓,"","","",@b-001e,"","","","","","","","","","","","","","",✓,✓,"","","","","","",Bool,"","","","","","","",✓,"","","","","","","","","","",@b-0000,"","",@b-0017,"","","","",Chicago,"","","","","","","","","","","","{sourcePointName:AHUHtgEnable, dataSyncRecovered:2020-07-10T01:00:10.374-04:00 New_York, backgroundPoint}"
@b-0021,"","","","","","","","","","","","","","","",✓,"","","","",Bravo Chilled Water Plant CV-1 Valve Signal (HHW),"","","","","","","","",@b-001e,"","","","","","","","","","","","","","","",✓,✓,"","","","","",Number,"",100,0,"","","","",✓,"","","","","","","",✓,"","",@b-0000,"","",@b-0017,"","","","",Chicago,%,✓,"","",✓,"","","","","","","{precision:2, dataSyncRecovered:2020-07-10T01:00:10.995-04:00 New_York, backgroundPoint}"
@b-0022,"","","","","","",✓,✓,"","","","","","","",✓,"","","","",Bravo Chilled Water Plant CV-2 Valve Signal (Bypass Valve),"","","","","","","","",@b-001e,"","","","","","","","","","","","","","","",✓,"","","","","","",Number,"",100,0,"","","","",✓,"","","","","","","",✓,"","",@b-0000,"","",@b-0017,"","","","",Chicago,%,✓,"","",✓,"","","","","","","{precision:2, dataSyncRecovered:2020-07-10T01:00:10.126-04:00 New_York, signal, backgroundPoint}"
@b-0023,"","","","","","","",✓,"","","","","","","",✓,"","","","",Bravo Chilled Water Plant CV-3 Valve Signal,"","","","","","","","",@b-001e,"","","","","","","","","","","","","","","",✓,"","","","","","",Number,"",100,0,"","","","",✓,"","","","","","","",✓,"","",@b-0000,"","",@b-0017,"","","","",Chicago,%,✓,"","",✓,"","","","","","","{precision:0, dataSyncRecovered:2020-07-10T01:00:07.473-04:00 New_York, signal, backgroundPoint}"
@b-0024,"","","","","","","",✓,"","","","","","","",✓,"","","","",Bravo Chilled Water Plant CV-4 Valve Signal,"","","","","","","","",@b-001e,"","","","","","","","","","","","","","","",✓,"","","","","","",Number,"",100,0,"","","","",✓,"","","","","","","",✓,"","",@b-0000,"","",@b-0017,"","","","",Chicago,%,✓,"","",✓,"","","","","","","{precision:0, dataSyncRecovered:2020-07-10T01:00:10.126-04:00 New_York, signal, backgroundPoint}"
@b-0025,"","","","","","","",✓,"","","","","","","",✓,"","",✓,"",Bravo Chilled Water Plant Chilled Water Differential Pressure,"","","","","","","","",@b-001e,"","","","","","","","","","","","","","","",✓,"","","","","","",Number,"","","","","","","",✓,"",✓,"","","","","",✓,"","",@b-0000,"","",@b-0017,"","","","",Chicago,psi,"","","",✓,"","","","","","","{precision:2, dataSyncRecovered:2020-07-10T01:00:10.249-04:00 New_York, pointType:, backgroundPoint}"
@b-0026,"","","","","","","",✓,"","","","","","","",✓,"","",✓,"",Bravo Chilled Water Plant Chilled Water Differential Pressure Setpoint,"","","","","","","","",@b-001e,"","","","","","","","","","","","","","","",✓,"","","","","","",Number,"","","","","","",✓,✓,"",✓,"","","","","",✓,"","",@b-0000,"","",@b-0017,"","","","",Chicago,psi,"","","",✓,"","","","","","","{predictionConf:0.3397244142906628, sourcePointName:ChwDifSP, dataSyncRecovered:2020-07-10T01:00:09.627-04:00 New_York, inScope, backgroundPoint}"
@b-0027,"","","","","","","",✓,"","","","","","","",✓,"","","","",Bravo Chilled Water Plant Chilled Water Entering Temperature,"","","","","",✓,"","",@b-001e,"","","","","","","","","","","","","","","",✓,"","","","","","",Number,"","","","","","",✓,✓,"","","","","","","",✓,"","",@b-0000,"","",@b-0017,"","",✓,"",Chicago,°F,"","","",✓,"","","","","","","{predictionConf:0.787900067809321, sourcePointName:CHWRTEMP, dataSyncRecovered:2020-07-10T01:00:10.497-04:00 New_York, inScope, backgroundPoint}"
@b-0028,"","","","","","","",✓,"","","","","","","",✓,"","","","",Bravo Chilled Water Plant Chilled Water Leaving Temperature,"","","","","","","","",@b-001e,"","","","","","","","","","","","","","","",✓,"","","","","","",Number,✓,"","","","","",✓,✓,"","","","","","","",✓,"","",@b-0000,"","",@b-0017,"","",✓,"",Chicago,°F,"","","",✓,"","","","","","","{predictionConf:0.787900067809321, sourcePointName:ChwsTemp, dataSyncRecovered:2020-07-10T01:00:10.003-04:00 New_York, inScope, backgroundPoint}"
@b-0029,"","","","","","","","","","","","","","","","","","","","",Bravo Chilled Water Plant Chilled Water dT (Auto-computed),"","","","","","","","",@b-001e,"","","","","","","","","","","","","","","",✓,"","","","","","",Number,"","","","","","","",✓,"","","","","","","","","","",@b-0000,✓,"",@b-0017,"","","","",Chicago,"","","","","","","","","","","","{cache, dataSyncDownSince:2020-03-12T01:00:04.793-04:00 New_York, dataSyncType:error, backgroundPoint}"
@b-002a,"","","","","","","","","","",✓,"","","","",✓,"","","","",Bravo Chilled Water Plant Chiller Status,"","","","","","","","",@b-001e,"","","","","","","","","","","","","","","",✓,"","","","","","",Bool,"","","","","","","",✓,"","","","","","",✓,✓,"","",@b-0000,"","",@b-0017,"","","","",Chicago,"","","","","","","","","","","","{predictionConf:0.15013386549340826, sourcePointName:RunSTATUS, dataSyncRecovered:2020-07-10T01:00:10.003-04:00 New_York, inScope, backgroundPoint}"
@b-002b,"","","","","","","","","","","","","","","","","","","","",Bravo Chilled Water Plant Efficiency (Auto-computed),"","","","","","","","",@b-001e,"","","","","","","","","","","","","","","",✓,"","","","","","",Number,"","","","","","","",✓,"","","","","","","","","","",@b-0000,✓,"",@b-0017,"","","","",Chicago,kW/ton,"","","","","","","","","","","{cache, dataSyncRecovered:2020-07-14T01:00:05.167-04:00 New_York, backgroundPoint}"
@b-002c,"","",✓,"","","","","","",@b-001e,✓,"","","","","","","","","",Bravo Chiller 1,"","","","","","","",✓,"","","","","","","","","","","","","","","","","","","","","","",✓,"","","","","","","","","","","","","","","","","","","",@b-0000,"","",@b-0017,"","","","","","","","","","","","","","","","","{designElecPower:180kW, designEfficiency:10.6EER, designSource:Drawings, designChilledWaterPower:160tonref, designChilledWaterLeavingTemp:44°F, designMake:Mcquay, designChilledWaterEnteringTemp:58°F, designChilledWaterDeltaPressure:18.61psi, designModel:AGS-160C, designChilledWaterFlow:275gal/min}"
@b-002d,"","","","","","","",✓,"","","","","","","",✓,"","","","",Bravo Chiller 1 Chilled Water Entering Temperature,"","","","","",✓,"","",@b-002c,"","","","","","","","","","","","","","","",✓,"","","","","","",Number,"","","","","","","",✓,"","","","","","","",✓,"","",@b-0000,"","",@b-0017,"","",✓,"",Chicago,°F,"","","",✓,"","","","","","","{predictionConf:0.38428817764444545, sourcePointName:CH1_EntChwTemp, dataSyncRecovered:2020-07-10T01:00:10.87-04:00 New_York, inScope, backgroundPoint}"
@b-002e,"","","","","","","",✓,"","","","","","","",✓,"","","","",Bravo Chiller 1 Chilled Water Leaving Temperature,"","","","","","","","",@b-002c,"","","","","","","","","","","","","","","",✓,"","","","","","",Number,✓,"","","","","","",✓,"","","","","","","",✓,"","",@b-0000,"","",@b-0017,"","",✓,"",Chicago,°F,"","","",✓,"","","","","","","{predictionConf:0.34916172794461753, sourcePointName:CH1_LeavChwTemp, dataSyncRecovered:2020-07-10T01:00:09.879-04:00 New_York, inScope, backgroundPoint}"
@b-002f,"","","","","","","","","","","","","","","","","","","","",Bravo Chiller 1 Chilled Water dT (Auto-computed),"","","","","","","","",@b-002c,"","","","","","","","","","","","","","","",✓,"","","","","","",Number,"","","","","","","",✓,"","","","","","","","","","",@b-0000,✓,"",@b-0017,"","","","",Chicago,"","","","","","","","","","","","{cache, dataSyncDownSince:2020-03-12T01:00:04.793-04:00 New_York, dataSyncType:error, backgroundPoint}"
@b-0030,"","","","","","","",✓,"","",✓,"","","","",✓,"","","","",Bravo Chiller 1 Chiller 1 Setpoint,"","","","","","","","",@b-002c,"","","","","","","","","","","","","","","",✓,"","","","","","",Number,✓,"","","","","","",✓,"","","","","","","","","","",@b-0000,✓,"",@b-0017,"","",✓,"",Chicago,°F,"","","",✓,"","","","","","","{predictionConf:0.42372423437084655, sourcePointName:CH1_CHW_SP, dataSyncRecovered:2020-07-10T01:00:10.003-04:00 New_York, pointType:, inScope, backgroundPoint}"
@b-0031,"","","","","","","","","","",✓,"","","","",✓,"","","","",Bravo Chiller 1 Chiller Act. Capacity,"","","","","","","","",@b-002c,"","","","","","","","","","","","","","","",✓,"","","","","","",Number,"","","","","","","",✓,"","","","","","","",✓,"","",@b-0000,"","",@b-0017,"","","","",Chicago,%,"","","","","","","","","","","{act, precision:2, dataSyncRecovered:2020-07-10T01:00:10.995-04:00 New_York, backgroundPoint, capacity}"
@b-0032,"","","","","","","","","","",✓,✓,"","","",✓,"","","","",Bravo Chiller 1 Chiller Enable,"","","","","","","","",@b-002c,"","","","","","","","","","","","","","","",✓,"","","","","","",Bool,"","","","","","","",✓,"","","","","","",✓,"","","",@b-0000,"","",@b-0017,"","","","",Chicago,"","","","","","","","","","","","{predictionConf:0.2769995097894551, sourcePointName:CH1_Clr1Cmd, dataSyncRecovered:2020-07-10T01:00:10.87-04:00 New_York, inScope, backgroundPoint}"
@b-0033,"","","","","","","","","","",✓,"","","","",✓,"","","","",Bravo Chiller 1 Chiller Status,"","","","","","","","",@b-002c,"","","","","","","","","","","","","","","",✓,"","","","","","",Bool,"","","","","","","",✓,"","","","","","",✓,✓,"","",@b-0000,"","",@b-0017,"","","","",Chicago,"","","","","","","","","","","","{predictionConf:0.33026119584467384, sourcePointName:CH1_ChlrSts, dataSyncRecovered:2020-07-10T01:00:10.995-04:00 New_York, inScope, backgroundPoint}"
@b-0034,"","",✓,"","","","","","",@b-001e,✓,"","","","","","","","","",Bravo Chiller 2,"","","","","","","",✓,"","","","","","","","","","","","","","","","","","","","","","",✓,"","","","","","","","","","","","","","","","","","","",@b-0000,"","",@b-0017,"","","","","","","","","","","","","","","","","{designElecPower:180kW, designEfficiency:10.6EER, designSource:Drawings, designChilledWaterPower:160tonref, designChilledWaterLeavingTemp:44°F, designMake:Mcquay, designChilledWaterEnteringTemp:58°F, designChilledWaterDeltaPressure:18.61psi, designModel:AGS-160C, designChilledWaterFlow:275gal/min}"
@b-0035,"","","","","","","",✓,"","","","","","","",✓,"","","","",Bravo Chiller 2 Chilled Water Entering Temperature,"","","","","",✓,"","",@b-0034,"","","","","","","","","","","","","","","",✓,"","","","","","",Number,"","","","","","","",✓,"","","","","","","",✓,"","",@b-0000,"","",@b-0017,"","",✓,"",Chicago,°F,"","","",✓,"","","","","","","{predictionConf:0.38428817764444545, sourcePointName:CH2_EntChwTemp, dataSyncRecovered:2020-07-10T01:00:10.497-04:00 New_York, inScope, backgroundPoint}"
@b-0036,"","","","","","","",✓,"","","","","","","",✓,"","","","",Bravo Chiller 2 Chilled Water Leaving Temperature,"","","","","","","","",@b-0034,"","","","","","","","","","","","","","","",✓,"","","","","","",Number,✓,"","","","","","",✓,"","","","","","","",✓,"","",@b-0000,"","",@b-0017,"","",✓,"",Chicago,°F,"","","",✓,"","","","","","","{predictionConf:0.34916172794461753, sourcePointName:CH2_LeavChwTemp, dataSyncRecovered:2020-07-10T01:00:09.752-04:00 New_York, inScope, backgroundPoint}"
@b-0037,"","","","","","","","","","","","","","","","","","","","",Bravo Chiller 2 Chilled Water dT (Auto-computed),"","","","","","","","",@b-0034,"","","","","","","","","","","","","","","",✓,"","","","","","",Number,"","","","","","","",✓,"","","","","","","","","","",@b-0000,✓,"",@b-0017,"","","","",Chicago,"","","","","","","","","","","","{cache, dataSyncDownSince:2020-03-12T01:00:04.793-04:00 New_York, dataSyncType:error, backgroundPoint}"
@b-0038,"","","","","","","",✓,"","",✓,"","","","",✓,"","","","",Bravo Chiller 2 Chiller 2 Setpoint,"","","","","","","","",@b-0034,"","","","","","","","","","","","","","","",✓,"","","","","","",Number,✓,"","","","","","",✓,"","","","","","","","","","",@b-0000,✓,"",@b-0017,"","",✓,"",Chicago,°F,"","","",✓,"","","","","","","{predictionConf:0.42372423437084655, sourcePointName:CH2_CHW_SP, dataSyncRecovered:2020-07-10T01:00:10.374-04:00 New_York, pointType:, inScope, backgroundPoint}"
@b-0039,"","","","","","","","","","",✓,"","","","",✓,"","","","",Bravo Chiller 2 Chiller Act. Capacity,"","","","","","","","",@b-0034,"","","","","","","","","","","","","","","",✓,"","","","","","",Number,"","","","","","","",✓,"","","","","","","",✓,"","",@b-0000,"","",@b-0017,"","","","",Chicago,%,"","","","","","","","","","","{act, precision:2, dataSyncRecovered:2020-07-10T01:00:09.627-04:00 New_York, backgroundPoint, capacity}"
@b-003a,"","","","","","","","","","",✓,✓,"","","",✓,"","","","",Bravo Chiller 2 Chiller Enable,"","","","","","","","",@b-0034,"","","","","","","","","","","","","","","",✓,"","","","","","",Bool,"","","","","","","",✓,"","","","","","",✓,"","","",@b-0000,"","",@b-0017,"","","","",Chicago,"","","","","","","","","","","","{predictionConf:0.2769995097894551, sourcePointName:CH2_Clr1Cmd, dataSyncRecovered:2020-07-10T01:00:11.258-04:00 New_York, inScope, backgroundPoint}"
@b-003b,"","","","","","","","","","",✓,"","","","",✓,"","","","",Bravo Chiller 2 Chiller Status,"","","","","","","","",@b-0034,"","","","","","","","","","","","","","","",✓,"","","","","","",Bool,"","","","","","","",✓,"","","","","","",✓,✓,"","",@b-0000,"","",@b-0017,"","","","",Chicago,"","","","","","","","","","","","{predictionConf:0.33026119584467384, sourcePointName:CH2_ChlrSts, dataSyncRecovered:2020-07-14T01:00:05.167-04:00 New_York, inScope, backgroundPoint}"
@b-003c,"","","","","","","","","","","","","","","","","","","","",Bravo EF-1,"","","","","","","",✓,"","",✓,"","","","","","","","","","","","","","","","","","","",✓,"","","","","","","","","","","","","","","","","","","",@b-0000,"","",@b-00a4,"","","","","","","","","","","","","","","","",""
@b-003d,"","","","","","","","","","","",✓,"","","",✓,"","","","",Bravo EF-1 Exhaust Fan Enable,"","","","",✓,"","","",@b-003c,✓,✓,"","","","","","","","","","","","","",✓,"","","","","","",Bool,"","","","","","","",✓,"","","","","","","","","","",@b-0000,"","",@b-00a4,"","","","",Chicago,"","","","","","","","","","","","{sourcePointName:EFSS, dataSyncRecovered:2020-07-10T01:00:10.995-04:00 New_York, inScope, backgroundPoint}"
@b-003e,"","","","","","","","","","","","","","","",✓,"","","","",Bravo EF-1 Exhaust Fan Status,"","","","","","","","",@b-003c,✓,✓,"","","","","","","","","","","","","",✓,"","","","","","",Bool,"","","","","","","",✓,"","","","","","",✓,✓,"","",@b-0000,"","",@b-00a4,"","","","",Chicago,"","","","","","","","","","","","{dataSyncDownSince:2020-03-11T13:56:25.929-04:00 New_York, sourcePointName:EFStatus, dataSyncType:error, pointType:, inScope, backgroundPoint}"
@b-003f,"","","","","","","","","","","","","","","","","","","","",Bravo EF-10,"","","","","","","",✓,"","",✓,"","","","","","","","","","","","","","","","","","","",✓,"","","","","","","","","","","","","","","","","","","",@b-0000,"","",@b-00a4,"","","","","","","","","","","","","","","","",""
@b-0040,"","","","","","","","","","","",✓,"","","",✓,"","","","",Bravo EF-10 Exhaust Fan Enable,"","","","",✓,"","","",@b-003f,✓,✓,"","","","","","","","","","","","","",✓,"","","","","","",Bool,"","","","","","","",✓,"","","","","","","","","","",@b-0000,"","",@b-00a4,"","","","",Chicago,"","","","","","","","","","","","{sourcePointName:EFSS, dataSyncRecovered:2020-07-10T01:00:13.145-04:00 New_York, inScope, backgroundPoint}"
@b-0041,"","","","","","","","","","","","","","","",✓,"","","","",Bravo EF-10 Exhaust Fan Status,"","","","","","","","",@b-003f,✓,✓,"","","","","","","","","","","","","",✓,"","","","","","",Bool,"","","","","","","",✓,"","","","","","",✓,✓,"","",@b-0000,"","",@b-00a4,"","","","",Chicago,"","","","","","","","","","","","{dataSyncDownSince:2020-06-23T01:00:04.326-04:00 New_York, sourcePointName:EFStatus, dataSyncType:error, inScope, backgroundPoint}"
@b-0042,"","","","","","","","","","","","","","","","","","","","",Bravo EF-11,"","","","","","","",✓,"","",✓,"","","","","","","","","","","","","","","","","","","",✓,"","","","","","","","","","","","","","","","","","","",@b-0000,"","",@b-00a4,"","","","","","","","","","","","","","","","",""
@b-0043,"","","","","","","","","","","",✓,"","","",✓,"","","","",Bravo EF-11 Exhaust Fan Enable,"","","","",✓,"","","",@b-0042,✓,✓,"","","","","","","","","","","","","",✓,"","","","","","",Bool,"","","","","","","",✓,"","","","","","","","","","",@b-0000,"","",@b-00a4,"","","","",Chicago,"","","","","","","","","","","","{sourcePointName:EFSS, dataSyncRecovered:2020-07-10T01:00:11.258-04:00 New_York, inScope, backgroundPoint}"
@b-0044,"","","","","","","","","","","","","","","",✓,"","","","",Bravo EF-11 Exhaust Fan Status,"","","","","","","","",@b-0042,✓,✓,"","","","","","","","","","","","","",✓,"","","","","","",Bool,"","","","","","","",✓,"","","","","","",✓,✓,"","",@b-0000,"","",@b-00a4,"","","","",Chicago,"","","","","","","","","","","","{dataSyncDownSince:2020-03-11T13:56:25.945-04:00 New_York, sourcePointName:EFStatus, dataSyncType:error, inScope, backgroundPoint}"
@b-0045,"","","","","","","","","","","","","","","","","","","","",Bravo EF-12,"","","","","","","",✓,"","",✓,"","","","","","","","","","","","","","","","","","","",✓,"","","","","","","","","","","","","","","","","","","",@b-0000,"","",@b-00a4,"","","","","","","","","","","","","","","","",""
@b-0046,"","","","","","","","","","","",✓,"","","",✓,"","","","",Bravo EF-12 Exhaust Fan Enable,"","","","",✓,"","","",@b-0045,✓,✓,"","","","","","","","","","","","","",✓,"","","","","","",Bool,"","","","","","","",✓,"","","","","","","","","","",@b-0000,"","",@b-00a4,"","","","",Chicago,"","","","","","","","","","","","{sourcePointName:EFSS, dataSyncRecovered:2020-07-10T01:00:07.473-04:00 New_York, inScope, backgroundPoint}"
@b-0047,"","","","","","","","","","","","","","","",✓,"","","","",Bravo EF-12 Exhaust Fan Status,"","","","","","","","",@b-0045,✓,✓,"","","","","","","","","","","","","",✓,"","","","","","",Bool,"","","","","","","",✓,"","","","","","",✓,✓,"","",@b-0000,"","",@b-00a4,"","","","",Chicago,"","","","","","","","","","","","{dataSyncDownSince:2020-03-11T13:56:25.929-04:00 New_York, sourcePointName:EFStatus, dataSyncType:error, inScope, backgroundPoint}"
@b-0048,"","","","","","","","","","","","","","","","","","","","",Bravo EF-13,"","","","","","","",✓,"","",✓,"","","","","","","","","","","","","","","","","","","",✓,"","","","","","","","","","","","","","","","","","","",@b-0000,"","",@b-00a4,"","","","","","","","","","","","","","","","",""
@b-0049,"","","","","","","","","","","",✓,"","","",✓,"","","","",Bravo EF-13 Exhaust Fan Enable,"","","","",✓,"","","",@b-0048,✓,✓,"","","","","","","","","","","","","",✓,"","","","","","",Bool,"","","","","","","",✓,"","","","","","","","","","",@b-0000,"","",@b-00a4,"","","","",Chicago,"","","","","","","","","","","","{sourcePointName:EFSS, dataSyncRecovered:2020-07-10T01:00:10.497-04:00 New_York, inScope, backgroundPoint}"
@b-004a,"","","","","","","","","","","","","","","",✓,"","","","",Bravo EF-13 Exhaust Fan Status,"","","","","","","","",@b-0048,✓,✓,"","","","","","","","","","","","","",✓,"","","","","","",Bool,"","","","","","","",✓,"","","","","","",✓,✓,"","",@b-0000,"","",@b-00a4,"","","","",Chicago,"","","","","","","","","","","","{dataSyncDownSince:2020-03-11T13:56:25.929-04:00 New_York, sourcePointName:EFStatus, dataSyncType:error, inScope, backgroundPoint}"
@b-004b,"","","","","","","","","","","","","","","","","","","","",Bravo EF-14,"","","","","","","",✓,"","",✓,"","","","","","","","","","","","","","","","","","","",✓,"","","","","","","","","","","","","","","","","","","",@b-0000,"","",@b-00a4,"","","","","","","","","","","","","","","","",""
@b-004c,"","","","","","","","","","","",✓,"","","",✓,"","","","",Bravo EF-14 Exhaust Fan Enable,"","","","",✓,"","","",@b-004b,✓,✓,"","","","","","","","","","","","","",✓,"","","","","","",Bool,"","","","","","","",✓,"","","","","","","","","","",@b-0000,"","",@b-00a4,"","","","",Chicago,"","","","","","","","","","","","{sourcePointName:EFSS, dataSyncRecovered:2020-07-10T01:00:10.497-04:00 New_York, inScope, backgroundPoint}"
@b-004d,"","","","","","","","","","","","","","","",✓,"","","","",Bravo EF-14 Exhaust Fan Status,"","","","","","","","",@b-004b,✓,✓,"","","","","","","","","","","","","",✓,"","","","","","",Bool,"","","","","","","",✓,"","","","","","",✓,✓,"","",@b-0000,"","",@b-00a4,"","","","",Chicago,"","","","","","","","","","","","{dataSyncDownSince:2020-03-11T13:56:25.929-04:00 New_York, sourcePointName:EFStatus, dataSyncType:error, inScope, backgroundPoint}"
@b-004e,"","","","","","","","","","","","","","","","","","","","",Bravo EF-15,"","","","","","","",✓,"","",✓,"","","","","","","","","","","","","","","","","","","",✓,"","","","","","","","","","","","","","","","","","","",@b-0000,"","",@b-00a4,"","","","","","","","","","","","","","","","",""
@b-004f,"","","","","","","","","","","",✓,"","","",✓,"","","","",Bravo EF-15 Exhaust Fan Enable,"","","","",✓,"","","",@b-004e,✓,✓,"","","","","","","","","","","","","",✓,"","","","","","",Bool,"","","","","","","",✓,"","","","","","","","","","",@b-0000,"","",@b-00a4,"","","","",Chicago,"","","","","","","","","","","","{sourcePointName:EFSS, dataSyncRecovered:2020-07-10T01:00:09.752-04:00 New_York, inScope, backgroundPoint}"
@b-0050,"","","","","","","","","","","","","","","",✓,"","","","",Bravo EF-15 Exhaust Fan Status,"","","","","","","","",@b-004e,✓,✓,"","","","","","","","","","","","","",✓,"","","","","","",Bool,"","","","","","","",✓,"","","","","","",✓,✓,"","",@b-0000,"","",@b-00a4,"","","","",Chicago,"","","","","","","","","","","","{dataSyncDownSince:2020-03-11T13:56:25.929-04:00 New_York, sourcePointName:EFStatus, dataSyncType:error, inScope, backgroundPoint}"
@b-0051,"","","","","","","","","","","","","","","","","","","","",Bravo EF-16,"","","","","","","",✓,"","",✓,"","","","","","","","","","","","","","","","","","","",✓,"","","","","","","","","","","","","","","","","","","",@b-0000,"","",@b-00a4,"","","","","","","","","","","","","","","","",""
@b-0052,"","","","","","","","","","","",✓,"","","",✓,"","","","",Bravo EF-16 Exhaust Fan Enable,"","","","",✓,"","","",@b-0051,✓,✓,"","","","","","","","","","","","","",✓,"","","","","","",Bool,"","","","","","","",✓,"","","","","","","","","","",@b-0000,"","",@b-00a4,"","","","",Chicago,"","","","","","","","","","","","{sourcePointName:EFSS, dataSyncRecovered:2020-07-10T01:00:10.003-04:00 New_York, inScope, backgroundPoint}"
@b-0053,"","","","","","","","","","","","","","","",✓,"","","","",Bravo EF-16 Exhaust Fan Status,"","","","","","","","",@b-0051,✓,✓,"","","","","","","","","","","","","",✓,"","","","","","",Bool,"","","","","","","",✓,"","","","","","",✓,✓,"","",@b-0000,"","",@b-00a4,"","","","",Chicago,"","","","","","","","","","","","{dataSyncDownSince:2020-03-11T13:56:25.929-04:00 New_York, sourcePointName:EFStatus, dataSyncType:error, inScope, backgroundPoint}"
@b-0054,"","","","","","","","","","","","","","","","","","","","",Bravo EF-17,"","","","","","","",✓,"","",✓,"","","","","","","","","","","","","","","","","","","",✓,"","","","","","","","","","","","","","","","","","","",@b-0000,"","",@b-00a4,"","","","","","","","","","","","","","","","",""
@b-0055,"","","","","","","","","","","",✓,"","","",✓,"","","","",Bravo EF-17 Exhaust Fan Enable,"","","","",✓,"","","",@b-0054,✓,✓,"","","","","","","","","","","","","",✓,"","","","","","",Bool,"","","","","","","",✓,"","","","","","","","","","",@b-0000,"","",@b-00a4,"","","","",Chicago,"","","","","","","","","","","","{sourcePointName:EFSS, dataSyncRecovered:2020-07-10T01:00:10.745-04:00 New_York, inScope, backgroundPoint}"
@b-0056,"","","","","","","","","","","","","","","",✓,"","","","",Bravo EF-17 Exhaust Fan Status,"","","","","","","","",@b-0054,✓,✓,"","","","","","","","","","","","","",✓,"","","","","","",Bool,"","","","","","","",✓,"","","","","","",✓,✓,"","",@b-0000,"","",@b-00a4,"","","","",Chicago,"","","","","","","","","","","","{dataSyncDownSince:2020-03-11T13:56:25.945-04:00 New_York, sourcePointName:EFStatus, dataSyncType:error, inScope, backgroundPoint}"
@b-0057,"","","","","","","","","","","","","","","","","","","","",Bravo EF-18,"","","","","","","",✓,"","",✓,"","","","","","","","","","","","","","","","","","","",✓,"","","","","","","","","","","","","","","","","","","",@b-0000,"","",@b-00a4,"","","","","","","","","","","","","","","","",""
@b-0058,"","","","","","","","","","","","","","","",✓,"","","","",Bravo EF-18 Exhaust Fan Enable,"","","","",✓,"","STOP,On","",@b-0057,✓,✓,"","","","","","","","","","","","","",✓,"","","","","","",Bool,"","","","","","","",✓,"","","","","","","",✓,"","",@b-0000,"","",@b-00a4,"","","","",Chicago,"","","","","","","","","","","","{dataSyncRecovered:2020-07-10T01:00:10.745-04:00 New_York, backgroundPoint}"
@b-0059,"","","","","","","","","","","","","","","",✓,"","","","",Bravo EF-18 Exhaust Fan Status,"","","","","","","stateNul,Off,RUNNING","",@b-0057,✓,✓,"","","","","","","","","","","","","",✓,"","","","","","",Str,"","","","","","","",✓,"","","","","","",✓,✓,"","",@b-0000,"","",@b-00a4,"","","","",Chicago,"","","","","","","","","","","","{dataSyncRecovered:2020-07-10T01:00:10.497-04:00 New_York, backgroundPoint}"
@b-005a,"","","","","","","","","","","","","","","","","","","","",Bravo EF-19,"","","","","","","",✓,"","",✓,"","","","","","","","","","","","","","","","","","","",✓,"","","","","","","","","","","","","","","","","","","",@b-0000,"","",@b-00a4,"","","","","","","","","","","","","","","","",""
@b-005b,"","","","","","","","","","","","","","","",✓,"","","","",Bravo EF-19 Exhaust Fan Enable,"","","","",✓,"","STOP,On","",@b-005a,✓,✓,"","","","","","","","","","","","","",✓,"","","","","","",Bool,"","","","","","","",✓,"","","","","","","",✓,"","",@b-0000,"","",@b-00a4,"","","","",Chicago,"","","","","","","","","","","","{dataSyncRecovered:2020-07-10T01:00:13.145-04:00 New_York, backgroundPoint}"
@b-005c,"","","","","","","","","","","","","","","",✓,"","","","",Bravo EF-19 Exhaust Fan Status,"","","","","","","stateNul,Off,RUNNING","",@b-005a,✓,✓,"","","","","","","","","","","","","",✓,"","","","","","",Str,"","","","","","","",✓,"","","","","","",✓,✓,"","",@b-0000,"","",@b-00a4,"","","","",Chicago,"","","","","","","","","","","","{dataSyncRecovered:2020-07-10T01:00:07.598-04:00 New_York, backgroundPoint}"
@b-005d,"","","","","","","","","","","","","","","","","","","","",Bravo EF-2,"","","","","","","",✓,"","",✓,"","","","","","","","","","","","","","","","","","","",✓,"","","","","","","","","","","","","","","","","","","",@b-0000,"","",@b-00a4,"","","","","","","","","","","","","","","","",""
@b-005e,"","","","","","","","","","","",✓,"","","",✓,"","","","",Bravo EF-2 Exhaust Fan Enable,"","","","",✓,"","","",@b-005d,✓,✓,"","","","","","","","","","","","","",✓,"","","","","","",Bool,"","","","","","","",✓,"","","","","","","","","","",@b-0000,"","",@b-00a4,"","","","",Chicago,"","","","","","","","","","","","{sourcePointName:EFSS, dataSyncRecovered:2020-07-10T01:00:09.627-04:00 New_York, inScope, backgroundPoint}"
@b-005f,"","","","","","","","","","","","","","","",✓,"","","","",Bravo EF-2 Exhaust Fan Status,"","","","","","","","",@b-005d,✓,✓,"","","","","","","","","","","","","",✓,"","","","","","",Bool,"","","","","","","",✓,"","","","","","",✓,✓,"","",@b-0000,"","",@b-00a4,"","","","",Chicago,"","","","","","","","","","","","{dataSyncDownSince:2020-03-11T13:56:25.945-04:00 New_York, sourcePointName:EFStatus, dataSyncType:error, inScope, backgroundPoint}"
@b-0060,"","","","","","","","","","","","","","","","","","","","",Bravo EF-20,"","","","","","","",✓,"","",✓,"","","","","","","","","","","","","","","","","","","",✓,"","","","","","","","","","","","","","","","","","","",@b-0000,"","",@b-00a4,"","","","","","","","","","","","","","","","",""
@b-0061,"","","","","","","","","","","",✓,"","","",✓,"","","","",Bravo EF-20 Exhaust Fan Enable,"","","","",✓,"","","",@b-0060,✓,✓,"","","","","","","","","","","","","",✓,"","","","","","",Bool,"","","","","","","",✓,"","","","","","","","","","",@b-0000,"","",@b-00a4,"","","","",Chicago,"","","","","","","","","","","","{sourcePointName:EFSS, dataSyncRecovered:2020-07-10T01:00:10.497-04:00 New_York, inScope, backgroundPoint}"
@b-0062,"","","","","","","","","","","","","","","",✓,"","","","",Bravo EF-20 Exhaust Fan Status,"","","","","","","","",@b-0060,✓,✓,"","","","","","","","","","","","","",✓,"","","","","","",Bool,"","","","","","","",✓,"","","","","","",✓,✓,"","",@b-0000,"","",@b-00a4,"","","","",Chicago,"","","","","","","","","","","","{dataSyncDownSince:2020-03-11T13:56:25.945-04:00 New_York, sourcePointName:EFStatus, dataSyncType:error, inScope, backgroundPoint}"
@b-0063,"","","","","","","","","","","","","","","","","","","","",Bravo EF-21,"","","","","","","",✓,"","",✓,"","","","","","","","","","","","","","","","","","","",✓,"","","","","","","","","","","","","","","","","","","",@b-0000,"","",@b-00a4,"","","","","","","","","","","","","","","","",""
@b-0064,"","","","","","","","","","","","","","","",✓,"","","","",Bravo EF-21 Exhaust Fan Enable,"","","","",✓,"","STOP,On","",@b-0063,✓,✓,"","","","","","","","","","","","","",✓,"","","","","","",Bool,"","","","","","","",✓,"","","","","","","",✓,"","",@b-0000,"","",@b-00a4,"","","","",Chicago,"","","","","","","","","","","","{dataSyncRecovered:2020-07-10T01:00:07.473-04:00 New_York, backgroundPoint}"
@b-0065,"","","","","","","","","","","","","","","",✓,"","","","",Bravo EF-21 Exhaust Fan Status,"","","","","","","stateNul,Off,RUNNING","",@b-0063,✓,✓,"","","","","","","","","","","","","",✓,"","","","","","",Str,"","","","","","","",✓,"","","","","","",✓,✓,"","",@b-0000,"","",@b-00a4,"","","","",Chicago,"","","","","","","","","","","","{dataSyncRecovered:2020-07-10T01:00:11.258-04:00 New_York, backgroundPoint}"
@b-0066,"","","","","","","","","","","","","","","","","","","","",Bravo EF-22,"","","","","","","",✓,"","",✓,"","","","","","","","","","","","","","","","","","","",✓,"","","","","","","","","","","","","","","","","","","",@b-0000,"","",@b-00a4,"","","","","","","","","","","","","","","","",""
@b-0067,"","","","","","","","","","","","","","","",✓,"","","","",Bravo EF-22 Exhaust Fan Enable,"","","","",✓,"","STOP,On","",@b-0066,✓,✓,"","","","","","","","","","","","","",✓,"","","","","","",Bool,"","","","","","","",✓,"","","","","","","",✓,"","",@b-0000,"","",@b-00a4,"","","","",Chicago,"","","","","","","","","","","","{dataSyncRecovered:2020-07-10T01:00:07.598-04:00 New_York, backgroundPoint}"
@b-0068,"","","","","","","","","","","","","","","",✓,"","","","",Bravo EF-22 Exhaust Fan Status,"","","","","","","stateNul,Off,RUNNING","",@b-0066,✓,✓,"","","","","","","","","","","","","",✓,"","","","","","",Str,"","","","","","","",✓,"","","","","","",✓,✓,"","",@b-0000,"","",@b-00a4,"","","","",Chicago,"","","","","","","","","","","","{dataSyncRecovered:2020-07-10T01:00:10.374-04:00 New_York, backgroundPoint}"
@b-0069,"","","","","","","","","","","","","","","","","","","","",Bravo EF-23,"","","","","","","",✓,"","",✓,"","","","","","","","","","","","","","","","","","","",✓,"","","","","","","","","","","","","","","","","","","",@b-0000,"","",@b-00a4,"","","","","","","","","","","","","","","","",""
@b-006a,"","","","","","","","","","","",✓,"","","",✓,"","","","",Bravo EF-23 Exhaust Fan Enable,"","","","",✓,"","","",@b-0069,✓,✓,"","","","","","","","","","","","","",✓,"","","","","","",Bool,"","","","","","","",✓,"","","","","","","","","","",@b-0000,"","",@b-00a4,"","","","",Chicago,"","","","","","","","","","","","{sourcePointName:EF23SS, dataSyncRecovered:2020-07-10T01:00:13.145-04:00 New_York, inScope, backgroundPoint}"
@b-006b,"","","","","","","","","","","","","","","",✓,"","","","",Bravo EF-23 Exhaust Fan Status,"","","","","","","","",@b-0069,✓,✓,"","","","","","","","","","","","","",✓,"","","","","","",Bool,"","","","","","","",✓,"","","","","","",✓,✓,"","",@b-0000,"","",@b-00a4,"","","","",Chicago,"","","","","","","","","","","","{sourcePointName:EF23Status, dataSyncRecovered:2020-07-10T01:00:09.879-04:00 New_York, inScope, backgroundPoint}"
@b-006c,"","","","","","","","","","","","","","","","","","","","",Bravo EF-24,"","","","","","","",✓,"","",✓,"","","","","","","","","","","","","","","","","","","",✓,"","","","","","","","","","","","","","","","","","","",@b-0000,"","",@b-00a4,"","","","","","","","","","","","","","","","",""
@b-006d,"","","","","","","","","","","",✓,"","","",✓,"","","","",Bravo EF-24 Exhaust Fan Enable,"","","","",✓,"","","",@b-006c,✓,✓,"","","","","","","","","","","","","",✓,"","","","","","",Bool,"","","","","","","",✓,"","","","","","","","","","",@b-0000,"","",@b-00a4,"","","","",Chicago,"","","","","","","","","","","","{sourcePointName:EFSS, dataSyncRecovered:2020-07-10T01:00:09.879-04:00 New_York, inScope, backgroundPoint}"
@b-006e,"","","","","","","","","","","","","","","",✓,"","","","",Bravo EF-24 Exhaust Fan Status,"","","","","","","","",@b-006c,✓,✓,"","","","","","","","","","","","","",✓,"","","","","","",Bool,"","","","","","","",✓,"","","","","","",✓,✓,"","",@b-0000,"","",@b-00a4,"","","","",Chicago,"","","","","","","","","","","","{dataSyncDownSince:2020-03-11T13:56:25.929-04:00 New_York, sourcePointName:EFStatus, dataSyncType:error, inScope, backgroundPoint}"
@b-006f,"","","","","","","","","","","","","","","","","","","","",Bravo EF-25,"","","","","","","",✓,"","",✓,"","","","","","","","","","","","","","","","","","","",✓,"","","","","","","","","","","","","","","","","","","",@b-0000,"","",@b-00a4,"","","","","","","","","","","","","","","","",""
@b-0070,"","","","","","","","","","","","","","","",✓,"","","","",Bravo EF-25 Exhaust Fan Enable,"","","","",✓,"","STOP,On","",@b-006f,✓,✓,"","","","","","","","","","","","","",✓,"","","","","","",Bool,"","","","","","","",✓,"","","","","","","",✓,"","",@b-0000,"","",@b-00a4,"","","","",Chicago,"","","","","","","","","","","","{dataSyncRecovered:2020-07-10T01:00:10.003-04:00 New_York, backgroundPoint}"
@b-0071,"","","","","","","","","","","","","","","",✓,"","","","",Bravo EF-25 Exhaust Fan Status,"","","","","","","stateNul,Off,RUNNING","",@b-006f,✓,✓,"","","","","","","","","","","","","",✓,"","","","","","",Str,"","","","","","","",✓,"","","","","","",✓,✓,"","",@b-0000,"","",@b-00a4,"","","","",Chicago,"","","","","","","","","","","","{dataSyncRecovered:2020-07-10T01:00:10.003-04:00 New_York, backgroundPoint}"
@b-0072,"","","","","","","","","","","","","","","","","","","","",Bravo EF-26,"","","","","","","",✓,"","",✓,"","","","","","","","","","","","","","","","","","","",✓,"","","","","","","","","","","","","","","","","","","",@b-0000,"","",@b-00a4,"","","","","","","","","","","","","","","","",""
@b-0073,"","","","","","","","","","","",✓,"","","",✓,"","","","",Bravo EF-26 Exhaust Fan Enable,"","","","",✓,"","","",@b-0072,✓,✓,"","","","","","","","","","","","","",✓,"","","","","","",Bool,"","","","","","","",✓,"","","","","","","","","","",@b-0000,"","",@b-00a4,"","","","",Chicago,"","","","","","","","","","","","{sourcePointName:EFSS, dataSyncRecovered:2020-07-10T01:00:10.126-04:00 New_York, inScope, backgroundPoint}"
@b-0074,"","","","","","","","","","","","","","","",✓,"","","","",Bravo EF-26 Exhaust Fan Status,"","","","","","","","",@b-0072,✓,✓,"","","","","","","","","","","","","",✓,"","","","","","",Bool,"","","","","","","",✓,"","","","","","",✓,✓,"","",@b-0000,"","",@b-00a4,"","","","",Chicago,"","","","","","","","","","","","{sourcePointName:EFStatus, dataSyncRecovered:2020-07-10T01:00:10.374-04:00 New_York, inScope, backgroundPoint}"
@b-0075,"","","","","","","","","","","","","","","","","","","","",Bravo EF-27,"","","","","","","",✓,"","",✓,"","","","","","","","","","","","","","","","","","","",✓,"","","","","","","","","","","","","","","","","","","",@b-0000,"","",@b-00a4,"","","","","","","","","","","","","","","","",""
@b-0076,"","","","","","","","","","","",✓,"","","",✓,"","","","",Bravo EF-27 Exhaust Fan Enable,"","","","",✓,"","","",@b-0075,✓,✓,"","","","","","","","","","","","","",✓,"","","","","","",Bool,"","","","","","","",✓,"","","","","","","","","","",@b-0000,"","",@b-00a4,"","","","",Chicago,"","","","","","","","","","","","{sourcePointName:EFSS, dataSyncRecovered:2020-07-10T01:00:11.258-04:00 New_York, inScope, backgroundPoint}"
@b-0077,"","","","","","","","","","","","","","","",✓,"","","","",Bravo EF-27 Exhaust Fan Status,"","","","","","","","",@b-0075,✓,✓,"","","","","","","","","","","","","",✓,"","","","","","",Bool,"","","","","","","",✓,"","","","","","",✓,✓,"","",@b-0000,"","",@b-00a4,"","","","",Chicago,"","","","","","","","","","","","{sourcePointName:EFStatus, dataSyncRecovered:2020-07-10T01:00:07.473-04:00 New_York, inScope, backgroundPoint}"
@b-0078,"","","","","","","","","","","","","","","","","","","","",Bravo EF-28,"","","","","","","",✓,"","",✓,"","","","","","","","","","","","","","","","","","","",✓,"","","","","","","","","","","","","","","","","","","",@b-0000,"","",@b-00a4,"","","","","","","","","","","","","","","","",""
@b-0079,"","","","","","","","","","","","","","","",✓,"","","","",Bravo EF-28 Exhaust Fan Status,"","","","","","","","",@b-0078,✓,✓,"","","","","","","","","","","","","",✓,"","","","","","",Bool,"","","","","","","",✓,"","","","","","",✓,✓,"","",@b-0000,"","",@b-00a4,"","","","",Chicago,"","","","","","","","","","","","{sourcePointName:EF28Status, dataSyncRecovered:2020-07-10T01:00:07.598-04:00 New_York, inScope, backgroundPoint}"
@b-007a,"","","","","","","","","","","","","","","","","","","","",Bravo EF-3,"","","","","","","",✓,"","",✓,"","","","","","","","","","","","","","","","","","","",✓,"","","","","","","","","","","","","","","","","","","",@b-0000,"","",@b-00a4,"","","","","","","","","","","","","","","","",""
@b-007b,"","","","","","","","","","","",✓,"","","",✓,"","","","",Bravo EF-3 Exhaust Fan Enable,"","","","",✓,"","","",@b-007a,✓,✓,"","","","","","","","","","","","","",✓,"","","","","","",Bool,"","","","","","","",✓,"","","","","","","","","","",@b-0000,"","",@b-00a4,"","","","",Chicago,"","","","","","","","","","","","{sourcePointName:EFSS, dataSyncRecovered:2020-07-10T01:00:10.745-04:00 New_York, inScope, backgroundPoint}"
@b-007c,"","","","","","","","","","","","","","","",✓,"","","","",Bravo EF-3 Exhaust Fan Status,"","","","","","","","",@b-007a,✓,✓,"","","","","","","","","","","","","",✓,"","","","","","",Bool,"","","","","","","",✓,"","","","","","",✓,✓,"","",@b-0000,"","",@b-00a4,"","","","",Chicago,"","","","","","","","","","","","{sourcePointName:EFStatus, dataSyncRecovered:2020-07-10T01:00:10.003-04:00 New_York, inScope, backgroundPoint}"
@b-007d,"","","","","","","","","","","","","","","","","","","","",Bravo EF-4,"","","","","","","",✓,"","",✓,"","","","","","","","","","","","","","","","","","","",✓,"","","","","","","","","","","","","","","","","","","",@b-0000,"","",@b-00a4,"","","","","","","","","","","","","","","","",""
@b-007e,"","","","","","","","","","","",✓,"","","",✓,"","","","",Bravo EF-4 Exhaust Fan Enable,"","","","",✓,"","","",@b-007d,✓,✓,"","","","","","","","","","","","","",✓,"","","","","","",Bool,"","","","","","","",✓,"","","","","","","","","","",@b-0000,"","",@b-00a4,"","","","",Chicago,"","","","","","","","","","","","{sourcePointName:EFSS, dataSyncRecovered:2020-07-10T01:00:10.374-04:00 New_York, inScope, backgroundPoint}"
@b-007f,"","","","","","","","","","","","","","","",✓,"","","","",Bravo EF-4 Exhaust Fan Status,"","","","","","","","",@b-007d,✓,✓,"","","","","","","","","","","","","",✓,"","","","","","",Bool,"","","","","","","",✓,"","","","","","",✓,✓,"","",@b-0000,"","",@b-00a4,"","","","",Chicago,"","","","","","","","","","","","{dataSyncDownSince:2020-03-11T13:56:25.945-04:00 New_York, sourcePointName:EFStatus, dataSyncType:error, inScope, backgroundPoint}"
@b-0080,"","","","","","","","","","","","","","","","","","","","",Bravo EF-5,"","","","","","","",✓,"","",✓,"","","","","","","","","","","","","","","","","","","",✓,"","","","","","","","","","","","","","","","","","","",@b-0000,"","",@b-00a4,"","","","","","","","","","","","","","","","",""
@b-0081,"","","","","","","","","","","",✓,"","","",✓,"","","","",Bravo EF-5 Exhaust Fan Enable,"","","","",✓,"","","",@b-0080,✓,✓,"","","","","","","","","","","","","",✓,"","","","","","",Bool,"","","","","","","",✓,"","","","","","","","","","",@b-0000,"","",@b-00a4,"","","","",Chicago,"","","","","","","","","","","","{sourcePointName:EFSS, dataSyncRecovered:2020-07-10T01:00:10.87-04:00 New_York, inScope, backgroundPoint}"
@b-0082,"","","","","","","","","","","","","","","",✓,"","","","",Bravo EF-5 Exhaust Fan Status,"","","","","","","","",@b-0080,✓,✓,"","","","","","","","","","","","","",✓,"","","","","","",Bool,"","","","","","","",✓,"","","","","","",✓,✓,"","",@b-0000,"","",@b-00a4,"","","","",Chicago,"","","","","","","","","","","","{dataSyncDownSince:2020-03-11T13:56:25.929-04:00 New_York, sourcePointName:EFStatus, dataSyncType:error, inScope, backgroundPoint}"
@b-0083,"","","","","","","","","","","","","","","","","","","","",Bravo EF-6,"","","","","","","",✓,"","",✓,"","","","","","","","","","","","","","","","","","","",✓,"","","","","","","","","","","","","","","","","","","",@b-0000,"","",@b-00a4,"","","","","","","","","","","","","","","","",""
@b-0084,"","","","","","","","","","","",✓,"","","",✓,"","","","",Bravo EF-6 Exhaust Fan Enable,"","","","",✓,"","","",@b-0083,✓,✓,"","","","","","","","","","","","","",✓,"","","","","","",Bool,"","","","","","","",✓,"","","","","","","","","","",@b-0000,"","",@b-00a4,"","","","",Chicago,"","","","","","","","","","","","{sourcePointName:EFSS, dataSyncRecovered:2020-07-10T01:00:10.62-04:00 New_York, inScope, backgroundPoint}"
@b-0085,"","","","","","","","","","","","","","","",✓,"","","","",Bravo EF-6 Exhaust Fan Status,"","","","","","","","",@b-0083,✓,✓,"","","","","","","","","","","","","",✓,"","","","","","",Bool,"","","","","","","",✓,"","","","","","",✓,✓,"","",@b-0000,"","",@b-00a4,"","","","",Chicago,"","","","","","","","","","","","{dataSyncDownSince:2020-05-28T01:00:09.102-04:00 New_York, sourcePointName:EFStatus, dataSyncType:error, inScope, backgroundPoint}"
@b-0086,"","","","","","","","","","","","","","","","","","","","",Bravo EF-7,"","","","","","","",✓,"","",✓,"","","","","","","","","","","","","","","","","","","",✓,"","","","","","","","","","","","","","","","","","","",@b-0000,"","",@b-00a4,"","","","","","","","","","","","","","","","",""
@b-0087,"","","","","","","","","","","",✓,"","","",✓,"","","","",Bravo EF-7 Exhaust Fan Enable,"","","","",✓,"","","",@b-0086,✓,✓,"","","","","","","","","","","","","",✓,"","","","","","",Bool,"","","","","","","",✓,"","","","","","","","","","",@b-0000,"","",@b-00a4,"","","","",Chicago,"","","","","","","","","","","","{sourcePointName:EFSS, dataSyncRecovered:2020-07-10T01:00:07.598-04:00 New_York, inScope, backgroundPoint}"
@b-0088,"","","","","","","","","","","","","","","",✓,"","","","",Bravo EF-7 Exhaust Fan Status,"","","","","","","","",@b-0086,✓,✓,"","","","","","","","","","","","","",✓,"","","","","","",Bool,"","","","","","","",✓,"","","","","","",✓,✓,"","",@b-0000,"","",@b-00a4,"","","","",Chicago,"","","","","","","","","","","","{dataSyncDownSince:2020-03-11T13:56:25.929-04:00 New_York, sourcePointName:EFStatus, dataSyncType:error, inScope, backgroundPoint}"
@b-0089,"","","","","","","","","","","","","","","","","","","","",Bravo EF-8,"","","","","","","",✓,"","",✓,"","","","","","","","","","","","","","","","","","","",✓,"","","","","","","","","","","","","","","","","","","",@b-0000,"","",@b-00a4,"","","","","","","","","","","","","","","","",""
@b-008a,"","","","","","","","","","","",✓,"","","",✓,"","","","",Bravo EF-8 Exhaust Fan Enable,"","","","",✓,"","","",@b-0089,✓,✓,"","","","","","","","","","","","","",✓,"","","","","","",Bool,"","","","","","","",✓,"","","","","","","","","","",@b-0000,"","",@b-00a4,"","","","",Chicago,"","","","","","","","","","","","{sourcePointName:EFSS, dataSyncRecovered:2020-07-10T01:00:11.258-04:00 New_York, inScope, backgroundPoint}"
@b-008b,"","","","","","","","","","","","","","","",✓,"","","","",Bravo EF-8 Exhaust Fan Status,"","","","","","","","",@b-0089,✓,✓,"","","","","","","","","","","","","",✓,"","","","","","",Bool,"","","","","","","",✓,"","","","","","",✓,✓,"","",@b-0000,"","",@b-00a4,"","","","",Chicago,"","","","","","","","","","","","{dataSyncDownSince:2020-03-11T13:56:25.945-04:00 New_York, sourcePointName:EFStatus, dataSyncType:error, inScope, backgroundPoint}"
@b-008c,"","","","","","","","","","","","","","","","","","","","",Bravo EF-9,"","","","","","","",✓,"","",✓,"","","","","","","","","","","","","","","","","","","",✓,"","","","","","","","","","","","","","","","","","","",@b-0000,"","",@b-00a4,"","","","","","","","","","","","","","","","",""
@b-008d,"","","","","","","","","","","",✓,"","","",✓,"","","","",Bravo EF-9 Exhaust Fan Enable,"","","","",✓,"","","",@b-008c,✓,✓,"","","","","","","","","","","","","",✓,"","","","","","",Bool,"","","","","","","",✓,"","","","","","","","","","",@b-0000,"","",@b-00a4,"","","","",Chicago,"","","","","","","","","","","","{sourcePointName:EFSS, dataSyncRecovered:2020-07-10T01:00:10.745-04:00 New_York, inScope, backgroundPoint}"
@b-008e,"","","","","","","","","","","","","","","",✓,"","","","",Bravo EF-9 Exhaust Fan Status,"","","","","","","","",@b-008c,✓,✓,"","","","","","","","","","","","","",✓,"","","","","","",Bool,"","","","","","","",✓,"","","","","","",✓,✓,"","",@b-0000,"","",@b-00a4,"","","","",Chicago,"","","","","","","","","","","","{dataSyncDownSince:2020-07-02T01:00:04.305-04:00 New_York, sourcePointName:EFStatus, dataSyncType:error, pointType:, inScope, backgroundPoint}"
@b-008f,"","","","","","","","",✓,@b-001e,"","","","","","","","","",✓,Bravo FCU-1,"","","",✓,"","","",✓,"","","","",✓,"","","","","","","","","","","","","","","","","",✓,"","","","","","","","","","","","","","","","","",✓,"",@b-0000,"","",@b-00a3,"","","",✓,"","","","","","","","","","","",✓,""
@b-0090,"","","","","","","",✓,"","","","","",✓,"",✓,"","","","",Bravo FCU-1 Cooling Valve Output,"","","","","","","","",@b-008f,"","","","","","","","","","","","","","","",✓,"","","","","","",Number,"","","","","","","",✓,"","","","","","","",✓,"","",@b-0000,"","",@b-00a3,"","","","",Chicago,%,✓,"","",✓,"","","","","","","{sourcePointName:ChwVlv, dataSyncRecovered:2020-07-10T01:00:13.145-04:00 New_York, inScope, backgroundPoint}"
@b-0091,"","","","","","","","","","","","","","","",✓,"","","","",Bravo FCU-1 Heating Valve Output,"","","","","","","","",@b-008f,"","","","","","","","","","","","","",✓,"",✓,"","","","","","",Number,"","","","","","","",✓,"","","","","","","",✓,"","",@b-0000,"","",@b-00a3,"","","","",Chicago,%,✓,"","","","","","","","","","{precision:0, dataSyncRecovered:2020-07-10T01:00:09.627-04:00 New_York, backgroundPoint}"
@b-0092,"",✓,"","","","","","","","","","","","","",✓,"","","","",Bravo FCU-1 Zone Temperature,"","","","","","","","",@b-008f,"","","","","","","","","","","","","","","",✓,"","","","","","",Number,"","","","","","","",✓,"","","","","","","",✓,"","",@b-0000,"","",@b-00a3,"","",✓,"",Chicago,°F,"","","","","","","","","",✓,"{sourcePointName:SpcTemp, dataSyncRecovered:2020-07-10T01:00:10.003-04:00 New_York, inScope, backgroundPoint}"
@b-0093,"",✓,"","","","","","","","","","","","","",✓,"","","","",Bravo FCU-1 Zone Temperature Setpoint,"","","","","","","","",@b-008f,"","","","","","","","","","","","","","","",✓,"","","","","","",Number,"",327,-273,"","","","",✓,"","","","","","","","","","",@b-0000,✓,"",@b-00a3,"","",✓,"",Chicago,°F,"","","","","","","","","",✓,"{precision:2, dataSyncRecovered:2020-07-10T01:00:10.87-04:00 New_York, backgroundPoint}"
@b-0094,"","","","","","","","",✓,@b-001e,"","","","","","","","","",✓,Bravo FCU-2,"","","",✓,"","","",✓,"","","","",✓,"","","","","","","","","","","","","","","","","",✓,"","","","","","","","","","","","","","","","","",✓,"",@b-0000,"","",@b-00a3,"","","",✓,"","","","","","","","","","","",✓,""
@b-0095,"","","","","","","",✓,"","","","","",✓,"",✓,"","","","",Bravo FCU-2 Cooling Valve Output,"","","","","","","","",@b-0094,"","","","","","","","","","","","","","","",✓,"","","","","","",Number,"","","","","","","",✓,"","","","","","","",✓,"","",@b-0000,"","",@b-00a3,"","","","",Chicago,%,✓,"","",✓,"","","","","","","{sourcePointName:ChwVlv, dataSyncRecovered:2020-07-10T01:00:10.745-04:00 New_York, inScope, backgroundPoint}"
@b-0096,"","","","","","","","","","","","","","","",✓,"","","","",Bravo FCU-2 Heating Valve Output,"","","","","","","","",@b-0094,"","","","","","","","","","","","","",✓,"",✓,"","","","","","",Number,"","","","","","","",✓,"","","","","","","",✓,"","",@b-0000,"","",@b-00a3,"","","","",Chicago,%,✓,"","","","","","","","","","{precision:0, dataSyncRecovered:2020-07-10T01:00:11.258-04:00 New_York, backgroundPoint}"
@b-0097,"",✓,"","","","","","","","","","","","","",✓,"","","","",Bravo FCU-2 Zone Temperature,"","","","","","","","",@b-0094,"","","","","","","","","","","","","","","",✓,"","","","","","",Number,"","","","","","","",✓,"","","","","","","",✓,"","",@b-0000,"","",@b-00a3,"","",✓,"",Chicago,°F,"","","","","","","","","",✓,"{sourcePointName:SpcTemp, dataSyncRecovered:2020-07-10T01:00:10.995-04:00 New_York, inScope, backgroundPoint}"
@b-0098,"",✓,"","","","","","","","","","","","","",✓,"","","","",Bravo FCU-2 Zone Temperature Setpoint,"","","","","","","","",@b-0094,"","","","","","","","","","","","","","","",✓,"","","","","","",Number,"",327,-273,"","","","",✓,"","","","","","","","","","",@b-0000,✓,"",@b-00a3,"","",✓,"",Chicago,°F,"","","","","","","","","",✓,"{precision:2, dataSyncRecovered:2020-07-10T01:00:10.126-04:00 New_York, backgroundPoint}"
@b-0099,"","","","","","","","",✓,@b-001e,"","","","","","","","","",✓,Bravo FCU-3,"","","",✓,"","","",✓,"","","","",✓,"","","","","","","","","","","","","","","","","",✓,"","","","","","","","","","","","","","","","","",✓,"",@b-0000,"","",@b-00a3,"","","",✓,"","","","","","","","","","","",✓,""
@b-009a,"","","","","","","",✓,"","","","","",✓,"",✓,"","","","",Bravo FCU-3 Cooling Valve Output,"","","","","","","","",@b-0099,"","","","","","","","","","","","","","","",✓,"","","","","","",Number,"","","","","","","",✓,"","","","","","","",✓,"","",@b-0000,"","",@b-00a3,"","","","",Chicago,%,✓,"","",✓,"","","","","","","{sourcePointName:ChwVlv, dataSyncRecovered:2020-07-10T01:00:09.627-04:00 New_York, inScope, backgroundPoint}"
@b-009b,"","","","","","","","","","","","","","","",✓,"","","","",Bravo FCU-3 Heating Valve Output,"","","","","","","","",@b-0099,"","","","","","","","","","","","","",✓,"",✓,"","","","","","",Number,"","","","","","","",✓,"","","","","","","",✓,"","",@b-0000,"","",@b-00a3,"","","","",Chicago,%,✓,"","","","","","","","","","{precision:0, dataSyncRecovered:2020-07-10T01:00:09.752-04:00 New_York, backgroundPoint}"
@b-009c,"",✓,"","","","","","","","","","","","","",✓,"","","","",Bravo FCU-3 Zone Temperature,"","","","","","","","",@b-0099,"","","","","","","","","","","","","","","",✓,"","","","","","",Number,"","","","","","","",✓,"","","","","","","",✓,"","",@b-0000,"","",@b-00a3,"","",✓,"",Chicago,°F,"","","","","","","","","",✓,"{sourcePointName:SpcTemp, dataSyncRecovered:2020-07-10T01:00:09.752-04:00 New_York, inScope, backgroundPoint}"
@b-009d,"",✓,"","","","","","","","","","","","","",✓,"","","","",Bravo FCU-3 Zone Temperature Setpoint,"","","","","","","","",@b-0099,"","","","","","","","","","","","","","","",✓,"","","","","","",Number,"",327,-273,"","","","",✓,"","","","","","","","","","",@b-0000,✓,"",@b-00a3,"","",✓,"",Chicago,°F,"","","","","","","","","",✓,"{precision:2, dataSyncRecovered:2020-07-10T01:00:10.995-04:00 New_York, backgroundPoint}"
@b-009e,"","","","","","","","",✓,@b-001e,"","","","","","","","","",✓,Bravo FCU-4,"","","",✓,"","","",✓,"","","","",✓,"","","","","","","","","","","","","","","","","",✓,"","","","","","","","","","","","","","","","","",✓,"",@b-0000,"","",@b-00a3,"","","",✓,"","","","","","","","","","","",✓,""
@b-009f,"","","","","","","",✓,"","","","","",✓,"",✓,"","","","",Bravo FCU-4 Cooling Valve Output,"","","","","","","","",@b-009e,"","","","","","","","","","","","","","","",✓,"","","","","","",Number,"","","","","","","",✓,"","","","","","","",✓,"","",@b-0000,"","",@b-00a3,"","","","",Chicago,%,✓,"","",✓,"","","","","","","{sourcePointName:ChwVlv, dataSyncRecovered:2020-07-10T01:00:10.62-04:00 New_York, inScope, backgroundPoint}"
@b-00a0,"","","","","","","","","","","","","","","",✓,"","","","",Bravo FCU-4 Heating Valve Output,"","","","","","","","",@b-009e,"","","","","","","","","","","","","",✓,"",✓,"","","","","","",Number,"","","","","","","",✓,"","","","","","","",✓,"","",@b-0000,"","",@b-00a3,"","","","",Chicago,%,✓,"","","","","","","","","","{precision:0, dataSyncRecovered:2020-07-10T01:00:10.62-04:00 New_York, backgroundPoint}"
@b-00a1,"",✓,"","","","","","","","","","","","","",✓,"","","","",Bravo FCU-4 Zone Temperature,"","","","","","","","",@b-009e,"","","","","","","","","","","","","","","",✓,"","","","","","",Number,"","","","","","","",✓,"","","","","","","",✓,"","",@b-0000,"","",@b-00a3,"","",✓,"",Chicago,°F,"","","","","","","","","",✓,"{sourcePointName:SpcTemp, dataSyncRecovered:2020-07-10T01:00:09.752-04:00 New_York, inScope, backgroundPoint}"
@b-00a2,"",✓,"","","","","","","","","","","","","",✓,"","","","",Bravo FCU-4 Zone Temperature Setpoint,"","","","","","","","",@b-009e,"","","","","","","","","","","","","","","",✓,"","","","","","",Number,"",327,-273,"","","","",✓,"","","","","","","","","","",@b-0000,✓,"",@b-00a3,"","",✓,"",Chicago,°F,"","","","","","","","","",✓,"{precision:2, dataSyncRecovered:2020-07-10T01:00:09.752-04:00 New_York, backgroundPoint}"
@b-00a3,"","","","","","","","","","","","","","","","","","","","",Bravo FCUs,"","","","","","","","","","","","","","","","","","","","","","","","","","","","","","","","","","","","","","","","","","","","","","","","","","",@b-0000,"",✓,"","","","","","","","","","","","","","","","","",{equipType}
@b-00a4,"","","","","","","","","","","","","","","","","","","","",Bravo Fans,"","","","","","","","","","","","","","","","","","","","","","","","","","","","","","","","","","","","","","","","","","","","","","","","","","",@b-0000,"",✓,"","","","","","","","","","","","","","","","","",{equipType}
@b-00a5,"","","","","","","","","","","","","","","","","","","","",Bravo HHW Pump 1,"","","","","","","",✓,"","","","","","","","","","","","","","","","","",✓,"","","","",✓,"","","","","","","","","","","","",✓,"","","","","","",@b-0000,"","",@b-00ab,"","","","","","","","","",✓,"","","","","","",""
@b-00a6,"","","","","","","","","","","","","","","",✓,"","","","",Bravo HHW Pump 1 HHW Pump Status,"","","","","","","false,true","",@b-00a5,"","","","","","","","","","","","","","","",✓,✓,"","","","","",Bool,"","","","","","","",✓,"","","",✓,"","","",✓,"","",@b-0000,"","",@b-00ab,"","","","",Chicago,"","","","",✓,"","","","","","","{dataSyncRecovered:2020-07-10T01:00:10.995-04:00 New_York, backgroundPoint, status}"
@b-00a7,"","","","","","","","","","","","","","","",✓,"","","","",Bravo HHW Pump 1 HHW Pump VFD Speed,"","","","","","","","",@b-00a5,"","","","","","","","","","","","","","","",✓,✓,"","","","","",Number,"","","","","","","",✓,"","","",✓,"","","",✓,"","",@b-0000,"","",@b-00ab,✓,"","","",Chicago,"","","","",✓,"","","","","","","{precision:2, dataSyncRecovered:2020-07-10T01:00:10.497-04:00 New_York, backgroundPoint}"
@b-00a8,"","","","","","","","","","","","","","","","","","","","",Bravo HHW Pump 2,"","","","","","","",✓,"","","","","","","","","","","","","","","","","",✓,"","","","",✓,"","","","","","","","","","","","",✓,"","","","","","",@b-0000,"","",@b-00ab,"","","","","","","","","",✓,"","","","","","",""
@b-00a9,"","","","","","","","","","","","","","","",✓,"","","","",Bravo HHW Pump 2 HHW Pump Status,"","","","","","","false,true","",@b-00a8,"","","","","","","","","","","","","","","",✓,✓,"","","","","",Bool,"","","","","","","",✓,"","","",✓,"","","",✓,"","",@b-0000,"","",@b-00ab,"","","","",Chicago,"","","","",✓,"","","","","","","{dataSyncRecovered:2020-07-10T01:00:10.374-04:00 New_York, backgroundPoint, status}"
@b-00aa,"","","","","","","","","","","","","","","",✓,"","","","",Bravo HHW Pump 2 HHW Pump VFD Speed,"","","","","","","","",@b-00a8,"","","","","","","","","","","","","","","",✓,✓,"","","","","",Number,"","","","","","","",✓,"","","",✓,"","","",✓,"","",@b-0000,"","",@b-00ab,✓,"","","",Chicago,"","","","",✓,"","","","","","","{precision:2, dataSyncRecovered:2020-07-10T01:00:10.62-04:00 New_York, backgroundPoint}"
@b-00ab,"","","","","","","","","","","","","","","","","","","","",Bravo HW System,"","","","","","","","","","","","","","","","","","","","","","","","","","","","","","","","","","","","","","","","","","","","","","","","","","",@b-0000,"",✓,"","","","","","","","","","","","","","","","","",{equipType}
@b-00ac,✓,"","","","","","","",✓,"","","","","","","","","","","",Bravo RTU-1,"","","","","","","",✓,"","","","","","","","","","","","","","","","","","",✓,"","","",✓,"","","","","","","","","","","","","","",✓,"","",✓,"",@b-0000,"","",@b-0135,"","","","","","","","",✓,"","","","","","","","{designDischargeAirFlow:15300cfm, steamHumidifier, designHotWaterLeavingTemp:65°F, designHotWaterPower:145MMBTU/h, designOutsideAirFlowMin:3500cfm, designDischargeFanAirDeltaPressure:7.04inH₂O, designSource:Drawings, designChilledWaterLeavingTemp:59°F, designChilledWaterPower:722.3MMBTU/h, designHotWaterFlow:24.1gal/min, designChilledWaterFlow:96.4gal/min, designReturnAirFlow:15300cfm, designHotWaterEnteringTemp:75°F, designOutsideAirFlow:15300cfm, designReturnFanPower:15hp, designChilledWaterEnteringTemp:44°F, designDischargeFanPower:40hp, designReturnFanAirDeltaPressure:1.66inH₂O}"
@b-00ad,"","","","","","","","","","","","",✓,"","","","","","","",Bravo RTU-1 AHU Operation Mode,"","","","","","","","",@b-00ac,"","","","","","","","","","","","","","","",✓,"","","","","","",Str,"","","","","","","",✓,"","","","","","","",✓,"","",@b-0000,"","",@b-0135,"","","","",Chicago,"","","","","","","","","","","","{mode, dataSyncRecovered:2020-07-14T01:00:05.167-04:00 New_York, backgroundPoint}"
@b-00ae,"","","","","","","",✓,"","","",✓,"",✓,"",✓,"","","","",Bravo RTU-1 Cooling Valve Output,"","","","","","","","",@b-00ac,"","","","","","","","","","","","","","","",✓,"","","","","","",Number,"","","","","","","",✓,"","","","","","","","","","",@b-0000,"","",@b-0135,"","","","",Chicago,%,✓,"","",✓,"","","","","","","{sourcePointName:CWV, dataSyncRecovered:2020-07-10T01:00:10.126-04:00 New_York, inScope, backgroundPoint}"
@b-00af,"",✓,"","","","","","","","","","","","","",✓,✓,"","","",Bravo RTU-1 Exhaust Air Damper Output,"","","","","","","","",@b-00ac,✓,"","","","","","","","","","","","","","",✓,"","","","","","",Number,"","","","","","","",✓,"","","","","","","",✓,"","",@b-0000,"","",@b-0135,"","","","",Chicago,%,"","","","","","","","","","","{sourcePointName:EAD, dataSyncRecovered:2020-07-10T01:00:10.745-04:00 New_York, inScope, backgroundPoint}"
@b-00b0,"","","","","","","","","","","","","","","","","","","","",Bravo RTU-1 Fan Power (Auto-computed),"","","","","","","","",@b-00ac,"","","","","","","","","","","","","","","",✓,"","","","","","",Number,"","","","","","","",✓,"","","","","","","","","","",@b-0000,✓,"","","","","","",Chicago,"","","","","","","","","","","","{cache, dataSyncDownSince:2020-04-09T01:00:02.664-04:00 New_York, dataSyncType:error, backgroundPoint}"
@b-00b1,"","","","","","","","","","","","","","","","","","","","",Bravo RTU-1 Heating/Cooling Load (Auto-computed),"","","","","","","","",@b-00ac,"","","","","","","","","","","","","","","",✓,"","","","","","",Number,"","","","","","","",✓,"","","","","","","","","","",@b-0000,✓,"",@b-0135,"","","","",Chicago,BTU/h,"","","","","","","","","","","{cache, dataSyncRecovered:2020-07-14T01:00:05.167-04:00 New_York, backgroundPoint}"
@b-00b2,"","","","","","","","","","","",✓,"","","",✓,"","","","",Bravo RTU-1 Humidifier Enable,"","","","",✓,"","","",@b-00ac,"","","","","","","","","","","","","","","",✓,"","","",✓,"","",Bool,"","","","","","","",✓,"","","","","","","","","","",@b-0000,"","",@b-0135,"","","","",Chicago,"","","","","","","","","","","","{sourcePointName:HUM_ENABLE, dataSyncRecovered:2020-07-10T01:00:10.374-04:00 New_York, inScope, backgroundPoint}"
@b-00b3,"","","","","","","","","","","",✓,"","","",✓,"","","","",Bravo RTU-1 Humidifier Output,"","","","","","","","",@b-00ac,"","","","","","","","","","","","","","","",✓,"","","",✓,"","",Number,"","","","","","","",✓,"","","","","","","","","","",@b-0000,"","",@b-0135,"",✓,"","",Chicago,%,✓,"","","","","","","","","","{sourcePointName:HUM VLV, dataSyncRecovered:2020-07-10T01:00:10.87-04:00 New_York, inScope, backgroundPoint}"
@b-00b4,"","","","","","","","","","","",✓,✓,"","","",✓,"","","",Bravo RTU-1 Max Damper Position,"","","","","","","","",@b-00ac,"","","","","","","","","","","","","","","",✓,"","","","","","",Number,"","","","","","","",✓,"","","","","","","","","","",@b-0000,"","",@b-0135,"","","","",Chicago,%,"","","","","","","","","","","{max, dataSyncRecovered:2020-07-14T01:00:05.167-04:00 New_York, backgroundPoint}"
@b-00b5,"",✓,"","","","","","","","","","","","","",✓,"","","","",Bravo RTU-1 Min Outdoor Air Flow Setpoint,"","","","","","","","",@b-00ac,"","","","",✓,"","","","","","","","","","",✓,"","","","","","",Number,"","","","",✓,"","",✓,"","","","","","","","","","",@b-0000,✓,"",@b-0135,"","","","",Chicago,%,"","","","","","","","","","","{min, sourcePointName:MinOA_SP, dataSyncRecovered:2020-07-10T01:00:10.249-04:00 New_York, pointType:, inScope, backgroundPoint}"
@b-00b6,"",✓,"","","","","","","","","","","","","",✓,"","","","",Bravo RTU-1 Min Outdoor Air Flow/10,"","","","","","","","",@b-00ac,"","","","",✓,"","","","","","","","","","",✓,"","","","","","",Number,"","","","",✓,"","",✓,"","","","","","","",✓,"","",@b-0000,"","",@b-0135,"","","","",Chicago,cfm,"","","","","","","","","","","{min, sourcePointName:MIN OA CFM / 10, dataSyncRecovered:2020-07-10T01:00:10.003-04:00 New_York, inScope, backgroundPoint}"
@b-00b7,"",✓,"","","","","","","","","","","","","",✓,✓,"","","",Bravo RTU-1 Minimum Outside Air Damper Output,"","","","","","","","",@b-00ac,"","","","","","","","","","","","","","","",✓,"","","","","","",Number,"","","","","","","",✓,"","","","","","","",✓,"","",@b-0000,"","",@b-0135,"","","","",Chicago,%,"","","","","","","","","","","{sourcePointName:Min OAD, dataSyncRecovered:2020-07-10T01:00:07.598-04:00 New_York, inScope, outsideMin, backgroundPoint}"
@b-00b8,"",✓,"","","","","","","","","","","","","",✓,"","","","",Bravo RTU-1 Mixed Air Temperature,"","","","","","","","",@b-00ac,"","","","","","","","","","","","","","","",✓,"","","","","","",Number,"","","",✓,"","","",✓,"","","","","","","",✓,"","",@b-0000,"","",@b-0135,"","",✓,"",Chicago,°F,"","","","","","","","","","","{sourcePointName:MAT, dataSyncRecovered:2020-07-10T01:00:10.745-04:00 New_York, inScope, backgroundPoint}"
@b-00b9,"",✓,"","","","","","","","","","","","","",✓,"","","","",Bravo RTU-1 Mixed Air Temperature Setpoint,"","","","","","","","",@b-00ac,"","","","","","","","","","","","","","","",✓,"","","","","","",Number,"","","",✓,"","","",✓,"","","","","","","","","","",@b-0000,✓,"",@b-0135,"","",✓,"",Chicago,°F,"","","","","","","","","","","{sourcePointName:MAT STPT, dataSyncRecovered:2020-07-10T01:00:10.003-04:00 New_York, inScope, backgroundPoint}"
@b-00ba,"",✓,"","","","","","","","","",✓,"","","",✓,✓,"","","",Bravo RTU-1 Outside Air Damper Output,"","","","","","","","",@b-00ac,"","","","","","","","","","","","","","","",✓,"","","","","","",Number,"","","","",✓,"","",✓,"","","","","","","","","","",@b-0000,"","",@b-0135,"","","","",Chicago,%,"","","","","","","","","","","{sourcePointName:OAD, dataSyncRecovered:2020-07-10T01:00:10.249-04:00 New_York, inScope, backgroundPoint}"
@b-00bb,"",✓,"","","","","","","","","","","","","",✓,"","","","",Bravo RTU-1 Outside Air Flow,"","","","","","","","",@b-00ac,"","","","",✓,"","","","","","","","","","",✓,"","","","","","",Number,"","","","",✓,"","",✓,"","","","","","","",✓,"","",@b-0000,"","",@b-0135,"","","","",Chicago,cfm,"","","","","","","","","","","{sourcePointName:OA CFM, dataSyncRecovered:2020-07-10T01:00:10.745-04:00 New_York, inScope, backgroundPoint}"
@b-00bc,"","","","","","","","","","","","","","","","","","","","",Bravo RTU-1 Outside Air Percentage (Auto-computed),"","","","","","","","",@b-00ac,"","","","","","","","","","","","","","","",✓,"","","","","","",Number,"","","","","","","",✓,"","","","","","","","","","",@b-0000,✓,"","","","","","",Chicago,"","","","","","","","","","","","{cache, dataSyncDownSince:2020-04-09T01:00:02.656-04:00 New_York, dataSyncType:error, backgroundPoint}"
@b-00bd,"",✓,"","","","","","","","","","",✓,"","","","","","","",Bravo RTU-1 Percent Outside Air,"","","","","","","","",@b-00ac,"","","","","","","","","","","","","","","",✓,"","","","","","",Number,"","","","",✓,"","",✓,"","","","","","","",✓,"","",@b-0000,"","",@b-0135,"","",✓,"",Chicago,%,"","","","","","","","","","","{dataSyncRecovered:2020-07-14T01:00:05.167-04:00 New_York, backgroundPoint}"
@b-00be,"",✓,"","","","","","","","","","","","","",✓,✓,"","","",Bravo RTU-1 Return Air Damper Output,"","","","","","","","",@b-00ac,"","","","","","","","","","","","","","","",✓,"","","","","","",Number,"","","","","","","",✓,"","","","",✓,"","",✓,"","",@b-0000,"","",@b-0135,"","","","",Chicago,%,"","","","","","","","","","","{sourcePointName:RET/REL DAMPER, dataSyncRecovered:2020-07-10T01:00:11.125-04:00 New_York, inScope, backgroundPoint}"
@b-00bf,"",✓,"","","","","","","","","","","","","",✓,"","","","",Bravo RTU-1 Return Air Flow,"","","","","","","","",@b-00ac,"","","","",✓,"","","","","","","","","","",✓,"","","","","","",Number,"","","","","","","",✓,"","","","",✓,"","",✓,"","",@b-0000,"","",@b-0135,"","","","",Chicago,cfm,"","","","","","","","","","","{sourcePointName:RA CFM, dataSyncRecovered:2020-07-10T01:00:10.374-04:00 New_York, inScope, backgroundPoint}"
@b-00c0,"",✓,"","","","","","","","","","","","","",✓,"","","","",Bravo RTU-1 Return Air Humidity,"","","","","","","","",@b-00ac,"","","","","","","","","","","","","","","",✓,"","","","",✓,"",Number,"","","","","","","",✓,"","","","",✓,"","",✓,"","",@b-0000,"","",@b-0135,"","","","",Chicago,%,"","","","","","","","","","","{sourcePointName:RAH, dataSyncRecovered:2020-07-10T01:00:09.627-04:00 New_York, inScope, backgroundPoint}"
@b-00c1,"",✓,"","","","","","","","","","","","","",✓,"","","","",Bravo RTU-1 Return Air Temperature,"","","","","","","","",@b-00ac,"","","","","","","","","","","","","","","",✓,"","","","","","",Number,"","","","","","","",✓,"","","","",✓,"","",✓,"","",@b-0000,"","",@b-0135,"","",✓,"",Chicago,°F,"","","","","","","","","","","{sourcePointName:RAT, dataSyncRecovered:2020-07-10T01:00:11.258-04:00 New_York, inScope, backgroundPoint}"
@b-00c2,"",✓,"","","","","","","","","","","","","",✓,"","","","",Bravo RTU-1 Return Fan Status,"","","","","","","","",@b-00ac,"",✓,"","","","","","","","","","","","","",✓,"","","","","","",Bool,"","","","","","","",✓,"","","","",✓,"",✓,✓,"","",@b-0000,"","",@b-0135,"","","","",Chicago,"","","","","","","","","","","","{sourcePointName:RF FAN STATUS, dataSyncRecovered:2020-07-10T01:00:10.995-04:00 New_York, inScope, backgroundPoint}"
@b-00c3,"",✓,"","","","","","","","","","","","","",✓,"","","","",Bravo RTU-1 Return Fan VFD Speed,"","","","","","","","",@b-00ac,"",✓,"","","","","","","","","","","","","",✓,"","","","","","",Number,"","","","","","","",✓,"","","","",✓,"","",✓,"","",@b-0000,"","",@b-0135,✓,"","","",Chicago,%,"","","","","","","","","","","{sourcePointName:ACT_OUTPUT_SPEED, dataSyncRecovered:2020-07-10T01:00:07.721-04:00 New_York, inScope, backgroundPoint}"
@b-00c4,"",✓,"","","","","","","","","","","","","",✓,"","","","",Bravo RTU-1 Supply Air Flow,✓,"","","","","","","",@b-00ac,"","","","",✓,"","","","","","","","","","",✓,"","","","","","",Number,"","","","","","","",✓,"","","","","","","",✓,"","",@b-0000,"","",@b-0135,"","","","",Chicago,cfm,"","","","","","","","","","","{sourcePointName:SA CFM, dataSyncRecovered:2020-07-10T01:00:10.745-04:00 New_York, inScope, backgroundPoint}"
@b-00c5,"",✓,"","","","","","","","","","","","","",✓,"","","","",Bravo RTU-1 Supply Air Humidity,✓,"","","","","","","",@b-00ac,"","","","","","","","","","","","","","","",✓,"","","","",✓,"",Number,"","","","","","","",✓,sensor,"","","","","","",✓,"","",@b-0000,"","",@b-0135,"","","","",Chicago,%,"","","","","","","","","","","{sourcePointName:DAH, dataSyncRecovered:2020-07-10T01:00:09.879-04:00 New_York, inScope, backgroundPoint}"
@b-00c6,"",✓,"","","","","","","","","","","","","",✓,"","","","",Bravo RTU-1 Supply Air Humidity Setpoint,✓,"","","","","","","",@b-00ac,"","","","","","","","","","","","","","","",✓,"","","","",✓,"",Number,"","","","","","","",✓,sp,"","","","","","","","","",@b-0000,✓,"",@b-0135,"","","","",Chicago,%,"","","","","","","","","","","{sourcePointName:Humidity SP, dataSyncRecovered:2020-07-10T01:00:09.752-04:00 New_York, inScope, backgroundPoint}"
@b-00c7,"",✓,"","","","","","","","","","","","","",✓,"","","","",Bravo RTU-1 Supply Air Pressure Setpoint,✓,"","","","","","","",@b-00ac,"","","","","","","","","","","","","","","",✓,"","","","","","",Number,"","","","","","","",✓,"",✓,"","","","","","","","",@b-0000,✓,"",@b-0135,"","","","",Chicago,inH₂O,"","","","","","","","","","","{static, sourcePointName:Static Stpt, dataSyncRecovered:2020-07-10T01:00:13.145-04:00 New_York, inScope, backgroundPoint}"
@b-00c8,"",✓,"","","","","","","","","","","","","",✓,"","","","",Bravo RTU-1 Supply Air Static Pressure,✓,"","","","","","","",@b-00ac,"","","","","","","","","","","","","","","",✓,"","","","","","",Number,"","","","","","","",✓,"",✓,"","","","","",✓,"","",@b-0000,"","",@b-0135,"","","","",Chicago,inH₂O,"","","","","","","","","","","{sourcePointName:DISCH STATIC, dataSyncRecovered:2020-07-10T01:00:09.879-04:00 New_York, inScope, backgroundPoint}"
@b-00c9,"",✓,"","","","","","","","","","","","","",✓,"","","","",Bravo RTU-1 Supply Air Temperature,✓,"","","","","","","",@b-00ac,"","","","","","","","","","","","","","","",✓,"","","","","","",Number,"","","","","","","",✓,"","","","","","","",✓,"","",@b-0000,"","",@b-0135,"","",✓,"",Chicago,°F,"","","","","","","","","","","{sourcePointName:DAT, dataSyncRecovered:2020-07-10T01:00:10.745-04:00 New_York, inScope, backgroundPoint}"
@b-00ca,"",✓,"","","","","","","","","","","","","",✓,"","","","",Bravo RTU-1 Supply Air Temperature Setpoint,✓,"","","","","","","",@b-00ac,"","","","","","","","","","","","","","","",✓,"","","","","","",Number,"","","","","","","",✓,"","","","","","","","","","",@b-0000,✓,"",@b-0135,"","",✓,"",Chicago,°F,"","","","","","","","","","","{sourcePointName:DAT STPT, dataSyncRecovered:2020-07-10T01:00:11.258-04:00 New_York, inScope, backgroundPoint}"
@b-00cb,"",✓,"","","","","","","","","","","","","",✓,"","","","",Bravo RTU-1 Supply Fan Status,✓,"","","","","","","",@b-00ac,"",✓,"","","","","","","","","","","","","",✓,"","","","","","",Bool,"","","","","","","",✓,"","","","","","",✓,✓,"","",@b-0000,"","",@b-0135,"","","","",Chicago,"","","","","","","","","","","","{sourcePointName:SF FAN STATUS, dataSyncRecovered:2020-07-10T01:00:09.752-04:00 New_York, inScope, backgroundPoint}"
@b-00cc,"","","","","","","","","","","","","","","","","","","","",Bravo RTU-1 TU Air Flow (Auto-computed),"","","","","","","","",@b-00ac,"","","","","","","","","","","","","","","",✓,"","","","","","",Number,"","","","","","","",✓,"","","","","","","","","","",@b-0000,✓,"",@b-0135,"","","","",Chicago,cfm,"","","","","","","","","","","{cache, dataSyncRecovered:2020-07-14T01:00:05.167-04:00 New_York, backgroundPoint}"
@b-00cd,"",✓,"","","","","","","","","","",✓,"","","","","","","",Bravo RTU-1 VAV Total Flow,"","","","","","","","",@b-00ac,"","","","",✓,"","","","","","","","","","",✓,"","","","","","",Number,"","","","","","","",✓,"","","","","","","",✓,"","",@b-0000,"","",@b-0135,"","","","",Chicago,cfm,"","","","","","","","","","","{dataSyncRecovered:2020-07-14T01:00:05.167-04:00 New_York, backgroundPoint}"
@b-00ce,✓,"","","","","","","",✓,"","","","","","","","","","","",Bravo RTU-2,"","","","","","","",✓,"","","","","","","","","","","","","","","","","","",✓,"","","",✓,"","","","","","","","","","","","","","",✓,"","",✓,"",@b-0000,"","",@b-0135,"","","","","","","","",✓,"","","","","","","","{designDischargeAirFlow:30000cfm, steamHumidifier, designHotWaterLeavingTemp:65°F, designHotWaterPower:288MMBTU/h, designOutsideAirFlowMin:6750cfm, designDischargeFanAirDeltaPressure:6.4inH₂O, designSource:Drawings, designChilledWaterLeavingTemp:59.2°F, designChilledWaterPower:1225.8MMBTU/h, designHotWaterFlow:48gal/min, designChilledWaterFlow:160.9gal/min, designReturnAirFlow:30000cfm, designHotWaterEnteringTemp:75°F, designOutsideAirFlow:30000cfm, designReturnFanPower:25hp, designChilledWaterEnteringTemp:44°F, designDischargeFanPower:50hp, designReturnFanAirDeltaPressure:1.62inH₂O}"
@b-00cf,"","","","","","","","","","","","",✓,"","","","","","","",Bravo RTU-2 AHU Operation Mode,"","","","","","","","",@b-00ce,"","","","","","","","","","","","","","","",✓,"","","","","","",Str,"","","","","","","",✓,"","","","","","","",✓,"","",@b-0000,"","",@b-0135,"","","","",Chicago,"","","","","","","","","","","","{mode, dataSyncRecovered:2020-07-14T01:00:05.167-04:00 New_York, backgroundPoint}"
@b-00d0,"",✓,"","","","","","","","","","","","","",✓,"","","","",Bravo RTU-2 Calculated Outdoor Air Flow Setpoint,"","","","","","","","",@b-00ce,"","","","",✓,"","","","","","","","","","",✓,"","","","","","",Number,"","","","",✓,"","",✓,"","","","","","","","","","",@b-0000,✓,"",@b-0135,"","","","",Chicago,%,"","","","","","","","","","","{predictionConf:0.3970116854281743, sourcePointName:MinOA_SP, dataSyncRecovered:2020-07-10T01:00:10.745-04:00 New_York, inScope, backgroundPoint}"
@b-00d1,"","","","","","","",✓,"","","",✓,"",✓,"",✓,"","","","",Bravo RTU-2 Cooling Valve Output,"","","","","","","","",@b-00ce,"","","","","","","","","","","","","","","",✓,"","","","","","",Number,"","","","","","","",✓,"","","","","","","","","","",@b-0000,"","",@b-0135,"","","","",Chicago,%,✓,"","",✓,"","","","","","","{predictionConf:0.5846394026860828, sourcePointName:CWV, dataSyncRecovered:2020-07-10T01:00:10.995-04:00 New_York, inScope, backgroundPoint}"
@b-00d2,"",✓,"","","","","","","","","","","","","",✓,✓,"","","",Bravo RTU-2 Exhaust Air Damper Output,"","","","","","","","",@b-00ce,✓,"","","","","","","","","","","","","","",✓,"","","","","","",Number,"","","","","","","",✓,"","","","","","","",✓,"","",@b-0000,"","",@b-0135,"","","","",Chicago,%,"","","","","","","","","","","{predictionConf:0.6232903565384572, sourcePointName:EAD, dataSyncRecovered:2020-07-10T01:00:10.745-04:00 New_York, inScope, backgroundPoint}"
@b-00d3,"","","","","","","","","","","","","","","","","","","","",Bravo RTU-2 Fan Power (Auto-computed),"","","","","","","","",@b-00ce,"","","","","","","","","","","","","","","",✓,"","","","","","",Number,"","","","","","","",✓,"","","","","","","","","","",@b-0000,✓,"","","","","","",Chicago,"","","","","","","","","","","","{cache, dataSyncDownSince:2020-04-09T01:00:02.664-04:00 New_York, dataSyncType:error, backgroundPoint}"
@b-00d4,"","","","","","","","","","","","","","","","","","","","",Bravo RTU-2 Heating/Cooling Load (Auto-computed),"","","","","","","","",@b-00ce,"","","","","","","","","","","","","","","",✓,"","","","","","",Number,"","","","","","","",✓,"","","","","","","","","","",@b-0000,✓,"",@b-0135,"","","","",Chicago,BTU/h,"","","","","","","","","","","{cache, dataSyncRecovered:2020-07-14T01:00:05.167-04:00 New_York, backgroundPoint}"
@b-00d5,"","","","","","","","","","","",✓,"","","",✓,"","","","",Bravo RTU-2 Humidifier Enable,"","","","",✓,"","","",@b-00ce,"","","","","","","","","","","","","","","",✓,"","","",✓,"","",Bool,"","","","","","","",✓,"","","","","","","","","","",@b-0000,"","",@b-0135,"","","","",Chicago,"","","","","","","","","","","","{predictionConf:0.2169429859073283, sourcePointName:HUM_ENABLE, dataSyncRecovered:2020-07-10T01:00:10.745-04:00 New_York, inScope, backgroundPoint}"
@b-00d6,"","","","","","","","","","","",✓,"","","",✓,"","","","",Bravo RTU-2 Humidifier Output,"","","","","","","","",@b-00ce,"","","","","","","","","","","","","","","",✓,"","","",✓,"","",Number,"","","","","","","",✓,"","","","","","","","","","",@b-0000,"","",@b-0135,"",✓,"","",Chicago,%,✓,"","","","","","","","","","{predictionConf:0.7439557600414519, sourcePointName:HUM VLV, dataSyncRecovered:2020-07-10T01:00:10.003-04:00 New_York, inScope, backgroundPoint}"
@b-00d7,"","","","","","","","","","","",✓,✓,"","","",✓,"","","",Bravo RTU-2 Max Damper Position,"","","","","","","","",@b-00ce,"","","","","","","","","","","","","","","",✓,"","","","","","",Number,"","","","","","","",✓,"","","","","","","","","","",@b-0000,"","",@b-0135,"","","","",Chicago,%,"","","","","","","","","","","{max, dataSyncRecovered:2020-07-14T01:00:05.167-04:00 New_York, backgroundPoint}"
@b-00d8,"",✓,"","","","","","","","","","","","","",✓,"","","","",Bravo RTU-2 Min OA Flow Setpoint,"","","","","","","","",@b-00ce,"","","","",✓,"","","","","","","","","","",✓,"","","","","","",Number,"","","","","","","",✓,"","","","","","","","","","",@b-0000,✓,"",@b-0135,"","","","",Chicago,cfm,"","","","","","","","","","","{predictionConf:0.2305698711556413, sourcePointName:MINOASTPT, dataSyncRecovered:2020-07-10T01:00:10.62-04:00 New_York, inScope, outsideMin, backgroundPoint}"
@b-00d9,"",✓,"","","","","","","","","","","","","",✓,"","","","",Bravo RTU-2 Min Outdoor Air Flow,"","","","","","","","",@b-00ce,"","","","",✓,"","","","","","","","","","",✓,"","","","","","",Number,"","","","",✓,"","",✓,"","","","","","","",✓,"","",@b-0000,"","",@b-0135,"","","","",Chicago,cfm,"","","","","","","","","","","{predictionConf:0.5591032698291575, min, sourcePointName:MIN OA CFM / 10, dataSyncRecovered:2020-07-10T01:00:10.126-04:00 New_York, inScope, backgroundPoint}"
@b-00da,"",✓,"","","","","","","","","","","","","",✓,✓,"","","",Bravo RTU-2 Minimum Outside Air Damper Output,"","","","","","","","",@b-00ce,"","","","","","","","","","","","","","","",✓,"","","","","","",Number,"","","","","","","",✓,"","","","","","","",✓,"","",@b-0000,"","",@b-0135,"","","","",Chicago,%,"","","","","","","","","","","{predictionConf:0.7226466689139898, sourcePointName:Min OAD, dataSyncRecovered:2020-07-10T01:00:10.497-04:00 New_York, inScope, outsideMin, backgroundPoint}"
@b-00db,"",✓,"","","","","","","","","","","","","",✓,"","","","",Bravo RTU-2 Mixed Air Temperature,"","","","","","","","",@b-00ce,"","","","","","","","","","","","","","","",✓,"","","","","","",Number,"","","",✓,"","","",✓,"","","","","","","",✓,"","",@b-0000,"","",@b-0135,"","",✓,"",Chicago,°F,"","","","","","","","","","","{predictionConf:0.5092275130999935, sourcePointName:MAT, dataSyncRecovered:2020-07-10T01:00:10.003-04:00 New_York, inScope, backgroundPoint}"
@b-00dc,"",✓,"","","","","","","","","","","","","",✓,"","","","",Bravo RTU-2 Mixed Air Temperature Setpoint,"","","","","","","","",@b-00ce,"","","","","","","","","","","","","","","",✓,"","","","","","",Number,"","","",✓,"","","",✓,"","","","","","","","","","",@b-0000,✓,"",@b-0135,"","",✓,"",Chicago,°F,"","","","","","","","","","","{predictionConf:0.41409123546331406, sourcePointName:MAT STPT, dataSyncRecovered:2020-07-10T01:00:10.003-04:00 New_York, inScope, backgroundPoint}"
@b-00dd,"",✓,"","","","","","","","","",✓,"","","",✓,✓,"","","",Bravo RTU-2 Outside Air Damper Output,"","","","","","","","",@b-00ce,"","","","","","","","","","","","","","","",✓,"","","","","","",Number,"","","","",✓,"","",✓,"","","","","","","","","","",@b-0000,"","",@b-0135,"","","","",Chicago,%,"","","","","","","","","","","{predictionConf:0.7395401248861597, sourcePointName:OAD, dataSyncRecovered:2020-07-10T01:00:10.249-04:00 New_York, inScope, backgroundPoint}"
@b-00de,"",✓,"","","","","","","","","","","","","",✓,"","","","",Bravo RTU-2 Outside Air Flow,"","","","","","","","",@b-00ce,"","","","",✓,"","","","","","","","","","",✓,"","","","","","",Number,"","","","",✓,"","",✓,"","","","","","","",✓,"","",@b-0000,"","",@b-0135,"","","","",Chicago,cfm,"","","","","","","","","","","{predictionConf:0.7870789837941534, sourcePointName:OA CFM, dataSyncRecovered:2020-07-10T01:00:11.125-04:00 New_York, inScope, backgroundPoint}"
@b-00df,"","","","","","","","","","","","","","","","","","","","",Bravo RTU-2 Outside Air Percentage (Auto-computed),"","","","","","","","",@b-00ce,"","","","","","","","","","","","","","","",✓,"","","","","","",Number,"","","","","","","",✓,"","","","","","","","","","",@b-0000,✓,"",@b-0135,"","","","",Chicago,"","","","","","","","","","","","{cache, dataSyncDownSince:2020-03-12T01:00:04.793-04:00 New_York, dataSyncType:error, backgroundPoint}"
@b-00e0,"",✓,"","","","","","","","","","",✓,"","","","","","","",Bravo RTU-2 Percent Outside Air,"","","","","","","","",@b-00ce,"","","","","","","","","","","","","","","",✓,"","","","","","",Number,"","","","",✓,"","",✓,"","","","","","","",✓,"","",@b-0000,"","",@b-0135,"","",✓,"",Chicago,%,"","","","","","","","","","","{dataSyncRecovered:2020-07-14T01:00:05.167-04:00 New_York, backgroundPoint}"
@b-00e1,"",✓,"","","","","","","","","","","","","",✓,✓,"","","",Bravo RTU-2 Return Air Damper Output,"","","","","","","","",@b-00ce,"","","","","","","","","","","","","","","",✓,"","","","","","",Number,"","","","","","","",✓,"","","","",✓,"","",✓,"","",@b-0000,"","",@b-0135,"","","","",Chicago,%,"","","","","","","","","","","{predictionConf:0.3561100767369028, sourcePointName:RET/REL DAMPER, dataSyncRecovered:2020-07-10T01:00:10.374-04:00 New_York, inScope, backgroundPoint}"
@b-00e2,"",✓,"","","","","","","","","","","","","",✓,"","","","",Bravo RTU-2 Return Air Flow,"","","","","","","","",@b-00ce,"","","","",✓,"","","","","","","","","","",✓,"","","","","","",Number,"","","","","","","",✓,"","","","",✓,"","",✓,"","",@b-0000,"","",@b-0135,"","","","",Chicago,cfm,"","","","","","","","","","","{predictionConf:0.8263008623409421, sourcePointName:RA CFM, dataSyncRecovered:2020-07-10T01:00:10.003-04:00 New_York, inScope, backgroundPoint}"
@b-00e3,"",✓,"","","","","","","","","","","","","",✓,"","","","",Bravo RTU-2 Return Air Humidity,"","","","","","","","",@b-00ce,"","","","","","","","","","","","","","","",✓,"","","","",✓,"",Number,"","","","","","","",✓,"","","","",✓,"","",✓,"","",@b-0000,"","",@b-0135,"","","","",Chicago,%,"","","","","","","","","","","{predictionConf:0.7016271134196499, sourcePointName:RAH, dataSyncRecovered:2020-07-10T01:00:10.003-04:00 New_York, inScope, backgroundPoint}"
@b-00e4,"",✓,"","","","","","","","","","","","","",✓,"","","","",Bravo RTU-2 Return Air Temperature,"","","","","","","","",@b-00ce,"","","","","","","","","","","","","","","",✓,"","","","","","",Number,"","","","","","","",✓,"","","","",✓,"","",✓,"","",@b-0000,"","",@b-0135,"","",✓,"",Chicago,°F,"","","","","","","","","","","{predictionConf:0.5745623242771728, sourcePointName:RAT, dataSyncRecovered:2020-07-10T01:00:10.497-04:00 New_York, inScope, backgroundPoint}"
@b-00e5,"",✓,"","","","","","","","","","","","","",✓,"","","","",Bravo RTU-2 Return Fan Status,"","","","","","","","",@b-00ce,"",✓,"","","","","","","","","","","","","",✓,"","","","","","",Bool,"","","","","","","",✓,"","","","",✓,"",✓,✓,"","",@b-0000,"","",@b-0135,"","","","",Chicago,"","","","","","","","","","","","{predictionConf:0.5721715629985896, sourcePointName:RF FAN STATUS, dataSyncRecovered:2020-07-10T01:00:10.497-04:00 New_York, inScope, backgroundPoint}"
@b-00e6,"",✓,"","","","","","","","","","","","","",✓,"","","","",Bravo RTU-2 Return Fan VFD Speed,"","","","","","","","",@b-00ce,"",✓,"","","","","","","","","","","","","",✓,"","","","","","",Number,"","","","","","","",✓,"","","","",✓,"","",✓,"","",@b-0000,"","",@b-0135,✓,"","","",Chicago,%,"","","","","","","","","","","{predictionConf:0.13813130060214382, sourcePointName:ACT_OUTPUT_SPEED, dataSyncRecovered:2020-07-10T01:00:07.721-04:00 New_York, inScope, backgroundPoint}"
@b-00e7,"",✓,"","","","","","","","","","","","","",✓,"","","","",Bravo RTU-2 Supply Air Flow,✓,"","","","","","","",@b-00ce,"","","","",✓,"","","","","","","","","","",✓,"","","","","","",Number,"","","","","","","",✓,"","","","","","","",✓,"","",@b-0000,"","",@b-0135,"","","","",Chicago,cfm,"","","","","","","","","","","{predictionConf:0.7841375570046363, sourcePointName:SA CFM, dataSyncRecovered:2020-07-10T01:00:10.003-04:00 New_York, inScope, backgroundPoint}"
@b-00e8,"",✓,"","","","","","","","","","","","","",✓,"","","","",Bravo RTU-2 Supply Air Humidity,✓,"","","","","","","",@b-00ce,"","","","","","","","","","","","","","","",✓,"","","","",✓,"",Number,"","","","","","","",✓,sensor,"","","","","","",✓,"","",@b-0000,"","",@b-0135,"","","","",Chicago,%,"","","","","","","","","","","{predictionConf:0.7933659564917551, sourcePointName:DAH, dataSyncRecovered:2020-07-10T01:00:10.995-04:00 New_York, inScope, backgroundPoint}"
@b-00e9,"",✓,"","","","","","","","","","","","","",✓,"","","","",Bravo RTU-2 Supply Air Humidity Setpoint,✓,"","","","","","","",@b-00ce,"","","","","","","","","","","","","","","",✓,"","","","",✓,"",Number,"","","","","","","",✓,sp,"","","","","","","","","",@b-0000,✓,"",@b-0135,"","","","",Chicago,%,"","","","","","","","","","","{predictionConf:0.7045004074770955, sourcePointName:Humidity SP, dataSyncRecovered:2020-07-10T01:00:09.752-04:00 New_York, inScope, backgroundPoint}"
@b-00ea,"",✓,"","","","","","","","","","","","","",✓,"","","","",Bravo RTU-2 Supply Air Static Pressure,✓,"","","","","","","",@b-00ce,"","","","","","","","","","","","","","","",✓,"","","","","","",Number,"","","","","","","",✓,"",✓,"","","","","",✓,"","",@b-0000,"","",@b-0135,"","","","",Chicago,inH₂O,"","","","","","","","","","","{predictionConf:0.3539915786588711, sourcePointName:DISCH STATIC, dataSyncRecovered:2020-07-10T01:00:10.62-04:00 New_York, inScope, backgroundPoint}"
@b-00eb,"",✓,"","","","","","","","","","","","","",✓,"","","","",Bravo RTU-2 Supply Air Static Pressure Setpoint,✓,"","","","","","","",@b-00ce,"","","","","","","","","","","","","","","",✓,"","","","","","",Number,"","","","","","","",✓,"",✓,"","","","","","","","",@b-0000,✓,"",@b-0135,"","","","",Chicago,inH₂O,"","","","","","","","","","","{predictionConf:0.48636472322277824, sourcePointName:Static Stpt, dataSyncRecovered:2020-07-10T01:00:13.145-04:00 New_York, inScope, backgroundPoint}"
@b-00ec,"",✓,"","","","","","","","","","","","","",✓,"","","","",Bravo RTU-2 Supply Air Temperature,✓,"","","","","","","",@b-00ce,"","","","","","","","","","","","","","","",✓,"","","","","","",Number,"","","","","","","",✓,"","","","","","","",✓,"","",@b-0000,"","",@b-0135,"","",✓,"",Chicago,°F,"","","","","","","","","","","{predictionConf:0.5598774100147106, sourcePointName:DAT, dataSyncRecovered:2020-07-10T01:00:10.745-04:00 New_York, inScope, backgroundPoint}"
@b-00ed,"",✓,"","","","","","","","","","","","","",✓,"","","","",Bravo RTU-2 Supply Air Temperature Setpoint,✓,"","","","","","","",@b-00ce,"","","","","","","","","","","","","","","",✓,"","","","","","",Number,"","","","","","","",✓,"","","","","","","","","","",@b-0000,✓,"",@b-0135,"","",✓,"",Chicago,°F,"","","","","","","","","","","{predictionConf:0.6936845307741977, sourcePointName:DAT STPT, dataSyncRecovered:2020-07-10T01:00:09.879-04:00 New_York, inScope, backgroundPoint}"
@b-00ee,"",✓,"","","","","","","","","","","","","",✓,"","","","",Bravo RTU-2 Supply Fan Status,✓,"","","","","","","",@b-00ce,"",✓,"","","","","","","","","","","","","",✓,"","","","","","",Bool,"","","","","","","",✓,"","","","","","",✓,✓,"","",@b-0000,"","",@b-0135,"","","","",Chicago,"","","","","","","","","","","","{predictionConf:0.6818756457191736, sourcePointName:SF FAN STATUS, dataSyncRecovered:2020-07-10T01:00:11.258-04:00 New_York, inScope, backgroundPoint}"
@b-00ef,"",✓,"","","","","","","","","","","","","",✓,"","","","",Bravo RTU-2 Supply Fan VFD Speed,"","","","","","","","",@b-00ce,"",✓,"","","","","","","","","","","","","",✓,"","","","","","",Number,"","","","","","","",✓,"","","","",✓,"","",✓,"","",@b-0000,"","",@b-0135,✓,"","","",Chicago,%,"","","","","","","","","","","{predictionConf:0.13813130060214382, sourcePointName:ACT_OUTPUT_SPEED, dataSyncRecovered:2020-07-10T01:00:10.87-04:00 New_York, inScope, backgroundPoint}"
@b-00f0,"","","","","","","","","","","","","","","","","","","","",Bravo RTU-2 TU Air Flow (Auto-computed),"","","","","","","","",@b-00ce,"","","","","","","","","","","","","","","",✓,"","","","","","",Number,"","","","","","","",✓,"","","","","","","","","","",@b-0000,✓,"",@b-0135,"","","","",Chicago,cfm,"","","","","","","","","","","{cache, dataSyncRecovered:2020-07-14T01:00:05.167-04:00 New_York, backgroundPoint}"
@b-00f1,"",✓,"","","","","","","","","","",✓,"","","","","","","",Bravo RTU-2 VAV Total Flow,"","","","","","","","",@b-00ce,"","","","",✓,"","","","","","","","","","",✓,"","","","","","",Number,"","","","","","","",✓,"","","","","","","",✓,"","",@b-0000,"","",@b-0135,"","","","",Chicago,cfm,"","","","","","","","","","","{dataSyncRecovered:2020-07-14T01:00:05.167-04:00 New_York, backgroundPoint}"
@b-00f2,✓,"","","","","","","",✓,"","","","","","","","","","","",Bravo RTU-3,"","","","","","","",✓,"","","","","","","","","","","","","","","","","","",✓,"","","",✓,"","","","","","","","","","","","","","",✓,"","",✓,"",@b-0000,"","",@b-0135,"","","","","","","","",✓,"","","","","","","","{designDischargeAirFlow:33600cfm, steamHumidifier, designHotWaterLeavingTemp:65°F, designHotWaterPower:318MMBTU/h, designOutsideAirFlowMin:7125cfm, designDischargeFanAirDeltaPressure:6.7inH₂O, designSource:Drawings, designChilledWaterLeavingTemp:58.9°F, designChilledWaterPower:1346.1MMBTU/h, designHotWaterFlow:53gal/min, designChilledWaterFlow:180.2gal/min, designReturnAirFlow:33600cfm, designHotWaterEnteringTemp:75°F, designOutsideAirFlow:33600cfm, designReturnFanPower:25hp, designChilledWaterEnteringTemp:44°F, designDischargeFanPower:60hp, designReturnFanAirDeltaPressure:1.63inH₂O}"
@b-00f3,"","","","","","","","","","","","",✓,"","","","","","","",Bravo RTU-3 AHU Operation Mode,"","","","","","","","",@b-00f2,"","","","","","","","","","","","","","","",✓,"","","","","","",Str,"","","","","","","",✓,"","","","","","","",✓,"","",@b-0000,"","",@b-0135,"","","","",Chicago,"","","","","","","","","","","","{mode, dataSyncRecovered:2020-07-14T01:00:05.167-04:00 New_York, backgroundPoint}"
@b-00f4,"","","","","","","",✓,"","","",✓,"",✓,"",✓,"","","","",Bravo RTU-3 Cooling Valve Output,"","","","","","","","",@b-00f2,"","","","","","","","","","","","","","","",✓,"","","","","","",Number,"","","","","","","",✓,"","","","","","","","","","",@b-0000,"","",@b-0135,"","","","",Chicago,%,✓,"","",✓,"","","","","","","{predictionConf:0.5846394026860828, sourcePointName:CWV, dataSyncRecovered:2020-07-10T01:00:10.374-04:00 New_York, inScope, backgroundPoint}"
@b-00f5,"",✓,"","","","","","","","","","","","","",✓,✓,"","","",Bravo RTU-3 Exhaust Air Damper Output,"","","","","","","","",@b-00f2,✓,"","","","","","","","","","","","","","",✓,"","","","","","",Number,"","","","","","","",✓,"","","","","","","",✓,"","",@b-0000,"","",@b-0135,"","","","",Chicago,%,"","","","","","","","","","","{predictionConf:0.6232903565384572, sourcePointName:EAD, dataSyncRecovered:2020-07-10T01:00:10.374-04:00 New_York, inScope, backgroundPoint}"
@b-00f6,"","","","","","","","","","","","","","","","","","","","",Bravo RTU-3 Fan Power (Auto-computed),"","","","","","","","",@b-00f2,"","","","","","","","","","","","","","","",✓,"","","","","","",Number,"","","","","","","",✓,"","","","","","","","","","",@b-0000,✓,"","","","","","",Chicago,"","","","","","","","","","","","{cache, dataSyncDownSince:2020-04-09T01:00:02.664-04:00 New_York, dataSyncType:error, backgroundPoint}"
@b-00f7,"","","","","","","","","","","","","","","","","","","","",Bravo RTU-3 Heating/Cooling Load (Auto-computed),"","","","","","","","",@b-00f2,"","","","","","","","","","","","","","","",✓,"","","","","","",Number,"","","","","","","",✓,"","","","","","","","","","",@b-0000,✓,"",@b-0135,"","","","",Chicago,BTU/h,"","","","","","","","","","","{cache, dataSyncRecovered:2020-07-14T01:00:05.167-04:00 New_York, backgroundPoint}"
@b-00f8,"","","","","","","","","","","",✓,"","","",✓,"","","","",Bravo RTU-3 Humidifier Enable,"","","","",✓,"","","",@b-00f2,"","","","","","","","","","","","","","","",✓,"","","",✓,"","",Bool,"","","","","","","",✓,"","","","","","","","","","",@b-0000,"","",@b-0135,"","","","",Chicago,"","","","","","","","","","","","{predictionConf:0.2169429859073283, sourcePointName:HUM_ENABLE, dataSyncRecovered:2020-07-10T01:00:07.598-04:00 New_York, inScope, backgroundPoint}"
@b-00f9,"","","","","","","","","","","",✓,"","","",✓,"","","","",Bravo RTU-3 Humidifier Output,"","","","","","","","",@b-00f2,"","","","","","","","","","","","","","","",✓,"","","",✓,"","",Number,"","","","","","","",✓,"","","","","","","","","","",@b-0000,"","",@b-0135,"",✓,"","",Chicago,%,✓,"","","","","","","","","","{predictionConf:0.7439557600414519, sourcePointName:HUM VLV, dataSyncRecovered:2020-07-10T01:00:10.374-04:00 New_York, inScope, backgroundPoint}"
@b-00fa,"","","","","","","","","","","",✓,✓,"","","",✓,"","","",Bravo RTU-3 Max Damper Position,"","","","","","","","",@b-00f2,"","","","","","","","","","","","","","","",✓,"","","","","","",Number,"","","","","","","",✓,"","","","","","","","","","",@b-0000,"","",@b-0135,"","","","",Chicago,%,"","","","","","","","","","","{max, dataSyncRecovered:2020-07-14T01:00:05.167-04:00 New_York, backgroundPoint}"
@b-00fb,"",✓,"","","","","","","","","","","","","",✓,"","","","",Bravo RTU-3 Min OA Flow Setpoint,"","","","","","","","",@b-00f2,"","","","",✓,"","","","","","","","","","",✓,"","","","","","",Number,"","","","","","","",✓,"","","","","","","","","","",@b-0000,✓,"",@b-0135,"","","","",Chicago,cfm,"","","","","","","","","","","{predictionConf:0.2305698711556413, sourcePointName:MINOASTPT, dataSyncRecovered:2020-07-10T01:00:10.126-04:00 New_York, inScope, outsideMin, backgroundPoint}"
@b-00fc,"",✓,"","","","","","","","","","","","","",✓,✓,"","","",Bravo RTU-3 Minimum Outside Air Damper Output,"","","","","","","","",@b-00f2,"","","","","","","","","","","","","","","",✓,"","","","","","",Number,"","","","","","","",✓,"","","","","","","",✓,"","",@b-0000,"","",@b-0135,"","","","",Chicago,%,"","","","","","","","","","","{predictionConf:0.7226466689139898, sourcePointName:Min OAD, dataSyncRecovered:2020-07-10T01:00:10.745-04:00 New_York, inScope, outsideMin, backgroundPoint}"
@b-00fd,"",✓,"","","","","","","","","","","","","",✓,"","","","",Bravo RTU-3 Mixed Air Temperature,"","","","","","","","",@b-00f2,"","","","","","","","","","","","","","","",✓,"","","","","","",Number,"","","",✓,"","","",✓,"","","","","","","",✓,"","",@b-0000,"","",@b-0135,"","",✓,"",Chicago,°F,"","","","","","","","","","","{predictionConf:0.5092275130999935, sourcePointName:MAT, dataSyncRecovered:2020-07-10T01:00:10.003-04:00 New_York, inScope, backgroundPoint}"
@b-00fe,"",✓,"","","","","","","","","","","","","",✓,"","","","",Bravo RTU-3 Mixed Air Temperature Setpoint,"","","","","","","","",@b-00f2,"","","","","","","","","","","","","","","",✓,"","","","","","",Number,"","","",✓,"","","",✓,"","","","","","","","","","",@b-0000,✓,"",@b-0135,"","",✓,"",Chicago,°F,"","","","","","","","","","","{predictionConf:0.41409123546331406, sourcePointName:MAT STPT, dataSyncRecovered:2020-07-10T01:00:11.125-04:00 New_York, inScope, backgroundPoint}"
@b-00ff,"",✓,"","","","","","","","","",✓,"","","",✓,✓,"","","",Bravo RTU-3 Outside Air Damper Output,"","","","","","","","",@b-00f2,"","","","","","","","","","","","","","","",✓,"","","","","","",Number,"","","","",✓,"","",✓,"","","","","","","","","","",@b-0000,"","",@b-0135,"","","","",Chicago,%,"","","","","","","","","","","{predictionConf:0.7395401248861597, sourcePointName:OAD, dataSyncRecovered:2020-07-10T01:00:09.752-04:00 New_York, inScope, backgroundPoint}"
@b-0100,"",✓,"","","","","","","","","","","","","",✓,"","","","",Bravo RTU-3 Outside Air Flow,"","","","","","","","",@b-00f2,"","","","",✓,"","","","","","","","","","",✓,"","","","","","",Number,"","","","",✓,"","",✓,"","","","","","","",✓,"","",@b-0000,"","",@b-0135,"","","","",Chicago,cfm,"","","","","","","","","","","{predictionConf:0.7870789837941534, sourcePointName:OA CFM, dataSyncRecovered:2020-07-10T01:00:07.473-04:00 New_York, inScope, backgroundPoint}"
@b-0101,"","","","","","","","","","","","","","","","","","","","",Bravo RTU-3 Outside Air Percentage (Auto-computed),"","","","","","","","",@b-00f2,"","","","","","","","","","","","","","","",✓,"","","","","","",Number,"","","","","","","",✓,"","","","","","","","","","",@b-0000,✓,"",@b-0135,"","","","",Chicago,"","","","","","","","","","","","{cache, dataSyncDownSince:2020-03-12T01:00:04.793-04:00 New_York, dataSyncType:error, backgroundPoint}"
@b-0102,"",✓,"","","","","","","","","","",✓,"","","","","","","",Bravo RTU-3 Percent Outside Air,"","","","","","","","",@b-00f2,"","","","","","","","","","","","","","","",✓,"","","","","","",Number,"","","","",✓,"","",✓,"","","","","","","",✓,"","",@b-0000,"","",@b-0135,"","",✓,"",Chicago,%,"","","","","","","","","","","{dataSyncRecovered:2020-07-14T01:00:05.167-04:00 New_York, backgroundPoint}"
@b-0103,"",✓,"","","","","","","","","",✓,"","","",✓,✓,"","","",Bravo RTU-3 Return Air Damper Output,"","","","","","","","",@b-00f2,"","","","","","","","","","","","","","","",✓,"","","","","","",Number,"","","","","","","",✓,"","","","",✓,"","","","","",@b-0000,"","",@b-0135,"","","","",Chicago,%,"","","","","","","","","","","{predictionConf:0.3561100767369028, sourcePointName:RET/REL DAMPER, dataSyncRecovered:2020-07-10T01:00:09.879-04:00 New_York, inScope, backgroundPoint}"
@b-0104,"",✓,"","","","","","","","","","","","","",✓,"","","","",Bravo RTU-3 Return Air Flow,"","","","","","","","",@b-00f2,"","","","",✓,"","","","","","","","","","",✓,"","","","","","",Number,"","","","","","","",✓,"","","","",✓,"","",✓,"","",@b-0000,"","",@b-0135,"","","","",Chicago,cfm,"","","","","","","","","","","{predictionConf:0.8263008623409421, sourcePointName:RA CFM, dataSyncRecovered:2020-07-10T01:00:13.145-04:00 New_York, inScope, backgroundPoint}"
@b-0105,"",✓,"","","","","","","","","","","","","",✓,"","","","",Bravo RTU-3 Return Air Humidity,"","","","","","","","",@b-00f2,"","","","","","","","","","","","","","","",✓,"","","","",✓,"",Number,"","","","","","","",✓,"","","","",✓,"","",✓,"","",@b-0000,"","",@b-0135,"","","","",Chicago,%,"","","","","","","","","","","{predictionConf:0.7016271134196499, sourcePointName:RAH, dataSyncRecovered:2020-07-10T01:00:09.879-04:00 New_York, inScope, backgroundPoint}"
@b-0106,"",✓,"","","","","","","","","","","","","",✓,"","","","",Bravo RTU-3 Return Air Temperature,"","","","","","","","",@b-00f2,"","","","","","","","","","","","","","","",✓,"","","","","","",Number,"","","","","","","",✓,"","","","",✓,"","",✓,"","",@b-0000,"","",@b-0135,"","",✓,"",Chicago,°F,"","","","","","","","","","","{predictionConf:0.5745623242771728, sourcePointName:RAT, dataSyncRecovered:2020-07-10T01:00:10.126-04:00 New_York, inScope, backgroundPoint}"
@b-0107,"",✓,"","","","","","","","","","","","","",✓,"","","","",Bravo RTU-3 Return Fan Status,"","","","","","","","",@b-00f2,"",✓,"","","","","","","","","","","","","",✓,"","","","","","",Bool,"","","","","","","",✓,"","","","",✓,"",✓,✓,"","",@b-0000,"","",@b-0135,"","","","",Chicago,"","","","","","","","","","","","{predictionConf:0.5721715629985896, sourcePointName:RF FAN STATUS, dataSyncRecovered:2020-07-10T01:00:10.497-04:00 New_York, inScope, backgroundPoint}"
@b-0108,"",✓,"","","","","","","","","","","","","",✓,"","","","",Bravo RTU-3 Return Fan VFD Speed,"","","","","","","","",@b-00f2,"",✓,"","","","","","","","","","","","","",✓,"","","","","","",Number,"","","","","","","",✓,"","","","",✓,"","",✓,"","",@b-0000,"","",@b-0135,✓,"","","",Chicago,%,"","","","","","","","","","","{predictionConf:0.3324288739189246, sourcePointName:RTDrvSpd, dataSyncRecovered:2020-07-10T01:00:07.721-04:00 New_York, inScope, backgroundPoint}"
@b-0109,"",✓,"","","","","","","","","","","","","",✓,"","","","",Bravo RTU-3 Supply Air Flow,✓,"","","","","","","",@b-00f2,"","","","",✓,"","","","","","","","","","",✓,"","","","","","",Number,"","","","","","","",✓,"","","","","","","",✓,"","",@b-0000,"","",@b-0135,"","","","",Chicago,cfm,"","","","","","","","","","","{predictionConf:0.7841375570046363, sourcePointName:SA CFM, dataSyncRecovered:2020-07-10T01:00:07.473-04:00 New_York, inScope, backgroundPoint}"
@b-010a,"",✓,"","","","","","","","","","","","","",✓,"","","","",Bravo RTU-3 Supply Air Humidity,✓,"","","","","","","",@b-00f2,"","","","","","","","","","","","","","","",✓,"","","","",✓,"",Number,"","","","","","","",✓,sensor,"","","","","","",✓,"","",@b-0000,"","",@b-0135,"","","","",Chicago,%,"","","","","","","","","","","{predictionConf:0.7933659564917551, sourcePointName:DAH, dataSyncRecovered:2020-07-10T01:00:07.598-04:00 New_York, inScope, backgroundPoint}"
@b-010b,"",✓,"","","","","","","","","","","","","",✓,"","","","",Bravo RTU-3 Supply Air Pressure Setpoint,✓,"","","","","","","",@b-00f2,"","","","","","","","","","","","","","","",✓,"","","","","","",Number,"","","","","","","",✓,"",✓,"","","","","","","","",@b-0000,✓,"",@b-0135,"","","","",Chicago,inH₂O,"","","","","","","","","","","{predictionConf:0.48636472322277824, static, sourcePointName:Static Stpt, dataSyncRecovered:2020-07-10T01:00:13.145-04:00 New_York, inScope, backgroundPoint}"
@b-010c,"",✓,"","","","","","","","","","","","","",✓,"","","","",Bravo RTU-3 Supply Air Static Pressure,✓,"","","","","","","",@b-00f2,"","","","","","","","","","","","","","","",✓,"","","","","","",Number,"","","","","","","",✓,"",✓,"","","","","",✓,"","",@b-0000,"","",@b-0135,"","","","",Chicago,inH₂O,"","","","","","","","","","","{predictionConf:0.3539915786588711, sourcePointName:DISCH STATIC, dataSyncRecovered:2020-07-10T01:00:10.374-04:00 New_York, inScope, backgroundPoint}"
@b-010d,"",✓,"","","","","","","","","","","","","",✓,"","","","",Bravo RTU-3 Supply Air Temperature,✓,"","","","","","","",@b-00f2,"","","","","","","","","","","","","","","",✓,"","","","","","",Number,"","","","","","","",✓,"","","","","","","",✓,"","",@b-0000,"","",@b-0135,"","",✓,"",Chicago,°F,"","","","","","","","","","","{predictionConf:0.5598774100147106, sourcePointName:DAT, dataSyncRecovered:2020-07-10T01:00:10.87-04:00 New_York, inScope, backgroundPoint}"
@b-010e,"",✓,"","","","","","","","","","","","","",✓,"","","","",Bravo RTU-3 Supply Air Temperature Setpoint,✓,"","","","","","","",@b-00f2,"","","","","","","","","","","","","","","",✓,"","","","","","",Number,"","","","","","","",✓,"","","","","","","","","","",@b-0000,✓,"",@b-0135,"","",✓,"",Chicago,°F,"","","","","","","","","","","{predictionConf:0.6936845307741977, sourcePointName:DAT STPT, dataSyncRecovered:2020-07-10T01:00:10.62-04:00 New_York, inScope, backgroundPoint}"
@b-010f,"",✓,"","","","","","","","","","","","","",✓,"","","","",Bravo RTU-3 Supply Fan Status,✓,"","","","","","","",@b-00f2,"",✓,"","","","","","","","","","","","","",✓,"","","","","","",Bool,"","","","","","","",✓,"","","","","","",✓,✓,"","",@b-0000,"","",@b-0135,"","","","",Chicago,"","","","","","","","","","","","{predictionConf:0.6818756457191736, sourcePointName:SF FAN STATUS, dataSyncRecovered:2020-07-10T01:00:10.995-04:00 New_York, inScope, backgroundPoint}"
@b-0110,"",✓,"","","","","","","","","","","","","",✓,"","","","",Bravo RTU-3 Supply Fan VFD Speed,✓,"","","","","","","",@b-00f2,"",✓,"","","","","","","","","","","","","",✓,"","","","","","",Number,"","","","","","","",✓,"","","","","","","",✓,"","",@b-0000,"","",@b-0135,✓,"","","",Chicago,%,"","","","","","","","","","","{predictionConf:0.32036669663302475, sourcePointName:SPDrvSpd, dataSyncRecovered:2020-07-10T01:00:09.879-04:00 New_York, inScope, backgroundPoint}"
@b-0111,"","","","","","","","","","","","","","","","","","","","",Bravo RTU-3 TU Air Flow (Auto-computed),"","","","","","","","",@b-00f2,"","","","","","","","","","","","","","","",✓,"","","","","","",Number,"","","","","","","",✓,"","","","","","","","","","",@b-0000,✓,"",@b-0135,"","","","",Chicago,cfm,"","","","","","","","","","","{cache, dataSyncRecovered:2020-07-14T01:00:05.167-04:00 New_York, backgroundPoint}"
@b-0112,"",✓,"","","","","","","","","","",✓,"","","","","","","",Bravo RTU-3 VAV Total Flow,"","","","","","","","",@b-00f2,"","","","",✓,"","","","","","","","","","",✓,"","","","","","",Number,"","","","","","","",✓,"","","","","","","",✓,"","",@b-0000,"","",@b-0135,"","","","",Chicago,cfm,"","","","","","","","","","","{dataSyncRecovered:2020-07-14T01:00:05.167-04:00 New_York, backgroundPoint}"
@b-0113,✓,"","","","","","","",✓,"","","","","","","","","","","",Bravo RTU-4,"","","","","","","",✓,"","","","","","","","","","","","","","","","","","",✓,"","","",✓,"","","","","","","","","","","","","","",✓,"","",✓,"",@b-0000,"","",@b-0135,"","","","","","","","",✓,"","","","","","","","{designDischargeAirFlow:15700cfm, steamHumidifier, designHotWaterLeavingTemp:65°F, designHotWaterPower:243MMBTU/h, designOutsideAirFlowMin:7125cfm, designDischargeFanAirDeltaPressure:4.76inH₂O, designSource:Drawings, designChilledWaterLeavingTemp:58.9°F, designChilledWaterPower:1028.7MMBTU/h, designHotWaterFlow:41gal/min, designChilledWaterFlow:137.8gal/min, designReturnAirFlow:25700cfm, designHotWaterEnteringTemp:75°F, designOutsideAirFlow:25700cfm, designReturnFanPower:20hp, designChilledWaterEnteringTemp:44°F, designDischargeFanPower:40hp, designReturnFanAirDeltaPressure:1.64inH₂O}"
@b-0114,"","","","","","","","","","","","",✓,"","","","","","","",Bravo RTU-4 AHU Operation Mode,"","","","","","","","",@b-0113,"","","","","","","","","","","","","","","",✓,"","","","","","",Str,"","","","","","","",✓,"","","","","","","",✓,"","",@b-0000,"","",@b-0135,"","","","",Chicago,"","","","","","","","","","","","{mode, dataSyncRecovered:2020-07-14T01:00:05.167-04:00 New_York, backgroundPoint}"
@b-0115,"","","","","","","",✓,"","","",✓,"",✓,"",✓,"","","","",Bravo RTU-4 Cooling Valve Output,"","","","","","","","",@b-0113,"","","","","","","","","","","","","","","",✓,"","","","","","",Number,"","","","","","","",✓,"","","","","","","","","","",@b-0000,"","",@b-0135,"","","","",Chicago,%,✓,"","",✓,"","","","","","","{sourcePointName:CWV, dataSyncRecovered:2020-07-10T01:00:10.62-04:00 New_York, inScope, backgroundPoint}"
@b-0116,"",✓,"","","","","","","","","","","","","",✓,✓,"","","",Bravo RTU-4 Exhaust Air Damper Output,"","","","","","","","",@b-0113,✓,"","","","","","","","","","","","","","",✓,"","","","","","",Number,"","","","","","","",✓,"","","","","","","",✓,"","",@b-0000,"","",@b-0135,"","","","",Chicago,%,"","","","","","","","","","","{sourcePointName:EAD, dataSyncRecovered:2020-07-10T01:00:10.745-04:00 New_York, inScope, backgroundPoint}"
@b-0117,"","","","","","","","","","","","","","","","","","","","",Bravo RTU-4 Fan Power (Auto-computed),"","","","","","","","",@b-0113,"","","","","","","","","","","","","","","",✓,"","","","","","",Number,"","","","","","","",✓,"","","","","","","","","","",@b-0000,✓,"","","","","","",Chicago,"","","","","","","","","","","","{cache, dataSyncDownSince:2020-04-09T01:00:02.664-04:00 New_York, dataSyncType:error, backgroundPoint}"
@b-0118,"","","","","","","","","","","","","","","","","","","","",Bravo RTU-4 Heating/Cooling Load (Auto-computed),"","","","","","","","",@b-0113,"","","","","","","","","","","","","","","",✓,"","","","","","",Number,"","","","","","","",✓,"","","","","","","","","","",@b-0000,✓,"",@b-0135,"","","","",Chicago,BTU/h,"","","","","","","","","","","{cache, dataSyncRecovered:2020-07-14T01:00:05.167-04:00 New_York, backgroundPoint}"
@b-0119,"","","","","","","","","","","",✓,"","","",✓,"","","","",Bravo RTU-4 Humidifier Enable,"","","","",✓,"","","",@b-0113,"","","","","","","","","","","","","","","",✓,"","","",✓,"","",Bool,"","","","","","","",✓,"","","","","","","","","","",@b-0000,"","",@b-0135,"","","","",Chicago,"","","","","","","","","","","","{sourcePointName:HUM_ENABLE, dataSyncRecovered:2020-07-10T01:00:10.374-04:00 New_York, inScope, backgroundPoint}"
@b-011a,"","","","","","","","","","","",✓,"","","",✓,"","","","",Bravo RTU-4 Humidifier Output,"","","","","","","","",@b-0113,"","","","","","","","","","","","","","","",✓,"","","",✓,"","",Number,"","","","","","","",✓,"","","","","","","","","","",@b-0000,"","",@b-0135,"",✓,"","",Chicago,%,✓,"","","","","","","","","","{sourcePointName:HUM VLV, dataSyncRecovered:2020-07-10T01:00:10.62-04:00 New_York, inScope, backgroundPoint}"
@b-011b,"","","","","","","","","","","",✓,✓,"","","",✓,"","","",Bravo RTU-4 Max Damper Position,"","","","","","","","",@b-0113,"","","","","","","","","","","","","","","",✓,"","","","","","",Number,"","","","","","","",✓,"","","","","","","","","","",@b-0000,"","",@b-0135,"","","","",Chicago,%,"","","","","","","","","","","{max, dataSyncRecovered:2020-07-14T01:00:05.167-04:00 New_York, backgroundPoint}"
@b-011c,"",✓,"","","","","","","","","","","","","",✓,"","","","",Bravo RTU-4 Min Outdoor Air Flow Setpoint,"","","","","","","","",@b-0113,"","","","",✓,"","","","","","","","","","",✓,"","","","","","",Number,"","","","",✓,"","",✓,"","","","","","","","","","",@b-0000,✓,"",@b-0135,"","","","",Chicago,%,"","","","","","","","","","","{min, sourcePointName:MinOA_SP, dataSyncRecovered:2020-07-10T01:00:10.62-04:00 New_York, pointType:, inScope, backgroundPoint}"
@b-011d,"",✓,"","","","","","","","","","","","","",✓,"","","","",Bravo RTU-4 Min Outdoor Air Flow/10,"","","","","","","","",@b-0113,"","","","",✓,"","","","","","","","","","",✓,"","","","","","",Number,"","","","",✓,"","",✓,"","","","","","","",✓,"","",@b-0000,"","",@b-0135,"","","","",Chicago,cfm,"","","","","","","","","","","{min, sourcePointName:MIN OA CFM / 10, dataSyncRecovered:2020-07-10T01:00:10.87-04:00 New_York, inScope, backgroundPoint}"
@b-011e,"",✓,"","","","","","","","","","","","","",✓,✓,"","","",Bravo RTU-4 Minimum Outside Air Damper Output,"","","","","","","","",@b-0113,"","","","","","","","","","","","","","","",✓,"","","","","","",Number,"","","","","","","",✓,"","","","","","","",✓,"","",@b-0000,"","",@b-0135,"","","","",Chicago,%,"","","","","","","","","","","{sourcePointName:Min OAD, dataSyncRecovered:2020-07-10T01:00:09.879-04:00 New_York, inScope, outsideMin, backgroundPoint}"
@b-011f,"",✓,"","","","","","","","","","","","","",✓,"","","","",Bravo RTU-4 Mixed Air Temperature,"","","","","","","","",@b-0113,"","","","","","","","","","","","","","","",✓,"","","","","","",Number,"","","",✓,"","","",✓,"","","","","","","",✓,"","",@b-0000,"","",@b-0135,"","",✓,"",Chicago,°F,"","","","","","","","","","","{sourcePointName:MAT, dataSyncRecovered:2020-07-10T01:00:09.752-04:00 New_York, inScope, backgroundPoint}"
@b-0120,"",✓,"","","","","","","","","","","","","",✓,"","","","",Bravo RTU-4 Mixed Air Temperature Setpoint,"","","","","","","","",@b-0113,"","","","","","","","","","","","","","","",✓,"","","","","","",Number,"","","",✓,"","","",✓,"","","","","","","","","","",@b-0000,✓,"",@b-0135,"","",✓,"",Chicago,°F,"","","","","","","","","","","{sourcePointName:MAT STPT, dataSyncRecovered:2020-07-10T01:00:10.745-04:00 New_York, inScope, backgroundPoint}"
@b-0121,"",✓,"","","","","","","","","",✓,"","","",✓,✓,"","","",Bravo RTU-4 Outside Air Damper Output,"","","","","","","","",@b-0113,"","","","","","","","","","","","","","","",✓,"","","","","","",Number,"","","","",✓,"","",✓,"","","","","","","","","","",@b-0000,"","",@b-0135,"","","","",Chicago,%,"","","","","","","","","","","{sourcePointName:OAD, dataSyncRecovered:2020-07-10T01:00:10.745-04:00 New_York, inScope, backgroundPoint}"
@b-0122,"",✓,"","","","","","","","","","","","","",✓,"","","","",Bravo RTU-4 Outside Air Flow,"","","","","","","","",@b-0113,"","","","",✓,"","","","","","","","","","",✓,"","","","","","",Number,"","","","",✓,"","",✓,"","","","","","","",✓,"","",@b-0000,"","",@b-0135,"","","","",Chicago,cfm,"","","","","","","","","","","{sourcePointName:OA CFM, dataSyncRecovered:2020-07-10T01:00:10.374-04:00 New_York, inScope, backgroundPoint}"
@b-0123,"","","","","","","","","","","","","","","","","","","","",Bravo RTU-4 Outside Air Percentage (Auto-computed),"","","","","","","","",@b-0113,"","","","","","","","","","","","","","","",✓,"","","","","","",Number,"","","","","","","",✓,"","","","","","","","","","",@b-0000,✓,"","","","","","",Chicago,"","","","","","","","","","","","{cache, dataSyncDownSince:2020-04-09T01:00:02.664-04:00 New_York, dataSyncType:error, backgroundPoint}"
@b-0124,"",✓,"","","","","","","","","","",✓,"","","","","","","",Bravo RTU-4 Percent Outside Air,"","","","","","","","",@b-0113,"","","","","","","","","","","","","","","",✓,"","","","","","",Number,"","","","",✓,"","",✓,"","","","","","","",✓,"","",@b-0000,"","",@b-0135,"","",✓,"",Chicago,%,"","","","","","","","","","","{dataSyncRecovered:2020-07-14T01:00:05.167-04:00 New_York, backgroundPoint}"
@b-0125,"",✓,"","","","","","","","","","","","","",✓,✓,"","","",Bravo RTU-4 Return Air Damper Output,"","","","","","","","",@b-0113,"","","","","","","","","","","","","","","",✓,"","","","","","",Number,"","","","","","","",✓,"","","","",✓,"","",✓,"","",@b-0000,"","",@b-0135,"","","","",Chicago,%,"","","","","","","","","","","{sourcePointName:RET/REL DAMPER, dataSyncRecovered:2020-07-10T01:00:10.003-04:00 New_York, pointType:, inScope, backgroundPoint}"
@b-0126,"",✓,"","","","","","","","","","","","","",✓,"","","","",Bravo RTU-4 Return Air Flow,"","","","","","","","",@b-0113,"","","","",✓,"","","","","","","","","","",✓,"","","","","","",Number,"","","","","","","",✓,"","","","",✓,"","",✓,"","",@b-0000,"","",@b-0135,"","","","",Chicago,cfm,"","","","","","","","","","","{sourcePointName:RA CFM, dataSyncRecovered:2020-07-10T01:00:10.745-04:00 New_York, inScope, backgroundPoint}"
@b-0127,"",✓,"","","","","","","","","","","","","",✓,"","","","",Bravo RTU-4 Return Air Humidity,"","","","","","","","",@b-0113,"","","","","","","","","","","","","","","",✓,"","","","",✓,"",Number,"","","","","","","",✓,"","","","",✓,"","",✓,"","",@b-0000,"","",@b-0135,"","","","",Chicago,%,"","","","","","","","","","","{sourcePointName:RAH, dataSyncRecovered:2020-07-10T01:00:10.62-04:00 New_York, inScope, backgroundPoint}"
@b-0128,"",✓,"","","","","","","","","","","","","",✓,"","","","",Bravo RTU-4 Return Air Temperature,"","","","","","","","",@b-0113,"","","","","","","","","","","","","","","",✓,"","","","","","",Number,"","","","","","","",✓,"","","","",✓,"","",✓,"","",@b-0000,"","",@b-0135,"","",✓,"",Chicago,°F,"","","","","","","","","","","{sourcePointName:RAT, dataSyncRecovered:2020-07-10T01:00:10.62-04:00 New_York, inScope, backgroundPoint}"
@b-0129,"",✓,"","","","","","","","","","","","","",✓,"","","","",Bravo RTU-4 Return Fan Status,"","","","","","","","",@b-0113,"",✓,"","","","","","","","","","","","","",✓,"","","","","","",Bool,"","","","","","","",✓,"","","","",✓,"",✓,✓,"","",@b-0000,"","",@b-0135,"","","","",Chicago,"","","","","","","","","","","","{sourcePointName:RF FAN STATUS, dataSyncRecovered:2020-07-10T01:00:10.62-04:00 New_York, inScope, backgroundPoint}"
@b-012a,"",✓,"","","","","","","","","","","","","",✓,"","","","",Bravo RTU-4 Return Fan VFD Speed,"","","","","","","","",@b-0113,"",✓,"","","","","","","","","","","","","",✓,"","","","","","",Number,"","","","","","","",✓,"","","","",✓,"","",✓,"","",@b-0000,"","",@b-0135,✓,"","","",Chicago,%,"","","","","","","","","","","{sourcePointName:ACT_OUTPUT_SPEED, dataSyncRecovered:2020-07-10T01:00:10.126-04:00 New_York, inScope, backgroundPoint}"
@b-012b,"",✓,"","","","","","","","","","","","","",✓,"","","","",Bravo RTU-4 Supply Air Flow,✓,"","","","","","","",@b-0113,"","","","",✓,"","","","","","","","","","",✓,"","","","","","",Number,"","","","","","","",✓,"","","","","","","",✓,"","",@b-0000,"","",@b-0135,"","","","",Chicago,cfm,"","","","","","","","","","","{sourcePointName:SA CFM, dataSyncRecovered:2020-07-10T01:00:10.62-04:00 New_York, inScope, backgroundPoint}"
@b-012c,"",✓,"","","","","","","","","","","","","",✓,"","","","",Bravo RTU-4 Supply Air Humidity,✓,"","","","","","","",@b-0113,"","","","","","","","","","","","","","","",✓,"","","","",✓,"",Number,"","","","","","","",✓,sensor,"","","","","","",✓,"","",@b-0000,"","",@b-0135,"","","","",Chicago,%,"","","","","","","","","","","{sourcePointName:DAH, dataSyncRecovered:2020-07-10T01:00:07.598-04:00 New_York, inScope, backgroundPoint}"
@b-012d,"",✓,"","","","","","","","","","","","","",✓,"","","","",Bravo RTU-4 Supply Air Humidity Setpoint,✓,"","","","","","","",@b-0113,"","","","","","","","","","","","","","","",✓,"","","","",✓,"",Number,"","","","","","","",✓,sp,"","","","","","","","","",@b-0000,✓,"",@b-0135,"","","","",Chicago,%,"","","","","","","","","","","{sourcePointName:Humidity SP, dataSyncRecovered:2020-07-10T01:00:13.145-04:00 New_York, inScope, backgroundPoint}"
@b-012e,"",✓,"","","","","","","","","","","","","",✓,"","","","",Bravo RTU-4 Supply Air Pressure Setpoint,✓,"","","","","","","",@b-0113,"","","","","","","","","","","","","","","",✓,"","","","","","",Number,"","","","","","","",✓,"",✓,"","","","","","","","",@b-0000,✓,"",@b-0135,"","","","",Chicago,inH₂O,"","","","","","","","","","","{static, sourcePointName:Static Stpt, dataSyncRecovered:2020-07-10T01:00:07.598-04:00 New_York, inScope, backgroundPoint}"
@b-012f,"",✓,"","","","","","","","","","","","","",✓,"","","","",Bravo RTU-4 Supply Air Static Pressure,✓,"","","","","","","",@b-0113,"","","","","","","","","","","","","","","",✓,"","","","","","",Number,"","","","","","","",✓,"",✓,"","","","","",✓,"","",@b-0000,"","",@b-0135,"","","","",Chicago,inH₂O,"","","","","","","","","","","{sourcePointName:DISCH STATIC, dataSyncRecovered:2020-07-10T01:00:07.473-04:00 New_York, inScope, backgroundPoint}"
@b-0130,"",✓,"","","","","","","","","","","","","",✓,"","","","",Bravo RTU-4 Supply Air Temperature,✓,"","","","","","","",@b-0113,"","","","","","","","","","","","","","","",✓,"","","","","","",Number,"","","","","","","",✓,"","","","","","","",✓,"","",@b-0000,"","",@b-0135,"","",✓,"",Chicago,°F,"","","","","","","","","","","{sourcePointName:DAT, dataSyncRecovered:2020-07-10T01:00:10.745-04:00 New_York, inScope, backgroundPoint}"
@b-0131,"",✓,"","","","","","","","","","","","","",✓,"","","","",Bravo RTU-4 Supply Air Temperature Setpoint,✓,"","","","","","","",@b-0113,"","","","","","","","","","","","","","","",✓,"","","","","","",Number,"","","","","","","",✓,"","","","","","","","","","",@b-0000,✓,"",@b-0135,"","",✓,"",Chicago,°F,"","","","","","","","","","","{sourcePointName:DAT STPT, dataSyncRecovered:2020-07-10T01:00:11.125-04:00 New_York, inScope, backgroundPoint}"
@b-0132,"",✓,"","","","","","","","","","","","","",✓,"","","","",Bravo RTU-4 Supply Fan Status,✓,"","","","","","","",@b-0113,"",✓,"","","","","","","","","","","","","",✓,"","","","","","",Bool,"","","","","","","",✓,"","","","","","",✓,✓,"","",@b-0000,"","",@b-0135,"","","","",Chicago,"","","","","","","","","","","","{sourcePointName:SF FAN STATUS, dataSyncRecovered:2020-07-10T01:00:10.374-04:00 New_York, inScope, backgroundPoint}"
@b-0133,"","","","","","","","","","","","","","","","","","","","",Bravo RTU-4 TU Air Flow (Auto-computed),"","","","","","","","",@b-0113,"","","","","","","","","","","","","","","",✓,"","","","","","",Number,"","","","","","","",✓,"","","","","","","","","","",@b-0000,✓,"",@b-0135,"","","","",Chicago,cfm,"","","","","","","","","","","{cache, dataSyncDownSince:2020-03-12T01:00:04.793-04:00 New_York, dataSyncType:error, backgroundPoint}"
@b-0134,"",✓,"","","","","","","","","","",✓,"","","","","","","",Bravo RTU-4 VAV Total Flow,"","","","","","","","",@b-0113,"","","","",✓,"","","","","","","","","","",✓,"","","","","","",Number,"","","","","","","",✓,"","","","","","","",✓,"","",@b-0000,"","",@b-0135,"","","","",Chicago,cfm,"","","","","","","","","","","{dataSyncRecovered:2020-07-14T01:00:05.167-04:00 New_York, backgroundPoint}"
@b-0135,"","","","","","","","","","","","","","","","","","","","",Bravo RTUs,"","","","","","","","","","","","","","","","","","","","","","","","","","","","","","","","","","","","","","","","","","","","","","","","","","",@b-0000,"",✓,"","","","","","","","","","","","","","","","","",{equipType}
@b-0136,"","","","","",✓,"","","","","","","","","","","","","","",Bravo Steam Boiler A,"","","","","","","",✓,"","","","","","","","","","","","","","","","","","","","","","",✓,"","","","","","","","","","","","","","","","","","","",@b-0000,"","",@b-013c,"","","","","","","","","","","","","","","","","{designSource:Drawings, designMake:Lattner, designSteamPower:1350MMBTU/h, designModel:WLF-40}"
@b-0137,"","","","","",✓,"","","","","","","","","",✓,"","","","",Bravo Steam Boiler A Boiler Status,"","","","","","","","",@b-0136,"","","","","","","","","","","","","","","",✓,"","","","","","",Bool,"","","","","","","",✓,"","","","","","",✓,✓,"","",@b-0000,"","",@b-013c,"","","","",Chicago,"","","","","","","","","","","","{sourcePointName:StmBlrAsts, dataSyncRecovered:2020-07-10T01:00:10.126-04:00 New_York, inScope, backgroundPoint}"
@b-0138,"","","","","",✓,"","","","","","","","","","","","","","",Bravo Steam Boiler B,"","","","","","","",✓,"","","","","","","","","","","","","","","","","","","","","","",✓,"","","","","","","","","","","","","","","","","","","",@b-0000,"","",@b-013c,"","","","","","","","","","","","","","","","","{designSource:Drawings, designMake:Lattner, designSteamPower:1350MMBTU/h, designModel:WLF-40}"
@b-0139,"","","","","",✓,"","","","","","","","","",✓,"","","","",Bravo Steam Boiler B Boiler Status,"","","","","","","","",@b-0138,"","","","","","","","","","","","","","","",✓,"","","","","","",Bool,"","","","","","","",✓,"","","","","","",✓,✓,"","",@b-0000,"","",@b-013c,"","","","",Chicago,"","","","","","","","","","","","{sourcePointName:StmBlrBsts, dataSyncRecovered:2020-07-10T01:00:09.627-04:00 New_York, inScope, backgroundPoint}"
@b-013a,"","","","","",✓,"","","","","","","","","","","","","","",Bravo Steam Boiler C,"","","","","","","",✓,"","","","","","","","","","","","","","","","","","","","","","",✓,"","","","","","","","","","","","","","","","","","","",@b-0000,"","",@b-013c,"","","","","","","","","","","","","","","","","{designSource:Drawings, designMake:Lattner, designSteamPower:1350MMBTU/h, designModel:WLF-40}"
@b-013b,"","","","","",✓,"","","","","","","","","",✓,"","","","",Bravo Steam Boiler C Boiler Status,"","","","","","","","",@b-013a,"","","","","","","","","","","","","","","",✓,"","","","","","",Bool,"","","","","","","",✓,"","","","","","",✓,✓,"","",@b-0000,"","",@b-013c,"","","","",Chicago,"","","","","","","","","","","","{sourcePointName:StmBlrCsts, dataSyncRecovered:2020-07-10T01:00:10.995-04:00 New_York, inScope, backgroundPoint}"
@b-013c,"","","","","","","","","","","","","","","","","","","","",Bravo Steam System,"","","","","","","","","","","","","","","","","","","","","","","","","","","","","","","","","","","","","","","","","","","","","","","","","","",@b-0000,"",✓,"","","","","","","","","","","","","","","","","",{equipType}
@b-013d,"","","",@b-00ac,"","","","","","","","","","","","","","","","",Bravo VAV 1-1,"","","","","","","",✓,"","","",✓,"","","","","","","","","","","","","","",✓,@b-0012,"","",✓,"","","","","","","","","","","","","","","","","",✓,"",@b-0000,"","",@b-042e,"","","",✓,"","","",✓,"","","","","","","",✓,"{tu, designSource:Drawings, designHotWaterEnteringTemp:180°F, designHotWaterLeavingTemp:152°F, designHotWaterPower:9.7MMBTU/h, designHotWaterFlow:1gal/min, designAirFlow:400cfm}"
@b-013e,"",✓,"","","","","","","","","",✓,"","","",✓,✓,"","","",Bravo VAV 1-1 Damper Output,✓,"","","","","","","",@b-013d,"","","","","","","","","","","","","","","",✓,"","","","","","",Number,"","","","","","","",✓,"","","","","","","","","","",@b-0000,"","",@b-042e,"","","","",Chicago,%,"","","","","","","","","","","{sourcePointName:DAMPER_CMD, dataSyncRecovered:2020-07-10T01:00:07.598-04:00 New_York, inScope, backgroundPoint}"
@b-013f,"",✓,"","","","","","","","","","","","","",✓,"","","","",Bravo VAV 1-1 Discharge Air Flow,✓,"","","","","","","",@b-013d,"","","","",✓,"","","","","","","","","","",✓,"","","","","","",Number,"","","","","","","",✓,"","","","","","","",✓,"","",@b-0000,"","",@b-042e,"","","","",Chicago,cfm,"","","","","","","","","","","{sourcePointName:BOX_FLOW, dataSyncRecovered:2020-07-10T01:00:09.752-04:00 New_York, inScope, backgroundPoint}"
@b-0140,"",✓,"","","","","","","","","","","","","",✓,"","","","",Bravo VAV 1-1 Discharge Air Flow Setpoint,✓,"",✓,"","","","","",@b-013d,"","","","",✓,"","","","","","","","","","",✓,"","","","","","",Number,"","","","","","","",✓,"","","","","","","","","","",@b-0000,✓,"",@b-042e,"","","","",Chicago,cfm,"","","","","","","","","","","{sourcePointName:FLOW_STPT, dataSyncRecovered:2020-07-10T01:00:10.003-04:00 New_York, inScope, backgroundPoint}"
@b-0141,"","","","","","","","","","","",✓,"","","",✓,"","","","",Bravo VAV 1-1 Heating Valve Output,"","","","","","","","",@b-013d,"","","","","","","","","","","","","",✓,"",✓,✓,"","","","","",Number,"","","","","","","",✓,"","","","","","","","","","",@b-0000,"","",@b-042e,"","","","",Chicago,%,✓,"","",✓,"","","","","","","{sourcePointName:Htg, dataSyncRecovered:2020-07-10T01:00:07.473-04:00 New_York, inScope, backgroundPoint}"
@b-0142,"",✓,"","","","","","","","","","","","","",✓,"","","","",Bravo VAV 1-1 Zone Air Temp Setpoint,"","","","","","","","",@b-013d,"","","","","","","","","","","","","","","",✓,"","","","","","",Number,"","","","","","","",✓,"","","","","","","","","","",@b-0000,✓,"",@b-042e,"","",✓,"",Chicago,°F,"","","","","","","","","",✓,"{sourcePointName:STAT_SETPOINT, dataSyncRecovered:2020-07-10T01:00:11.125-04:00 New_York, inScope, backgroundPoint}"
@b-0143,"",✓,"","","","","","","","","","","","","",✓,"","","","",Bravo VAV 1-1 Zone Temperature,"","","","","","","","",@b-013d,"","","","","","","","","","","","","","","",✓,"","","","","","",Number,"","","","","","","",✓,"","","","","","","",✓,"","",@b-0000,"","",@b-042e,"","",✓,"",Chicago,°F,"","","","","","","","","",✓,"{sourcePointName:SPACE_TEMP, dataSyncRecovered:2020-07-10T01:00:11.258-04:00 New_York, inScope, backgroundPoint}"
@b-0144,"","","",@b-00ac,"","","","","","","","","","","","","","","","",Bravo VAV 1-10,"","","","","","","",✓,"","","",✓,"","","","","","","","","","","","","","",✓,@b-0012,"","",✓,"","","","","","","","","","","","","","","","","",✓,"",@b-0000,"","",@b-042e,"","","",✓,"","","",✓,"","","","","","","",✓,"{tu, designSource:Drawings, designHotWaterEnteringTemp:180°F, designHotWaterLeavingTemp:149°F, designHotWaterPower:6.5MMBTU/h, designHotWaterFlow:0.75gal/min, designAirFlow:375cfm}"
@b-0145,"",✓,"","","","","","","","","",✓,"","","",✓,✓,"","","",Bravo VAV 1-10 Damper Output,✓,"","","","","","","",@b-0144,"","","","","","","","","","","","","","","",✓,"","","","","","",Number,"","","","","","","",✓,"","","","","","","","","","",@b-0000,"","",@b-042e,"","","","",Chicago,%,"","","","","","","","","","","{sourcePointName:DAMPER_CMD, dataSyncRecovered:2020-07-10T01:00:11.125-04:00 New_York, inScope, backgroundPoint}"
@b-0146,"",✓,"","","","","","","","","","","","","",✓,"","","","",Bravo VAV 1-10 Discharge Air Flow,✓,"","","","","","","",@b-0144,"","","","",✓,"","","","","","","","","","",✓,"","","","","","",Number,"","","","","","","",✓,"","","","","","","",✓,"","",@b-0000,"","",@b-042e,"","","","",Chicago,cfm,"","","","","","","","","","","{sourcePointName:BOX_FLOW, dataSyncRecovered:2020-07-10T01:00:13.145-04:00 New_York, inScope, backgroundPoint}"
@b-0147,"",✓,"","","","","","","","","","","","","",✓,"","","","",Bravo VAV 1-10 Discharge Air Flow Setpoint,✓,"",✓,"","","","","",@b-0144,"","","","",✓,"","","","","","","","","","",✓,"","","","","","",Number,"","","","","","","",✓,"","","","","","","","","","",@b-0000,✓,"",@b-042e,"","","","",Chicago,cfm,"","","","","","","","","","","{sourcePointName:FLOW_STPT, dataSyncRecovered:2020-07-10T01:00:07.598-04:00 New_York, inScope, backgroundPoint}"
@b-0148,"","","","","","","","","","","",✓,"","","",✓,"","","","",Bravo VAV 1-10 Heating Valve Output,"","","","","","","","",@b-0144,"","","","","","","","","","","","","",✓,"",✓,✓,"","","","","",Number,"","","","","","","",✓,"","","","","","","","","","",@b-0000,"","",@b-042e,"","","","",Chicago,%,✓,"","",✓,"","","","","","","{sourcePointName:Htg, dataSyncRecovered:2020-07-10T01:00:11.125-04:00 New_York, inScope, backgroundPoint}"
@b-0149,"",✓,"","","","","","","","","","","","","",✓,"","","","",Bravo VAV 1-10 Supply Air Temperature,✓,"","","","","","","",@b-0144,"","","","","","","","","","","","","","","",✓,"","","","","","",Number,"","","","","","","",✓,"","","","","","","",✓,"","",@b-0000,"","",@b-042e,"","",✓,"",Chicago,°F,"","","","","","","","","","","{sourcePointName:DisAirTemp, dataSyncRecovered:2020-07-10T01:00:10.87-04:00 New_York, inScope, backgroundPoint}"
@b-014a,"",✓,"","","","","","","","","","","","","",✓,"","","","",Bravo VAV 1-10 Zone Air Temp Setpoint,"","","","","","","","",@b-0144,"","","","","","","","","","","","","","","",✓,"","","","","","",Number,"","","","","","","",✓,"","","","","","","","","","",@b-0000,✓,"",@b-042e,"","",✓,"",Chicago,°F,"","","","","","","","","",✓,"{sourcePointName:STAT_SETPOINT, dataSyncRecovered:2020-07-10T01:00:11.258-04:00 New_York, inScope, backgroundPoint}"
@b-014b,"",✓,"","","","","","","","","","","","","",✓,"","","","",Bravo VAV 1-10 Zone Temperature,"","","","","","","","",@b-0144,"","","","","","","","","","","","","","","",✓,"","","","","","",Number,"","","","","","","",✓,"","","","","","","",✓,"","",@b-0000,"","",@b-042e,"","",✓,"",Chicago,°F,"","","","","","","","","",✓,"{sourcePointName:SPACE_TEMP, dataSyncRecovered:2020-07-10T01:00:10.126-04:00 New_York, inScope, backgroundPoint}"
@b-014c,"","","",@b-00ac,"","","","","","","","","","","","","","","","",Bravo VAV 1-11,"","","","","","","",✓,"","","",✓,"","","","","","","","","","","","","","",✓,@b-0012,"","",✓,"","","","","","","","","","","","","","","","","",✓,"",@b-0000,"","",@b-042e,"","","",✓,"","","",✓,"","","","","","","",✓,"{tu, designSource:Drawings, designHotWaterEnteringTemp:180°F, designHotWaterLeavingTemp:152°F, designHotWaterPower:10.2MMBTU/h, designHotWaterFlow:1gal/min, designAirFlow:300cfm}"
@b-014d,"",✓,"","","","","","","","","",✓,"","","",✓,✓,"","","",Bravo VAV 1-11 Damper Output,✓,"","","","","","","",@b-014c,"","","","","","","","","","","","","","","",✓,"","","","","","",Number,"","","","","","","",✓,"","","","","","","","","","",@b-0000,"","",@b-042e,"","","","",Chicago,%,"","","","","","","","","","","{sourcePointName:DAMPER_CMD, dataSyncRecovered:2020-07-10T01:00:13.145-04:00 New_York, inScope, backgroundPoint}"
@b-014e,"",✓,"","","","","","","","","","","","","",✓,"","","","",Bravo VAV 1-11 Discharge Air Flow,✓,"","","","","","","",@b-014c,"","","","",✓,"","","","","","","","","","",✓,"","","","","","",Number,"","","","","","","",✓,"","","","","","","",✓,"","",@b-0000,"","",@b-042e,"","","","",Chicago,cfm,"","","","","","","","","","","{sourcePointName:BOX_FLOW, dataSyncRecovered:2020-07-10T01:00:10.87-04:00 New_York, inScope, backgroundPoint}"
@b-014f,"",✓,"","","","","","","","","","","","","",✓,"","","","",Bravo VAV 1-11 Discharge Air Flow Setpoint,✓,"",✓,"","","","","",@b-014c,"","","","",✓,"","","","","","","","","","",✓,"","","","","","",Number,"","","","","","","",✓,"","","","","","","","","","",@b-0000,✓,"",@b-042e,"","","","",Chicago,cfm,"","","","","","","","","","","{sourcePointName:FLOW_STPT, dataSyncRecovered:2020-07-10T01:00:10.249-04:00 New_York, inScope, backgroundPoint}"
@b-0150,"","","","","","","","","","","",✓,"","","",✓,"","","","",Bravo VAV 1-11 Heating Valve Output,"","","","","","","","",@b-014c,"","","","","","","","","","","","","",✓,"",✓,✓,"","","","","",Number,"","","","","","","",✓,"","","","","","","","","","",@b-0000,"","",@b-042e,"","","","",Chicago,%,✓,"","",✓,"","","","","","","{sourcePointName:Htg, dataSyncRecovered:2020-07-10T01:00:10.126-04:00 New_York, inScope, backgroundPoint}"
@b-0151,"",✓,"","","","","","","","","","","","","",✓,"","","","",Bravo VAV 1-11 Supply Air Temperature,✓,"","","","","","","",@b-014c,"","","","","","","","","","","","","","","",✓,"","","","","","",Str,"","","","","","","",✓,"","","","","","","",✓,"","",@b-0000,"","",@b-042e,"","",✓,"",Chicago,°F,"","","","","","","","","","","{sourcePointName:DisAirTemp, dataSyncRecovered:2020-07-10T01:00:13.145-04:00 New_York, inScope, backgroundPoint}"
@b-0152,"",✓,"","","","","","","","","","","","","",✓,"","","","",Bravo VAV 1-11 Zone Air Temp Setpoint,"","","","","","","","",@b-014c,"","","","","","","","","","","","","","","",✓,"","","","","","",Number,"","","","","","","",✓,"","","","","","","","","","",@b-0000,✓,"",@b-042e,"","",✓,"",Chicago,°F,"","","","","","","","","",✓,"{sourcePointName:STAT_SETPOINT, dataSyncRecovered:2020-07-10T01:00:10.497-04:00 New_York, inScope, backgroundPoint}"
@b-0153,"",✓,"","","","","","","","","","","","","",✓,"","","","",Bravo VAV 1-11 Zone Temperature,"","","","","","","","",@b-014c,"","","","","","","","","","","","","","","",✓,"","","","","","",Number,"","","","","","","",✓,"","","","","","","",✓,"","",@b-0000,"","",@b-042e,"","",✓,"",Chicago,°F,"","","","","","","","","",✓,"{sourcePointName:SPACE_TEMP, dataSyncRecovered:2020-07-10T01:00:07.473-04:00 New_York, inScope, backgroundPoint}"
@b-0154,"","","",@b-00ac,"","","","","","","","","","","","","","","","",Bravo VAV 1-12,"","","","","","","",✓,"","","",✓,"","","","","","","","","","","","","","",✓,@b-0012,"","",✓,"","","","","","","","","","","","","","","","","",✓,"",@b-0000,"","",@b-042e,"","","",✓,"","","",✓,"","","","","","","",✓,"{tu, designSource:Drawings, designHotWaterEnteringTemp:180°F, designHotWaterLeavingTemp:152°F, designHotWaterPower:10.2MMBTU/h, designHotWaterFlow:1gal/min, designAirFlow:500cfm}"
@b-0155,"",✓,"","","","","","","","","",✓,"","","",✓,✓,"","","",Bravo VAV 1-12 Damper Output,✓,"","","","","","","",@b-0154,"","","","","","","","","","","","","","","",✓,"","","","","","",Number,"","","","","","","",✓,"","","","","","","","","","",@b-0000,"","",@b-042e,"","","","",Chicago,%,"","","","","","","","","","","{sourcePointName:DAMPER_CMD, dataSyncRecovered:2020-07-10T01:00:11.258-04:00 New_York, inScope, backgroundPoint}"
@b-0156,"",✓,"","","","","","","","","","","","","",✓,"","","","",Bravo VAV 1-12 Discharge Air Flow,✓,"","","","","","","",@b-0154,"","","","",✓,"","","","","","","","","","",✓,"","","","","","",Number,"","","","","","","",✓,"","","","","","","",✓,"","",@b-0000,"","",@b-042e,"","","","",Chicago,cfm,"","","","","","","","","","","{sourcePointName:BOX_FLOW, dataSyncRecovered:2020-07-10T01:00:10.126-04:00 New_York, inScope, backgroundPoint}"
@b-0157,"",✓,"","","","","","","","","","","","","",✓,"","","","",Bravo VAV 1-12 Discharge Air Flow Setpoint,✓,"",✓,"","","","","",@b-0154,"","","","",✓,"","","","","","","","","","",✓,"","","","","","",Number,"","","","","","","",✓,"","","","","","","","","","",@b-0000,✓,"",@b-042e,"","","","",Chicago,cfm,"","","","","","","","","","","{sourcePointName:FLOW_STPT, dataSyncRecovered:2020-07-10T01:00:09.752-04:00 New_York, inScope, backgroundPoint}"
@b-0158,"","","","","","","","","","","",✓,"","","",✓,"","","","",Bravo VAV 1-12 Heating Valve Output,"","","","","","","","",@b-0154,"","","","","","","","","","","","","",✓,"",✓,✓,"","","","","",Number,"","","","","","","",✓,"","","","","","","","","","",@b-0000,"","",@b-042e,"","","","",Chicago,%,✓,"","",✓,"","","","","","","{sourcePointName:Htg, dataSyncRecovered:2020-07-10T01:00:13.145-04:00 New_York, inScope, backgroundPoint}"
@b-0159,"",✓,"","","","","","","","","","","","","",✓,"","","","",Bravo VAV 1-12 Supply Air Temperature,✓,"","","","","","","",@b-0154,"","","","","","","","","","","","","","","",✓,"","","","","","",Number,"","","","","","","",✓,"","","","","","","",✓,"","",@b-0000,"","",@b-042e,"","",✓,"",Chicago,°F,"","","","","","","","","","","{sourcePointName:DisAirTemp, dataSyncRecovered:2020-07-10T01:00:10.003-04:00 New_York, inScope, backgroundPoint}"
@b-015a,"",✓,"","","","","","","","","","","","","",✓,"","","","",Bravo VAV 1-12 Zone Air Temp Setpoint,"","","","","","","","",@b-0154,"","","","","","","","","","","","","","","",✓,"","","","","","",Number,"","","","","","","",✓,"","","","","","","","","","",@b-0000,✓,"",@b-042e,"","",✓,"",Chicago,°F,"","","","","","","","","",✓,"{sourcePointName:STAT_SETPOINT, dataSyncRecovered:2020-07-10T01:00:13.145-04:00 New_York, inScope, backgroundPoint}"
@b-015b,"",✓,"","","","","","","","","","","","","",✓,"","","","",Bravo VAV 1-12 Zone Temperature,"","","","","","","","",@b-0154,"","","","","","","","","","","","","","","",✓,"","","","","","",Number,"","","","","","","",✓,"","","","","","","",✓,"","",@b-0000,"","",@b-042e,"","",✓,"",Chicago,°F,"","","","","","","","","",✓,"{sourcePointName:SPACE_TEMP, dataSyncRecovered:2020-07-10T01:00:10.126-04:00 New_York, inScope, backgroundPoint}"
@b-015c,"","","",@b-00ac,"","","","","","","","","","","","","","","","",Bravo VAV 1-13,"","","","","","","",✓,"","","",✓,"","","","","","","","","","","","","","",✓,@b-0012,"","",✓,"","","","","","","","","","","","","","","","","",✓,"",@b-0000,"","",@b-042e,"","","",✓,"","","",✓,"","","","","","","",✓,"{tu, designSource:Drawings, designHotWaterEnteringTemp:180°F, designHotWaterLeavingTemp:149°F, designHotWaterPower:27MMBTU/h, designHotWaterFlow:3gal/min, designAirFlow:1000cfm}"
@b-015d,"",✓,"","","","","","","","","",✓,"","","",✓,✓,"","","",Bravo VAV 1-13 Damper Output,✓,"","","","","","","",@b-015c,"","","","","","","","","","","","","","","",✓,"","","","","","",Number,"","","","","","","",✓,"","","","","","","","","","",@b-0000,"","",@b-042e,"","","","",Chicago,%,"","","","","","","","","","","{sourcePointName:DAMPER_CMD, dataSyncRecovered:2020-07-10T01:00:09.752-04:00 New_York, inScope, backgroundPoint}"
@b-015e,"",✓,"","","","","","","","","","","","","",✓,"","","","",Bravo VAV 1-13 Discharge Air Flow,✓,"","","","","","","",@b-015c,"","","","",✓,"","","","","","","","","","",✓,"","","","","","",Number,"","","","","","","",✓,"","","","","","","",✓,"","",@b-0000,"","",@b-042e,"","","","",Chicago,cfm,"","","","","","","","","","","{sourcePointName:BOX_FLOW, dataSyncRecovered:2020-07-10T01:00:13.145-04:00 New_York, inScope, backgroundPoint}"
@b-015f,"",✓,"","","","","","","","","","","","","",✓,"","","","",Bravo VAV 1-13 Discharge Air Flow Setpoint,✓,"",✓,"","","","","",@b-015c,"","","","",✓,"","","","","","","","","","",✓,"","","","","","",Number,"","","","","","","",✓,"","","","","","","","","","",@b-0000,✓,"",@b-042e,"","","","",Chicago,cfm,"","","","","","","","","","","{sourcePointName:FLOW_STPT, dataSyncRecovered:2020-07-10T01:00:07.473-04:00 New_York, inScope, backgroundPoint}"
@b-0160,"","","","","","","","","","","",✓,"","","",✓,"","","","",Bravo VAV 1-13 Heating Valve,"","","","","","","","",@b-015c,"","","","","","","","","","","","","",✓,"",✓,✓,"","","","","",Number,"","","","","","","",✓,"","","","","","","","","","",@b-0000,"","",@b-042e,"","","","",Chicago,%,✓,"","",✓,"","","","","","","{sourcePointName:Htg, dataSyncRecovered:2020-07-10T01:00:07.598-04:00 New_York, inScope, backgroundPoint}"
@b-0161,"",✓,"","","","","","","","","","","","","",✓,"","","","",Bravo VAV 1-13 Supply Air Temperature,✓,"","","","","","","",@b-015c,"","","","","","","","","","","","","","","",✓,"","","","","","",Number,"","","","","","","",✓,"","","","","","","",✓,"","",@b-0000,"","",@b-042e,"","",✓,"",Chicago,°F,"","","","","","","","","","","{sourcePointName:DisAirTemp, dataSyncRecovered:2020-07-10T01:00:10.003-04:00 New_York, inScope, backgroundPoint}"
@b-0162,"",✓,"","","","","","","","","","","","","",✓,"","","","",Bravo VAV 1-13 Zone Air Temp Setpoint,"","","","","","","","",@b-015c,"","","","","","","","","","","","","","","",✓,"","","","","","",Number,"","","","","","","",✓,"","","","","","","","","","",@b-0000,✓,"",@b-042e,"","",✓,"",Chicago,°F,"","","","","","","","","",✓,"{sourcePointName:STAT_SETPOINT, dataSyncRecovered:2020-07-10T01:00:10.62-04:00 New_York, inScope, backgroundPoint}"
@b-0163,"",✓,"","","","","","","","","","","","","",✓,"","","","",Bravo VAV 1-13 Zone Temperature,"","","","","","","","",@b-015c,"","","","","","","","","","","","","","","",✓,"","","","","","",Number,"","","","","","","",✓,"","","","","","","",✓,"","",@b-0000,"","",@b-042e,"","",✓,"",Chicago,°F,"","","","","","","","","",✓,"{sourcePointName:SPACE_TEMP, dataSyncRecovered:2020-07-10T01:00:10.87-04:00 New_York, inScope, backgroundPoint}"
@b-0164,"","","",@b-00ac,"","","","","","","","","","","","","","","","",Bravo VAV 1-14,"","","","","","","",✓,"","","",✓,"","","","","","","","","","","","","","",✓,@b-0012,"","",✓,"","","","","","","","","","","","","","","","","",✓,"",@b-0000,"","",@b-042e,"","","",✓,"","","",✓,"","","","","","","",✓,"{tu, designSource:Drawings, designHotWaterEnteringTemp:180°F, designHotWaterLeavingTemp:152°F, designHotWaterPower:4.5MMBTU/h, designHotWaterFlow:0.75gal/min, designAirFlow:250cfm}"
@b-0165,"",✓,"","","","","","","","","",✓,"","","",✓,✓,"","","",Bravo VAV 1-14 Damper Output,✓,"","","","","","","",@b-0164,"","","","","","","","","","","","","","","",✓,"","","","","","",Number,"","","","","","","",✓,"","","","","","","","","","",@b-0000,"","",@b-042e,"","","","",Chicago,%,"","","","","","","","","","","{sourcePointName:DAMPER_CMD, dataSyncRecovered:2020-07-10T01:00:09.879-04:00 New_York, inScope, backgroundPoint}"
@b-0166,"",✓,"","","","","","","","","","","","","",✓,"","","","",Bravo VAV 1-14 Discharge Air Flow,✓,"","","","","","","",@b-0164,"","","","",✓,"","","","","","","","","","",✓,"","","","","","",Number,"","","","","","","",✓,"","","","","","","",✓,"","",@b-0000,"","",@b-042e,"","","","",Chicago,cfm,"","","","","","","","","","","{sourcePointName:BOX_FLOW, dataSyncRecovered:2020-07-10T01:00:13.145-04:00 New_York, inScope, backgroundPoint}"
@b-0167,"",✓,"","","","","","","","","","","","","",✓,"","","","",Bravo VAV 1-14 Discharge Air Flow Setpoint,✓,"",✓,"","","","","",@b-0164,"","","","",✓,"","","","","","","","","","",✓,"","","","","","",Number,"","","","","","","",✓,"","","","","","","","","","",@b-0000,✓,"",@b-042e,"","","","",Chicago,cfm,"","","","","","","","","","","{sourcePointName:FLOW_STPT, dataSyncRecovered:2020-07-10T01:00:10.995-04:00 New_York, inScope, backgroundPoint}"
@b-0168,"","","","","","","","","","","",✓,"","","",✓,"","","","",Bravo VAV 1-14 Heating Valve Output,"","","","","","","","",@b-0164,"","","","","","","","","","","","","",✓,"",✓,✓,"","","","","",Number,"","","","","","","",✓,"","","","","","","","","","",@b-0000,"","",@b-042e,"","","","",Chicago,%,✓,"","",✓,"","","","","","","{sourcePointName:Htg, dataSyncRecovered:2020-07-10T01:00:10.745-04:00 New_York, inScope, backgroundPoint}"
@b-0169,"",✓,"","","","","","","","","","","","","",✓,"","","","",Bravo VAV 1-14 Supply Air Temperature,✓,"","","","","","","",@b-0164,"","","","","","","","","","","","","","","",✓,"","","","","","",Number,"","","","","","","",✓,"","","","","","","",✓,"","",@b-0000,"","",@b-042e,"","",✓,"",Chicago,°F,"","","","","","","","","","","{sourcePointName:DisAirTemp, dataSyncRecovered:2020-07-10T01:00:07.721-04:00 New_York, inScope, backgroundPoint}"
@b-016a,"",✓,"","","","","","","","","","","","","",✓,"","","","",Bravo VAV 1-14 Zone Air Temp Setpoint,"","","","","","","","",@b-0164,"","","","","","","","","","","","","","","",✓,"","","","","","",Number,"","","","","","","",✓,"","","","","","","","","","",@b-0000,✓,"",@b-042e,"","",✓,"",Chicago,°F,"","","","","","","","","",✓,"{sourcePointName:STAT_SETPOINT, dataSyncRecovered:2020-07-10T01:00:10.249-04:00 New_York, inScope, backgroundPoint}"
@b-016b,"",✓,"","","","","","","","","","","","","",✓,"","","","",Bravo VAV 1-14 Zone Temperature,"","","","","","","","",@b-0164,"","","","","","","","","","","","","","","",✓,"","","","","","",Number,"","","","","","","",✓,"","","","","","","",✓,"","",@b-0000,"","",@b-042e,"","",✓,"",Chicago,°F,"","","","","","","","","",✓,"{sourcePointName:SPACE_TEMP, dataSyncRecovered:2020-07-10T01:00:10.374-04:00 New_York, inScope, backgroundPoint}"
@b-016c,"","","",@b-00ac,"","","","","","","","","","","","","","","","",Bravo VAV 1-15,"","","","","","","",✓,"","","",✓,"","","","","","","","","","","","","","",✓,@b-0012,"","",✓,"","","","","","","","","","","","","","","","","",✓,"",@b-0000,"","",@b-042e,"","","",✓,"","","",✓,"","","","","","","",✓,"{tu, designSource:Drawings, designHotWaterEnteringTemp:180°F, designHotWaterLeavingTemp:150°F, designHotWaterPower:6MMBTU/h, designHotWaterFlow:1gal/min, designAirFlow:400cfm}"
@b-016d,"",✓,"","","","","","","","","",✓,"","","",✓,✓,"","","",Bravo VAV 1-15 Damper Output,✓,"","","","","","","",@b-016c,"","","","","","","","","","","","","","","",✓,"","","","","","",Number,"","","","","","","",✓,"","","","","","","","","","",@b-0000,"","",@b-042e,"","","","",Chicago,%,"","","","","","","","","","","{sourcePointName:DAMPER_CMD, dataSyncRecovered:2020-07-10T01:00:10.745-04:00 New_York, inScope, backgroundPoint}"
@b-016e,"",✓,"","","","","","","","","","","","","",✓,"","","","",Bravo VAV 1-15 Discharge Air Flow,✓,"","","","","","","",@b-016c,"","","","",✓,"","","","","","","","","","",✓,"","","","","","",Number,"","","","","","","",✓,"","","","","","","",✓,"","",@b-0000,"","",@b-042e,"","","","",Chicago,cfm,"","","","","","","","","","","{sourcePointName:BOX_FLOW, dataSyncRecovered:2020-07-10T01:00:10.87-04:00 New_York, inScope, backgroundPoint}"
@b-016f,"",✓,"","","","","","","","","","","","","",✓,"","","","",Bravo VAV 1-15 Discharge Air Flow Setpoint,✓,"",✓,"","","","","",@b-016c,"","","","",✓,"","","","","","","","","","",✓,"","","","","","",Number,"","","","","","","",✓,"","","","","","","","","","",@b-0000,✓,"",@b-042e,"","","","",Chicago,cfm,"","","","","","","","","","","{sourcePointName:FLOW_STPT, dataSyncRecovered:2020-07-10T01:00:07.721-04:00 New_York, inScope, backgroundPoint}"
@b-0170,"","","","","","","","","","","",✓,"","","",✓,"","","","",Bravo VAV 1-15 Heating Valve Output,"","","","","","","","",@b-016c,"","","","","","","","","","","","","",✓,"",✓,✓,"","","","","",Number,"","","","","","","",✓,"","","","","","","","","","",@b-0000,"","",@b-042e,"","","","",Chicago,%,✓,"","",✓,"","","","","","","{sourcePointName:Htg, dataSyncRecovered:2020-07-10T01:00:10.374-04:00 New_York, inScope, backgroundPoint}"
@b-0171,"",✓,"","","","","","","","","","","","","",✓,"","","","",Bravo VAV 1-15 Supply Air Temperature,✓,"","","","","","","",@b-016c,"","","","","","","","","","","","","","","",✓,"","","","","","",Number,"","","","","","","",✓,"","","","","","","",✓,"","",@b-0000,"","",@b-042e,"","",✓,"",Chicago,°F,"","","","","","","","","","","{sourcePointName:DisAirTemp, dataSyncRecovered:2020-07-10T01:00:10.003-04:00 New_York, pointType:, inScope, backgroundPoint}"
@b-0172,"",✓,"","","","","","","","","","","","","",✓,"","","","",Bravo VAV 1-15 Zone Air Temp Setpoint,"","","","","","","","",@b-016c,"","","","","","","","","","","","","","","",✓,"","","","","","",Number,"","","","","","","",✓,"","","","","","","","","","",@b-0000,✓,"",@b-042e,"","",✓,"",Chicago,°F,"","","","","","","","","",✓,"{sourcePointName:STAT_SETPOINT, dataSyncRecovered:2020-07-10T01:00:11.258-04:00 New_York, inScope, backgroundPoint}"
@b-0173,"",✓,"","","","","","","","","","","","","",✓,"","","","",Bravo VAV 1-15 Zone Temperature,"","","","","","","","",@b-016c,"","","","","","","","","","","","","","","",✓,"","","","","","",Number,"","","","","","","",✓,"","","","","","","",✓,"","",@b-0000,"","",@b-042e,"","",✓,"",Chicago,°F,"","","","","","","","","",✓,"{sourcePointName:SPACE_TEMP, dataSyncRecovered:2020-07-10T01:00:10.003-04:00 New_York, inScope, backgroundPoint}"
@b-0174,"","","",@b-00ac,"","","","","","","","","","","","","","","","",Bravo VAV 1-16,"","","","","","","",✓,"","","",✓,"","","","","","","","","","","","","","",✓,@b-0012,"","",✓,"","","","","","","","","","","","","","","","","",✓,"",@b-0000,"","",@b-042e,"","","",✓,"","","",✓,"","","","","","","",✓,"{tu, designSource:Drawings, designHotWaterEnteringTemp:180°F, designHotWaterLeavingTemp:152°F, designHotWaterPower:4.1MMBTU/h, designHotWaterFlow:0.75gal/min, designAirFlow:300cfm}"
@b-0175,"",✓,"","","","","","","","","",✓,"","","",✓,✓,"","","",Bravo VAV 1-16 Damper Output,✓,"","","","","","","",@b-0174,"","","","","","","","","","","","","","","",✓,"","","","","","",Number,"","","","","","","",✓,"","","","","","","","","","",@b-0000,"","",@b-042e,"","","","",Chicago,%,"","","","","","","","","","","{sourcePointName:DAMPER_CMD, dataSyncRecovered:2020-07-10T01:00:10.003-04:00 New_York, inScope, backgroundPoint}"
@b-0176,"",✓,"","","","","","","","","","","","","",✓,"","","","",Bravo VAV 1-16 Discharge Air Flow,✓,"","","","","","","",@b-0174,"","","","",✓,"","","","","","","","","","",✓,"","","","","","",Number,"","","","","","","",✓,"","","","","","","",✓,"","",@b-0000,"","",@b-042e,"","","","",Chicago,cfm,"","","","","","","","","","","{sourcePointName:BOX_FLOW, dataSyncRecovered:2020-07-10T01:00:10.497-04:00 New_York, inScope, backgroundPoint}"
@b-0177,"",✓,"","","","","","","","","","","","","",✓,"","","","",Bravo VAV 1-16 Discharge Air Flow Setpoint,✓,"",✓,"","","","","",@b-0174,"","","","",✓,"","","","","","","","","","",✓,"","","","","","",Number,"","","","","","","",✓,"","","","","","","","","","",@b-0000,✓,"",@b-042e,"","","","",Chicago,cfm,"","","","","","","","","","","{sourcePointName:FLOW_STPT, dataSyncRecovered:2020-07-10T01:00:10.003-04:00 New_York, inScope, backgroundPoint}"
@b-0178,"","","","","","","","","","","",✓,"","","",✓,"","","","",Bravo VAV 1-16 Heating Valve Output,"","","","","","","","",@b-0174,"","","","","","","","","","","","","",✓,"",✓,✓,"","","","","",Number,"","","","","","","",✓,"","","","","","","","","","",@b-0000,"","",@b-042e,"","","","",Chicago,%,✓,"","",✓,"","","","","","","{sourcePointName:Htg, dataSyncRecovered:2020-07-10T01:00:10.374-04:00 New_York, inScope, backgroundPoint}"
@b-0179,"",✓,"","","","","","","","","","","","","",✓,"","","","",Bravo VAV 1-16 Supply Air Temperature,✓,"","","","","","","",@b-0174,"","","","","","","","","","","","","","","",✓,"","","","","","",Number,"","","","","","","",✓,"","","","","","","",✓,"","",@b-0000,"","",@b-042e,"","",✓,"",Chicago,°F,"","","","","","","","","","","{sourcePointName:DisAirTemp, dataSyncRecovered:2020-07-10T01:00:10.249-04:00 New_York, inScope, backgroundPoint}"
@b-017a,"",✓,"","","","","","","","","","","","","",✓,"","","","",Bravo VAV 1-16 Zone Air Temp Setpoint,"","","","","","","","",@b-0174,"","","","","","","","","","","","","","","",✓,"","","","","","",Number,"","","","","","","",✓,"","","","","","","","","","",@b-0000,✓,"",@b-042e,"","",✓,"",Chicago,°F,"","","","","","","","","",✓,"{sourcePointName:STAT_SETPOINT, dataSyncRecovered:2020-07-10T01:00:07.598-04:00 New_York, inScope, backgroundPoint}"
@b-017b,"",✓,"","","","","","","","","","","","","",✓,"","","","",Bravo VAV 1-16 Zone Temperature,"","","","","","","","",@b-0174,"","","","","","","","","","","","","","","",✓,"","","","","","",Number,"","","","","","","",✓,"","","","","","","",✓,"","",@b-0000,"","",@b-042e,"","",✓,"",Chicago,°F,"","","","","","","","","",✓,"{sourcePointName:SPACE_TEMP, dataSyncRecovered:2020-07-10T01:00:10.87-04:00 New_York, inScope, backgroundPoint}"
@b-017c,"","","",@b-00ac,"","","","","","","","","","","","","","","","",Bravo VAV 1-17,"","","","","","","",✓,"","","","","","","","","","","","","","","","","","",✓,@b-0012,"","",✓,"","","","","","","","","","","","","","","","","",✓,"",@b-0000,"","",@b-042e,"","","",✓,"","","",✓,"","","","","","","",✓,"{tu, designSource:Drawings, designHotWaterEnteringTemp:180°F, designHotWaterLeavingTemp:150°F, designHotWaterPower:6MMBTU/h, designHotWaterFlow:1gal/min, designAirFlow:400cfm}"
@b-017d,"",✓,"","","","","","","","","",✓,"","","",✓,✓,"","","",Bravo VAV 1-17 Damper Output,✓,"","","","","","","",@b-017c,"","","","","","","","","","","","","","","",✓,"","","","","","",Number,"","","","","","","",✓,"","","","","","","","","","",@b-0000,"","",@b-042e,"","","","",Chicago,%,"","","","","","","","","","","{sourcePointName:DAMPER_CMD, dataSyncRecovered:2020-07-10T01:00:10.249-04:00 New_York, inScope, backgroundPoint}"
@b-017e,"",✓,"","","","","","","","","","","","","",✓,"","","","",Bravo VAV 1-17 Discharge Air Flow,✓,"","","","","","","",@b-017c,"","","","",✓,"","","","","","","","","","",✓,"","","","","","",Number,"","","","","","","",✓,"","","","","","","",✓,"","",@b-0000,"","",@b-042e,"","","","",Chicago,cfm,"","","","","","","","","","","{sourcePointName:BOX_FLOW, dataSyncRecovered:2020-07-10T01:00:10.249-04:00 New_York, inScope, backgroundPoint}"
@b-017f,"",✓,"","","","","","","","","","","","","",✓,"","","","",Bravo VAV 1-17 Discharge Air Flow Setpoint,✓,"",✓,"","","","","",@b-017c,"","","","",✓,"","","","","","","","","","",✓,"","","","","","",Number,"","","","","","","",✓,"","","","","","","","","","",@b-0000,✓,"",@b-042e,"","","","",Chicago,cfm,"","","","","","","","","","","{sourcePointName:FLOW_STPT, dataSyncRecovered:2020-07-10T01:00:10.995-04:00 New_York, inScope, backgroundPoint}"
@b-0180,"","","","","","","","","","","",✓,"","","",✓,"","","","",Bravo VAV 1-17 Heating Valve Output,"","","","","","","","",@b-017c,"","","","","","","","","","","","","",✓,"",✓,✓,"","","","","",Number,"","","","","","","",✓,"","","","","","","","","","",@b-0000,"","",@b-042e,"","","","",Chicago,%,✓,"","",✓,"","","","","","","{sourcePointName:Htg, dataSyncRecovered:2020-07-10T01:00:11.258-04:00 New_York, inScope, backgroundPoint}"
@b-0181,"",✓,"","","","","","","","","","","","","",✓,"","","","",Bravo VAV 1-17 Supply Air Temperature,✓,"","","","","","","",@b-017c,"","","","","","","","","","","","","","","",✓,"","","","","","",Number,"","","","","","","",✓,"","","","","","","",✓,"","",@b-0000,"","",@b-042e,"","",✓,"",Chicago,°F,"","","","","","","","","","","{sourcePointName:DisAirTemp, dataSyncRecovered:2020-07-10T01:00:10.497-04:00 New_York, inScope, backgroundPoint}"
@b-0182,"",✓,"","","","","","","","","","","","","",✓,"","","","",Bravo VAV 1-17 Zone Air Temp Setpoint,"","","","","","","","",@b-017c,"","","","","","","","","","","","","","","",✓,"","","","","","",Number,"","","","","","","",✓,"","","","","","","","","","",@b-0000,✓,"",@b-042e,"","",✓,"",Chicago,°F,"","","","","","","","","",✓,"{sourcePointName:STAT_SETPOINT, dataSyncRecovered:2020-07-10T01:00:10.249-04:00 New_York, inScope, backgroundPoint}"
@b-0183,"",✓,"","","","","","","","","","","","","",✓,"","","","",Bravo VAV 1-17 Zone Temperature,"","","","","","","","",@b-017c,"","","","","","","","","","","","","","","",✓,"","","","","","",Number,"","","","","","","",✓,"","","","","","","",✓,"","",@b-0000,"","",@b-042e,"","",✓,"",Chicago,°F,"","","","","","","","","",✓,"{sourcePointName:SPACE_TEMP, dataSyncRecovered:2020-07-10T01:00:13.145-04:00 New_York, inScope, backgroundPoint}"
@b-0184,"","","",@b-00ac,"","","","","","","","","","","","","","","","",Bravo VAV 1-18,"","","","","","","",✓,"","","","","","","","","","","","","","","","","","",✓,@b-0012,"","",✓,"","","","","","","","","","","","","","","","","",✓,"",@b-0000,"","",@b-042e,"","","",✓,"","","",✓,"","","","","","","",✓,"{tu, designSource:Drawings, designHotWaterEnteringTemp:180°F, designHotWaterLeavingTemp:152°F, designHotWaterPower:4.1MMBTU/h, designHotWaterFlow:0.75gal/min, designAirFlow:300cfm}"
@b-0185,"",✓,"","","","","","","","","",✓,"","","",✓,✓,"","","",Bravo VAV 1-18 Damper Output,✓,"","","","","","","",@b-0184,"","","","","","","","","","","","","","","",✓,"","","","","","",Number,"","","","","","","",✓,"","","","","","","","","","",@b-0000,"","",@b-042e,"","","","",Chicago,%,"","","","","","","","","","","{sourcePointName:DAMPER_CMD, dataSyncRecovered:2020-07-10T01:00:10.249-04:00 New_York, inScope, backgroundPoint}"
@b-0186,"",✓,"","","","","","","","","","","","","",✓,"","","","",Bravo VAV 1-18 Discharge Air Flow,✓,"","","","","","","",@b-0184,"","","","",✓,"","","","","","","","","","",✓,"","","","","","",Number,"","","","","","","",✓,"","","","","","","",✓,"","",@b-0000,"","",@b-042e,"","","","",Chicago,cfm,"","","","","","","","","","","{sourcePointName:BOX_FLOW, dataSyncRecovered:2020-07-10T01:00:07.721-04:00 New_York, inScope, backgroundPoint}"
@b-0187,"",✓,"","","","","","","","","","","","","",✓,"","","","",Bravo VAV 1-18 Discharge Air Flow Setpoint,✓,"",✓,"","","","","",@b-0184,"","","","",✓,"","","","","","","","","","",✓,"","","","","","",Number,"","","","","","","",✓,"","","","","","","","","","",@b-0000,✓,"",@b-042e,"","","","",Chicago,cfm,"","","","","","","","","","","{sourcePointName:FLOW_STPT, dataSyncRecovered:2020-07-10T01:00:10.126-04:00 New_York, inScope, backgroundPoint}"
@b-0188,"","","","","","","","","","","",✓,"","","",✓,"","","","",Bravo VAV 1-18 Heating Valve Output,"","","","","","","","",@b-0184,"","","","","","","","","","","","","",✓,"",✓,✓,"","","","","",Number,"","","","","","","",✓,"","","","","","","","","","",@b-0000,"","",@b-042e,"","","","",Chicago,%,✓,"","",✓,"","","","","","","{sourcePointName:Htg, dataSyncRecovered:2020-07-10T01:00:09.752-04:00 New_York, inScope, backgroundPoint}"
@b-0189,"",✓,"","","","","","","","","","","","","",✓,"","","","",Bravo VAV 1-18 Supply Air Temperature,✓,"","","","","","","",@b-0184,"","","","","","","","","","","","","","","",✓,"","","","","","",Number,"","","","","","","",✓,"","","","","","","",✓,"","",@b-0000,"","",@b-042e,"","",✓,"",Chicago,°F,"","","","","","","","","","","{sourcePointName:DisAirTemp, dataSyncRecovered:2020-07-10T01:00:10.249-04:00 New_York, inScope, backgroundPoint}"
@b-018a,"",✓,"","","","","","","","","","","","","",✓,"","","","",Bravo VAV 1-18 Zone Air Temp Setpoint,"","","","","","","","",@b-0184,"","","","","","","","","","","","","","","",✓,"","","","","","",Number,"","","","","","","",✓,"","","","","","","","","","",@b-0000,✓,"",@b-042e,"","",✓,"",Chicago,°F,"","","","","","","","","",✓,"{sourcePointName:STAT_SETPOINT, dataSyncRecovered:2020-07-10T01:00:10.126-04:00 New_York, inScope, backgroundPoint}"
@b-018b,"",✓,"","","","","","","","","","","","","",✓,"","","","",Bravo VAV 1-18 Zone Temperature,"","","","","","","","",@b-0184,"","","","","","","","","","","","","","","",✓,"","","","","","",Number,"","","","","","","",✓,"","","","","","","",✓,"","",@b-0000,"","",@b-042e,"","",✓,"",Chicago,°F,"","","","","","","","","",✓,"{sourcePointName:SPACE_TEMP, dataSyncRecovered:2020-07-10T01:00:10.745-04:00 New_York, inScope, backgroundPoint}"
@b-018c,"","","",@b-00ac,"","","","","","","","","","","","","","","","",Bravo VAV 1-19,"","","","","","","",✓,"","","","","","","","","","","","","","","","","","",✓,@b-0012,"","",✓,"","","","","","","","","","","","","","","","","",✓,"",@b-0000,"","",@b-042e,"","","",✓,"","","",✓,"","","","","","","",✓,"{tu, designSource:Drawings, designHotWaterEnteringTemp:180°F, designHotWaterLeavingTemp:150°F, designHotWaterPower:30.9MMBTU/h, designHotWaterFlow:1.45gal/min, designAirFlow:2400cfm}"
@b-018d,"",✓,"","","","","","","","","",✓,"","","",✓,✓,"","","",Bravo VAV 1-19 Damper Output,✓,"","","","","","","",@b-018c,"","","","","","","","","","","","","","","",✓,"","","","","","",Number,"","","","","","","",✓,"","","","","","","","","","",@b-0000,"","",@b-042e,"","","","",Chicago,%,"","","","","","","","","","","{sourcePointName:DAMPER_CMD, dataSyncRecovered:2020-07-10T01:00:09.879-04:00 New_York, inScope, backgroundPoint}"
@b-018e,"",✓,"","","","","","","","","","","","","",✓,"","","","",Bravo VAV 1-19 Discharge Air Flow,✓,"","","","","","","",@b-018c,"","","","",✓,"","","","","","","","","","",✓,"","","","","","",Number,"","","","","","","",✓,"","","","","","","",✓,"","",@b-0000,"","",@b-042e,"","","","",Chicago,cfm,"","","","","","","","","","","{sourcePointName:BOX_FLOW, dataSyncRecovered:2020-07-10T01:00:09.879-04:00 New_York, inScope, backgroundPoint}"
@b-018f,"",✓,"","","","","","","","","","","","","",✓,"","","","",Bravo VAV 1-19 Discharge Air Flow Setpoint,✓,"",✓,"","","","","",@b-018c,"","","","",✓,"","","","","","","","","","",✓,"","","","","","",Number,"","","","","","","",✓,"","","","","","","","","","",@b-0000,✓,"",@b-042e,"","","","",Chicago,cfm,"","","","","","","","","","","{sourcePointName:FLOW_STPT, dataSyncRecovered:2020-07-10T01:00:10.249-04:00 New_York, inScope, backgroundPoint}"
@b-0190,"","","","","","","","","","","",✓,"","","",✓,"","","","",Bravo VAV 1-19 Heating Valve Output,"","","","","","","","",@b-018c,"","","","","","","","","","","","","",✓,"",✓,✓,"","","","","",Number,"","","","","","","",✓,"","","","","","","","","","",@b-0000,"","",@b-042e,"","","","",Chicago,%,✓,"","",✓,"","","","","","","{sourcePointName:Htg, dataSyncRecovered:2020-07-10T01:00:09.627-04:00 New_York, inScope, backgroundPoint}"
@b-0191,"",✓,"","","","","","","","","","","","","",✓,"","","","",Bravo VAV 1-19 Supply Air Temperature,✓,"","","","","","","",@b-018c,"","","","","","","","","","","","","","","",✓,"","","","","","",Number,"","","","","","","",✓,"","","","","","","",✓,"","",@b-0000,"","",@b-042e,"","",✓,"",Chicago,°F,"","","","","","","","","","","{sourcePointName:DisAirTemp, dataSyncRecovered:2020-07-10T01:00:11.258-04:00 New_York, inScope, backgroundPoint}"
@b-0192,"",✓,"","","","","","","","","","","","","",✓,"","","","",Bravo VAV 1-19 Zone Air Humidity,"","","","","","","","",@b-018c,"","","","","","","","","","","","","","","",✓,"","","","",✓,"",Number,"","","","","","","",✓,sensor,"","","","","","",✓,"","",@b-0000,"","",@b-042e,"","","","",Chicago,%,"","","","","","","","","",✓,"{predictionConf:0.6984488664169048, sourcePointName:Humidity, dataSyncRecovered:2020-07-10T01:00:10.87-04:00 New_York, inScope, backgroundPoint}"
@b-0193,"",✓,"","","","","","","","","","","","","",✓,"","","","",Bravo VAV 1-19 Zone Air Temp Setpoint,"","","","","","","","",@b-018c,"","","","","","","","","","","","","","","",✓,"","","","","","",Number,"","","","","","","",✓,"","","","","","","","","","",@b-0000,✓,"",@b-042e,"","",✓,"",Chicago,°F,"","","","","","","","","",✓,"{sourcePointName:STAT_SETPOINT, dataSyncRecovered:2020-07-10T01:00:10.87-04:00 New_York, inScope, backgroundPoint}"
@b-0194,"",✓,"","","","","","","","","","","","","",✓,"","","","",Bravo VAV 1-19 Zone Temperature,"","","","","","","","",@b-018c,"","","","","","","","","","","","","","","",✓,"","","","","","",Number,"","","","","","","",✓,"","","","","","","",✓,"","",@b-0000,"","",@b-042e,"","",✓,"",Chicago,°F,"","","","","","","","","",✓,"{sourcePointName:SPACE_TEMP, dataSyncRecovered:2020-07-10T01:00:09.627-04:00 New_York, inScope, backgroundPoint}"
@b-0195,"","","",@b-00ac,"","","","","","","","","","","","","","","","",Bravo VAV 1-2,"","","","","","","",✓,"","","",✓,"","","","","","","","","","","","","","",✓,@b-0012,"","",✓,"","","","","","","","","","","","","","","","","",✓,"",@b-0000,"","",@b-042e,"","","",✓,"","","",✓,"","","","","","","",✓,"{tu, designSource:Drawings, designHotWaterEnteringTemp:180°F, designHotWaterLeavingTemp:150°F, designHotWaterPower:17.5MMBTU/h, designHotWaterFlow:2gal/min, designAirFlow:500cfm}"
@b-0196,"",✓,"","","","","","","","","",✓,"","","",✓,✓,"","","",Bravo VAV 1-2 Damper Output,✓,"","","","","","","",@b-0195,"","","","","","","","","","","","","","","",✓,"","","","","","",Number,"","","","","","","",✓,"","","","","","","","","","",@b-0000,"","",@b-042e,"","","","",Chicago,%,"","","","","","","","","","","{sourcePointName:DAMPER_CMD, dataSyncRecovered:2020-07-10T01:00:10.62-04:00 New_York, inScope, backgroundPoint}"
@b-0197,"",✓,"","","","","","","","","","","","","",✓,"","","","",Bravo VAV 1-2 Discharge Air Flow,✓,"","","","","","","",@b-0195,"","","","",✓,"","","","","","","","","","",✓,"","","","","","",Number,"","","","","","","",✓,"","","","","","","",✓,"","",@b-0000,"","",@b-042e,"","","","",Chicago,cfm,"","","","","","","","","","","{sourcePointName:BOX_FLOW, dataSyncRecovered:2020-07-10T01:00:10.745-04:00 New_York, inScope, backgroundPoint}"
@b-0198,"",✓,"","","","","","","","","","","","","",✓,"","","","",Bravo VAV 1-2 Discharge Air Flow Setpoint,✓,"",✓,"","","","","",@b-0195,"","","","",✓,"","","","","","","","","","",✓,"","","","","","",Number,"","","","","","","",✓,"","","","","","","","","","",@b-0000,✓,"",@b-042e,"","","","",Chicago,cfm,"","","","","","","","","","","{sourcePointName:FLOW_STPT, dataSyncRecovered:2020-07-10T01:00:10.995-04:00 New_York, inScope, backgroundPoint}"
@b-0199,"","","","","","","","","","","",✓,"","","",✓,"","","","",Bravo VAV 1-2 Heating Valve Output,"","","","","","","","",@b-0195,"","","","","","","","","","","","","",✓,"",✓,✓,"","","","","",Number,"","","","","","","",✓,"","","","","","","","","","",@b-0000,"","",@b-042e,"","","","",Chicago,%,✓,"","",✓,"","","","","","","{sourcePointName:Htg, dataSyncRecovered:2020-07-10T01:00:10.126-04:00 New_York, inScope, backgroundPoint}"
@b-019a,"",✓,"","","","","","","","","","","","","",✓,"","","","",Bravo VAV 1-2 Supply Air Temperature,✓,"","","","","","","",@b-0195,"","","","","","","","","","","","","","","",✓,"","","","","","",Number,"","","","","","","",✓,"","","","","","","",✓,"","",@b-0000,"","",@b-042e,"","",✓,"",Chicago,°F,"","","","","","","","","","","{sourcePointName:DisAirTemp, dataSyncRecovered:2020-07-10T01:00:10.745-04:00 New_York, inScope, backgroundPoint}"
@b-019b,"",✓,"","","","","","","","","","","","","",✓,"","","","",Bravo VAV 1-2 Zone Air Temp Setpoint,"","","","","","","","",@b-0195,"","","","","","","","","","","","","","","",✓,"","","","","","",Number,"","","","","","","",✓,"","","","","","","","","","",@b-0000,✓,"",@b-042e,"","",✓,"",Chicago,°F,"","","","","","","","","",✓,"{sourcePointName:STAT_SETPOINT, dataSyncRecovered:2020-07-10T01:00:10.374-04:00 New_York, inScope, backgroundPoint}"
@b-019c,"",✓,"","","","","","","","","","","","","",✓,"","","","",Bravo VAV 1-2 Zone Temperature,"","","","","","","","",@b-0195,"","","","","","","","","","","","","","","",✓,"","","","","","",Number,"","","","","","","",✓,"","","","","","","",✓,"","",@b-0000,"","",@b-042e,"","",✓,"",Chicago,°F,"","","","","","","","","",✓,"{sourcePointName:SPACE_TEMP, dataSyncRecovered:2020-07-10T01:00:10.126-04:00 New_York, inScope, backgroundPoint}"
@b-019d,"","","",@b-00ac,"","","","","","","","","","","","","","","","",Bravo VAV 1-20,"","","","","","","",✓,"","","","","","","","","","","","","","","","","","",✓,@b-0012,"","",✓,"","","","","","","","","","","","","","","","","",✓,"",@b-0000,"","",@b-042e,"","","",✓,"","","",✓,"","","","","","","",✓,"{tu, designSource:Drawings, designHotWaterEnteringTemp:180°F, designHotWaterLeavingTemp:151°F, designHotWaterPower:10.8MMBTU/h, designHotWaterFlow:0.28gal/min, designAirFlow:800cfm}"
@b-019e,"",✓,"","","","","","","","","",✓,"","","",✓,✓,"","","",Bravo VAV 1-20 Damper Output,✓,"","","","","","","",@b-019d,"","","","","","","","","","","","","","","",✓,"","","","","","",Number,"","","","","","","",✓,"","","","","","","","","","",@b-0000,"","",@b-042e,"","","","",Chicago,%,"","","","","","","","","","","{sourcePointName:DAMPER_CMD, dataSyncRecovered:2020-07-10T01:00:10.003-04:00 New_York, inScope, backgroundPoint}"
@b-019f,"",✓,"","","","","","","","","","","","","",✓,"","","","",Bravo VAV 1-20 Discharge Air Flow,✓,"","","","","","","",@b-019d,"","","","",✓,"","","","","","","","","","",✓,"","","","","","",Number,"","","","","","","",✓,"","","","","","","",✓,"","",@b-0000,"","",@b-042e,"","","","",Chicago,cfm,"","","","","","","","","","","{sourcePointName:BOX_FLOW, dataSyncRecovered:2020-07-10T01:00:10.126-04:00 New_York, inScope, backgroundPoint}"
@b-01a0,"",✓,"","","","","","","","","","","","","",✓,"","","","",Bravo VAV 1-20 Discharge Air Flow Setpoint,✓,"",✓,"","","","","",@b-019d,"","","","",✓,"","","","","","","","","","",✓,"","","","","","",Number,"","","","","","","",✓,"","","","","","","","","","",@b-0000,✓,"",@b-042e,"","","","",Chicago,cfm,"","","","","","","","","","","{sourcePointName:FLOW_STPT, dataSyncRecovered:2020-07-10T01:00:13.145-04:00 New_York, inScope, backgroundPoint}"
@b-01a1,"","","","","","","","","","","",✓,"","","",✓,"","","","",Bravo VAV 1-20 Heating Valve Output,"","","","","","","","",@b-019d,"","","","","","","","","","","","","",✓,"",✓,✓,"","","","","",Number,"","","","","","","",✓,"","","","","","","","","","",@b-0000,"","",@b-042e,"","","","",Chicago,%,✓,"","",✓,"","","","","","","{sourcePointName:Htg, dataSyncRecovered:2020-07-10T01:00:10.87-04:00 New_York, inScope, backgroundPoint}"
@b-01a2,"",✓,"","","","","","","","","","","","","",✓,"","","","",Bravo VAV 1-20 Supply Air Temperature,✓,"","","","","","","",@b-019d,"","","","","","","","","","","","","","","",✓,"","","","","","",Str,"","","","","","","",✓,"","","","","","","",✓,"","",@b-0000,"","",@b-042e,"","",✓,"",Chicago,°F,"","","","","","","","","","","{sourcePointName:DisAirTemp, dataSyncRecovered:2020-07-10T01:00:09.879-04:00 New_York, inScope, backgroundPoint}"
@b-01a3,"",✓,"","","","","","","","","","","","","",✓,"","","","",Bravo VAV 1-20 Zone Air Temp Setpoint,"","","","","","","","",@b-019d,"","","","","","","","","","","","","","","",✓,"","","","","","",Number,"","","","","","","",✓,"","","","","","","","","","",@b-0000,✓,"",@b-042e,"","",✓,"",Chicago,°F,"","","","","","","","","",✓,"{sourcePointName:STAT_SETPOINT, dataSyncRecovered:2020-07-10T01:00:09.752-04:00 New_York, inScope, backgroundPoint}"
@b-01a4,"",✓,"","","","","","","","","","","","","",✓,"","","","",Bravo VAV 1-20 Zone Temperature,"","","","","","","","",@b-019d,"","","","","","","","","","","","","","","",✓,"","","","","","",Number,"","","","","","","",✓,"","","","","","","",✓,"","",@b-0000,"","",@b-042e,"","",✓,"",Chicago,°F,"","","","","","","","","",✓,"{sourcePointName:SPACE_TEMP, dataSyncRecovered:2020-07-10T01:00:10.126-04:00 New_York, inScope, backgroundPoint}"
@b-01a5,"","","",@b-00ac,"","","","","","","","","","","","","","","","",Bravo VAV 1-3,"","","","","","","",✓,"","","","","","","","","","","","","","","","","","",✓,@b-0012,"","",✓,"","","","","","","","","","","","","","","","","",✓,"",@b-0000,"","",@b-042e,"","","",✓,"","","",✓,"","","","","","","",✓,"{tu, designSource:Drawings, designHotWaterEnteringTemp:180°F, designHotWaterLeavingTemp:152°F, designHotWaterPower:83.5MMBTU/h, designHotWaterFlow:12gal/min, designAirFlow:3000cfm}"
@b-01a6,"",✓,"","","","","","","","","",✓,"","","",✓,✓,"","","",Bravo VAV 1-3 Damper Output,✓,"","","","","","","",@b-01a5,"","","","","","","","","","","","","","","",✓,"","","","","","",Number,"","","","","","","",✓,"","","","","","","","","","",@b-0000,"","",@b-042e,"","","","",Chicago,%,"","","","","","","","","","","{sourcePointName:DAMPER_CMD, dataSyncRecovered:2020-07-10T01:00:07.721-04:00 New_York, inScope, backgroundPoint}"
@b-01a7,"",✓,"","","","","","","","","","","","","",✓,"","","","",Bravo VAV 1-3 Discharge Air Flow,✓,"","","","","","","",@b-01a5,"","","","",✓,"","","","","","","","","","",✓,"","","","","","",Number,"","","","","","","",✓,"","","","","","","",✓,"","",@b-0000,"","",@b-042e,"","","","",Chicago,cfm,"","","","","","","","","","","{sourcePointName:BOX_FLOW, dataSyncRecovered:2020-07-10T01:00:09.627-04:00 New_York, inScope, backgroundPoint}"
@b-01a8,"",✓,"","","","","","","","","","","","","",✓,"","","","",Bravo VAV 1-3 Discharge Air Flow Setpoint,✓,"",✓,"","","","","",@b-01a5,"","","","",✓,"","","","","","","","","","",✓,"","","","","","",Number,"","","","","","","",✓,"","","","","","","","","","",@b-0000,✓,"",@b-042e,"","","","",Chicago,cfm,"","","","","","","","","","","{sourcePointName:FLOW_STPT, dataSyncRecovered:2020-07-10T01:00:10.62-04:00 New_York, inScope, backgroundPoint}"
@b-01a9,"","","","","","","","","","","",✓,"","","",✓,"","","","",Bravo VAV 1-3 Heating Valve Output,"","","","","","","","",@b-01a5,"","","","","","","","","","","","","",✓,"",✓,✓,"","","","","",Number,"","","","","","","",✓,"","","","","","","","","","",@b-0000,"","",@b-042e,"","","","",Chicago,%,✓,"","",✓,"","","","","","","{sourcePointName:Htg, dataSyncRecovered:2020-07-10T01:00:11.258-04:00 New_York, inScope, backgroundPoint}"
@b-01aa,"",✓,"","","","","","","","","","","","","",✓,"","","","",Bravo VAV 1-3 Supply Air Humidity,✓,"","","","","","","",@b-01a5,"","","","","","","","","","","","","","","",✓,"","","","",✓,"",Number,"","","","","","","",✓,sensor,"","","","","","",✓,"","",@b-0000,"","",@b-042e,"","","","",Chicago,%,"","","","","","","","","","","{sourcePointName:DisChgrHumid, dataSyncRecovered:2020-07-10T01:00:10.249-04:00 New_York, backgroundPoint}"
@b-01ab,"",✓,"","","","","","","","","","","","","",✓,"","","","",Bravo VAV 1-3 Supply Air Temperature,✓,"","","","","","","",@b-01a5,"","","","","","","","","","","","","","","",✓,"","","","","","",Number,"","","","","","","",✓,"","","","","","","",✓,"","",@b-0000,"","",@b-042e,"","",✓,"",Chicago,°F,"","","","","","","","","","","{sourcePointName:DisAirTemp, dataSyncRecovered:2020-07-10T01:00:10.374-04:00 New_York, inScope, backgroundPoint}"
@b-01ac,"",✓,"","","","","","","","","","","","","",✓,"","","","",Bravo VAV 1-3 Zone Air Temp Setpoint,"","","","","","","","",@b-01a5,"","","","","","","","","","","","","","","",✓,"","","","","","",Number,"","","","","","","",✓,"","","","","","","","","","",@b-0000,✓,"",@b-042e,"","",✓,"",Chicago,°F,"","","","","","","","","",✓,"{sourcePointName:STAT_SETPOINT, dataSyncRecovered:2020-07-10T01:00:10.497-04:00 New_York, inScope, backgroundPoint}"
@b-01ad,"",✓,"","","","","","","","","","","","","",✓,"","","","",Bravo VAV 1-3 Zone Relative Humidity,"","","","","","","","",@b-01a5,"","","","","","","","","","","","","","","",✓,"","","","",✓,"",Number,"","","","","","","",✓,sensor,"","","","","","",✓,"","",@b-0000,"","",@b-042e,"","","","",Chicago,%,"","","","","","","","","",✓,"{predictionConf:0.7237593125289187, sourcePointName:SpaceHum, dataSyncRecovered:2020-07-10T01:00:10.249-04:00 New_York, inScope, backgroundPoint}"
@b-01ae,"",✓,"","","","","","","","","","","","","",✓,"","","","",Bravo VAV 1-3 Zone Temperature,"","","","","","","","",@b-01a5,"","","","","","","","","","","","","","","",✓,"","","","","","",Number,"","","","","","","",✓,"","","","","","","",✓,"","",@b-0000,"","",@b-042e,"","",✓,"",Chicago,°F,"","","","","","","","","",✓,"{sourcePointName:SPACE_TEMP, dataSyncRecovered:2020-07-10T01:00:07.473-04:00 New_York, inScope, backgroundPoint}"
@b-01af,"","","",@b-00ac,"","","","","","","","","","","","","","","","",Bravo VAV 1-4,"","","","","","","",✓,"","","",✓,"","","","","","","","","","","","","","",✓,@b-0012,"","",✓,"","","","","","","","","","","","","","","","","",✓,"",@b-0000,"","",@b-042e,"","","",✓,"","","",✓,"","","","","","","",✓,"{tu, designSource:Drawings, designHotWaterEnteringTemp:180°F, designHotWaterLeavingTemp:152°F, designHotWaterPower:3.8MMBTU/h, designHotWaterFlow:0.75gal/min, designAirFlow:300cfm}"
@b-01b0,"",✓,"","","","","","","","","",✓,"","","",✓,✓,"","","",Bravo VAV 1-4 Damper Output,✓,"","","","","","","",@b-01af,"","","","","","","","","","","","","","","",✓,"","","","","","",Number,"","","","","","","",✓,"","","","","","","","","","",@b-0000,"","",@b-042e,"","","","",Chicago,%,"","","","","","","","","","","{sourcePointName:DAMPER_CMD, dataSyncRecovered:2020-07-10T01:00:11.258-04:00 New_York, inScope, backgroundPoint}"
@b-01b1,"",✓,"","","","","","","","","","","","","",✓,"","","","",Bravo VAV 1-4 Discharge Air Flow,✓,"","","","","","","",@b-01af,"","","","",✓,"","","","","","","","","","",✓,"","","","","","",Number,"","","","","","","",✓,"","","","","","","",✓,"","",@b-0000,"","",@b-042e,"","","","",Chicago,cfm,"","","","","","","","","","","{sourcePointName:BOX_FLOW, dataSyncRecovered:2020-07-10T01:00:10.497-04:00 New_York, inScope, backgroundPoint}"
@b-01b2,"",✓,"","","","","","","","","","","","","",✓,"","","","",Bravo VAV 1-4 Discharge Air Flow Setpoint,✓,"",✓,"","","","","",@b-01af,"","","","",✓,"","","","","","","","","","",✓,"","","","","","",Number,"","","","","","","",✓,"","","","","","","","","","",@b-0000,✓,"",@b-042e,"","","","",Chicago,cfm,"","","","","","","","","","","{sourcePointName:FLOW_STPT, dataSyncRecovered:2020-07-10T01:00:10.374-04:00 New_York, inScope, backgroundPoint}"
@b-01b3,"","","","","","","","","","","",✓,"","","",✓,"","","","",Bravo VAV 1-4 Heating Valve Output,"","","","","","","","",@b-01af,"","","","","","","","","","","","","",✓,"",✓,✓,"","","","","",Number,"","","","","","","",✓,"","","","","","","","","","",@b-0000,"","",@b-042e,"","","","",Chicago,%,✓,"","",✓,"","","","","","","{sourcePointName:Htg, dataSyncRecovered:2020-07-10T01:00:13.145-04:00 New_York, inScope, backgroundPoint}"
@b-01b4,"",✓,"","","","","","","","","","","","","",✓,"","","","",Bravo VAV 1-4 Supply Air Temperature,✓,"","","","","","","",@b-01af,"","","","","","","","","","","","","","","",✓,"","","","","","",Number,"","","","","","","",✓,"","","","","","","",✓,"","",@b-0000,"","",@b-042e,"","",✓,"",Chicago,°F,"","","","","","","","","","","{sourcePointName:DisAirTemp, dataSyncRecovered:2020-07-10T01:00:09.627-04:00 New_York, inScope, backgroundPoint}"
@b-01b5,"",✓,"","","","","","","","","","","","","",✓,"","","","",Bravo VAV 1-4 Zone Air Temp Setpoint,"","","","","","","","",@b-01af,"","","","","","","","","","","","","","","",✓,"","","","","","",Number,"","","","","","","",✓,"","","","","","","","","","",@b-0000,✓,"",@b-042e,"","",✓,"",Chicago,°F,"","","","","","","","","",✓,"{sourcePointName:STAT_SETPOINT, dataSyncRecovered:2020-07-10T01:00:10.745-04:00 New_York, inScope, backgroundPoint}"
@b-01b6,"",✓,"","","","","","","","","","","","","",✓,"","","","",Bravo VAV 1-4 Zone Temperature,"","","","","","","","",@b-01af,"","","","","","","","","","","","","","","",✓,"","","","","","",Number,"","","","","","","",✓,"","","","","","","",✓,"","",@b-0000,"","",@b-042e,"","",✓,"",Chicago,°F,"","","","","","","","","",✓,"{sourcePointName:SPACE_TEMP, dataSyncRecovered:2020-07-10T01:00:07.473-04:00 New_York, inScope, backgroundPoint}"
@b-01b7,"","","",@b-00ac,"","","","","","","","","","","","","","","","",Bravo VAV 1-5,"","","","","","","",✓,"","","",✓,"","","","","","","","","","","","","","",✓,@b-0012,"","",✓,"","","","","","","","","","","","","","","","","",✓,"",@b-0000,"","",@b-042e,"","","",✓,"","","",✓,"","","","","","","",✓,"{tu, designSource:Drawings, designHotWaterEnteringTemp:180°F, designHotWaterLeavingTemp:152°F, designHotWaterPower:10.5MMBTU/h, designHotWaterFlow:1.5gal/min, designAirFlow:450cfm}"
@b-01b8,"",✓,"","","","","","","","","",✓,"","","",✓,✓,"","","",Bravo VAV 1-5 Damper Output,✓,"","","","","","","",@b-01b7,"","","","","","","","","","","","","","","",✓,"","","","","","",Number,"","","","","","","",✓,"","","","","","","","","","",@b-0000,"","",@b-042e,"","","","",Chicago,%,"","","","","","","","","","","{sourcePointName:DAMPER_CMD, dataSyncRecovered:2020-07-10T01:00:10.374-04:00 New_York, inScope, backgroundPoint}"
@b-01b9,"",✓,"","","","","","","","","","","","","",✓,"","","","",Bravo VAV 1-5 Discharge Air Flow,✓,"","","","","","","",@b-01b7,"","","","",✓,"","","","","","","","","","",✓,"","","","","","",Number,"","","","","","","",✓,"","","","","","","",✓,"","",@b-0000,"","",@b-042e,"","","","",Chicago,cfm,"","","","","","","","","","","{sourcePointName:BOX_FLOW, dataSyncRecovered:2020-07-10T01:00:10.995-04:00 New_York, inScope, backgroundPoint}"
@b-01ba,"",✓,"","","","","","","","","","","","","",✓,"","","","",Bravo VAV 1-5 Discharge Air Flow Setpoint,✓,"",✓,"","","","","",@b-01b7,"","","","",✓,"","","","","","","","","","",✓,"","","","","","",Number,"","","","","","","",✓,"","","","","","","","","","",@b-0000,✓,"",@b-042e,"","","","",Chicago,cfm,"","","","","","","","","","","{sourcePointName:FLOW_STPT, dataSyncRecovered:2020-07-10T01:00:09.752-04:00 New_York, inScope, backgroundPoint}"
@b-01bb,"","","","","","","","","","","",✓,"","","",✓,"","","","",Bravo VAV 1-5 Heating Valve Output,"","","","","","","","",@b-01b7,"","","","","","","","","","","","","",✓,"",✓,✓,"","","","","",Number,"","","","","","","",✓,"","","","","","","","","","",@b-0000,"","",@b-042e,"","","","",Chicago,%,✓,"","",✓,"","","","","","","{sourcePointName:Htg, dataSyncRecovered:2020-07-10T01:00:09.752-04:00 New_York, inScope, backgroundPoint}"
@b-01bc,"",✓,"","","","","","","","","","","","","",✓,"","","","",Bravo VAV 1-5 Supply Air Temperature,✓,"","","","","","","",@b-01b7,"","","","","","","","","","","","","","","",✓,"","","","","","",Number,"","","","","","","",✓,"","","","","","","",✓,"","",@b-0000,"","",@b-042e,"","",✓,"",Chicago,°F,"","","","","","","","","","","{sourcePointName:DisAirTemp, dataSyncRecovered:2020-07-10T01:00:10.374-04:00 New_York, inScope, backgroundPoint}"
@b-01bd,"",✓,"","","","","","","","","","","","","",✓,"","","","",Bravo VAV 1-5 Zone Air Temp Setpoint,"","","","","","","","",@b-01b7,"","","","","","","","","","","","","","","",✓,"","","","","","",Number,"","","","","","","",✓,"","","","","","","","","","",@b-0000,✓,"",@b-042e,"","",✓,"",Chicago,°F,"","","","","","","","","",✓,"{sourcePointName:STAT_SETPOINT, dataSyncRecovered:2020-07-10T01:00:10.745-04:00 New_York, inScope, backgroundPoint}"
@b-01be,"",✓,"","","","","","","","","","","","","",✓,"","","","",Bravo VAV 1-5 Zone Temperature,"","","","","","","","",@b-01b7,"","","","","","","","","","","","","","","",✓,"","","","","","",Number,"","","","","","","",✓,"","","","","","","",✓,"","",@b-0000,"","",@b-042e,"","",✓,"",Chicago,°F,"","","","","","","","","",✓,"{sourcePointName:SPACE_TEMP, dataSyncRecovered:2020-07-10T01:00:10.249-04:00 New_York, inScope, backgroundPoint}"
@b-01bf,"","","",@b-00ac,"","","","","","","","","","","","","","","","",Bravo VAV 1-6,"","","","","","","",✓,"","","","","","","","","","","","","","","","","","",✓,@b-0012,"","",✓,"","","","","","","","","","","","","","","","","",✓,"",@b-0000,"","",@b-042e,"","","",✓,"","","",✓,"","","","","","","",✓,"{tu, designSource:Drawings, designHotWaterEnteringTemp:180°F, designHotWaterLeavingTemp:152°F, designHotWaterPower:83.5MMBTU/h, designHotWaterFlow:12gal/min, designAirFlow:3000cfm}"
@b-01c0,"",✓,"","","","","","","","","",✓,"","","",✓,✓,"","","",Bravo VAV 1-6 Damper Output,✓,"","","","","","","",@b-01bf,"","","","","","","","","","","","","","","",✓,"","","","","","",Number,"","","","","","","",✓,"","","","","","","","","","",@b-0000,"","",@b-042e,"","","","",Chicago,%,"","","","","","","","","","","{sourcePointName:DAMPER_CMD, dataSyncRecovered:2020-07-10T01:00:07.721-04:00 New_York, inScope, backgroundPoint}"
@b-01c1,"",✓,"","","","","","","","","","","","","",✓,"","","","",Bravo VAV 1-6 Discharge Air Flow,✓,"","","","","","","",@b-01bf,"","","","",✓,"","","","","","","","","","",✓,"","","","","","",Number,"","","","","","","",✓,"","","","","","","",✓,"","",@b-0000,"","",@b-042e,"","","","",Chicago,cfm,"","","","","","","","","","","{sourcePointName:BOX_FLOW, dataSyncRecovered:2020-07-10T01:00:10.87-04:00 New_York, inScope, backgroundPoint}"
@b-01c2,"",✓,"","","","","","","","","","","","","",✓,"","","","",Bravo VAV 1-6 Discharge Air Flow Setpoint,✓,"",✓,"","","","","",@b-01bf,"","","","",✓,"","","","","","","","","","",✓,"","","","","","",Number,"","","","","","","",✓,"","","","","","","","","","",@b-0000,✓,"",@b-042e,"","","","",Chicago,cfm,"","","","","","","","","","","{sourcePointName:FLOW_STPT, dataSyncRecovered:2020-07-10T01:00:10.745-04:00 New_York, inScope, backgroundPoint}"
@b-01c3,"","","","","","","","","","","",✓,"","","",✓,"","","","",Bravo VAV 1-6 Heating Valve Output,"","","","","","","","",@b-01bf,"","","","","","","","","","","","","",✓,"",✓,✓,"","","","","",Number,"","","","","","","",✓,"","","","","","","","","","",@b-0000,"","",@b-042e,"","","","",Chicago,%,✓,"","",✓,"","","","","","","{sourcePointName:Htg, dataSyncRecovered:2020-07-10T01:00:10.995-04:00 New_York, inScope, backgroundPoint}"
@b-01c4,"",✓,"","","","","","","","","","","","","",✓,"","","","",Bravo VAV 1-6 Supply Air Humidity,✓,"","","","","","","",@b-01bf,"","","","","","","","","","","","","","","",✓,"","","","",✓,"",Number,"","","","","","","",✓,sensor,"","","","","","",✓,"","",@b-0000,"","",@b-042e,"","","","",Chicago,%,"","","","","","","","","","","{sourcePointName:DisChgrHumid, dataSyncRecovered:2020-07-10T01:00:07.598-04:00 New_York, backgroundPoint}"
@b-01c5,"",✓,"","","","","","","","","","","","","",✓,"","","","",Bravo VAV 1-6 Supply Air Temperature,✓,"","","","","","","",@b-01bf,"","","","","","","","","","","","","","","",✓,"","","","","","",Number,"","","","","","","",✓,"","","","","","","",✓,"","",@b-0000,"","",@b-042e,"","",✓,"",Chicago,°F,"","","","","","","","","","","{sourcePointName:DisAirTemp, dataSyncRecovered:2020-07-10T01:00:10.249-04:00 New_York, inScope, backgroundPoint}"
@b-01c6,"",✓,"","","","","","","","","","","","","",✓,"","","","",Bravo VAV 1-6 Zone Air Temp Setpoint,"","","","","","","","",@b-01bf,"","","","","","","","","","","","","","","",✓,"","","","","","",Number,"","","","","","","",✓,"","","","","","","","","","",@b-0000,✓,"",@b-042e,"","",✓,"",Chicago,°F,"","","","","","","","","",✓,"{sourcePointName:STAT_SETPOINT, dataSyncRecovered:2020-07-10T01:00:10.745-04:00 New_York, inScope, backgroundPoint}"
@b-01c7,"",✓,"","","","","","","","","","","","","",✓,"","","","",Bravo VAV 1-6 Zone Relative Humidity,"","","","","","","","",@b-01bf,"","","","","","","","","","","","","","","",✓,"","","","",✓,"",Number,"","","","","","","",✓,sensor,"","","","","","",✓,"","",@b-0000,"","",@b-042e,"","","","",Chicago,%,"","","","","","","","","",✓,"{sourcePointName:SpaceHum, dataSyncRecovered:2020-07-10T01:00:11.258-04:00 New_York, inScope, backgroundPoint}"
@b-01c8,"",✓,"","","","","","","","","","","","","",✓,"","","","",Bravo VAV 1-6 Zone Temperature,"","","","","","","","",@b-01bf,"","","","","","","","","","","","","","","",✓,"","","","","","",Number,"","","","","","","",✓,"","","","","","","",✓,"","",@b-0000,"","",@b-042e,"","",✓,"",Chicago,°F,"","","","","","","","","",✓,"{sourcePointName:SPACE_TEMP, dataSyncRecovered:2020-07-10T01:00:07.598-04:00 New_York, inScope, backgroundPoint}"
@b-01c9,"","","",@b-00ac,"","","","","","","","","","","","","","","","",Bravo VAV 1-7,"","","","","","","",✓,"","","",✓,"","","","","","","","","","","","","","",✓,@b-0012,"","",✓,"","","","","","","","","","","","","","","","","",✓,"",@b-0000,"","",@b-042e,"","","",✓,"","","",✓,"","","","","","","",✓,"{tu, designSource:Drawings, designHotWaterEnteringTemp:180°F, designHotWaterLeavingTemp:152°F, designHotWaterPower:7.6MMBTU/h, designHotWaterFlow:1.25gal/min, designAirFlow:450cfm}"
@b-01ca,"",✓,"","","","","","","","","",✓,"","","",✓,✓,"","","",Bravo VAV 1-7 Damper Output,✓,"","","","","","","",@b-01c9,"","","","","","","","","","","","","","","",✓,"","","","","","",Number,"","","","","","","",✓,"","","","","","","","","","",@b-0000,"","",@b-042e,"","","","",Chicago,%,"","","","","","","","","","","{sourcePointName:DAMPER_CMD, dataSyncRecovered:2020-07-10T01:00:07.598-04:00 New_York, inScope, backgroundPoint}"
@b-01cb,"",✓,"","","","","","","","","","","","","",✓,"","","","",Bravo VAV 1-7 Discharge Air Flow,✓,"","","","","","","",@b-01c9,"","","","",✓,"","","","","","","","","","",✓,"","","","","","",Number,"","","","","","","",✓,"","","","","","","",✓,"","",@b-0000,"","",@b-042e,"","","","",Chicago,cfm,"","","","","","","","","","","{sourcePointName:BOX_FLOW, dataSyncRecovered:2020-07-10T01:00:07.721-04:00 New_York, inScope, backgroundPoint}"
@b-01cc,"",✓,"","","","","","","","","","","","","",✓,"","","","",Bravo VAV 1-7 Discharge Air Flow Setpoint,✓,"",✓,"","","","","",@b-01c9,"","","","",✓,"","","","","","","","","","",✓,"","","","","","",Number,"","","","","","","",✓,"","","","","","","","","","",@b-0000,✓,"",@b-042e,"","","","",Chicago,cfm,"","","","","","","","","","","{sourcePointName:FLOW_STPT, dataSyncRecovered:2020-07-10T01:00:10.87-04:00 New_York, inScope, backgroundPoint}"
@b-01cd,"","","","","","","","","","","",✓,"","","",✓,"","","","",Bravo VAV 1-7 Heating Valve Output,"","","","","","","","",@b-01c9,"","","","","","","","","","","","","",✓,"",✓,✓,"","","","","",Number,"","","","","","","",✓,"","","","","","","","","","",@b-0000,"","",@b-042e,"","","","",Chicago,%,✓,"","",✓,"","","","","","","{sourcePointName:Htg, dataSyncRecovered:2020-07-10T01:00:10.87-04:00 New_York, inScope, backgroundPoint}"
@b-01ce,"",✓,"","","","","","","","","","","","","",✓,"","","","",Bravo VAV 1-7 Supply Air Temperature,✓,"","","","","","","",@b-01c9,"","","","","","","","","","","","","","","",✓,"","","","","","",Number,"","","","","","","",✓,"","","","","","","",✓,"","",@b-0000,"","",@b-042e,"","",✓,"",Chicago,°F,"","","","","","","","","","","{sourcePointName:DisAirTemp, dataSyncRecovered:2020-07-10T01:00:09.752-04:00 New_York, inScope, backgroundPoint}"
@b-01cf,"",✓,"","","","","","","","","","","","","",✓,"","","","",Bravo VAV 1-7 Zone Air Temp Setpoint,"","","","","","","","",@b-01c9,"","","","","","","","","","","","","","","",✓,"","","","","","",Number,"","","","","","","",✓,"","","","","","","","","","",@b-0000,✓,"",@b-042e,"","",✓,"",Chicago,°F,"","","","","","","","","",✓,"{sourcePointName:STAT_SETPOINT, dataSyncRecovered:2020-07-10T01:00:10.995-04:00 New_York, inScope, backgroundPoint}"
@b-01d0,"",✓,"","","","","","","","","","","","","",✓,"","","","",Bravo VAV 1-7 Zone Temperature,"","","","","","","","",@b-01c9,"","","","","","","","","","","","","","","",✓,"","","","","","",Number,"","","","","","","",✓,"","","","","","","",✓,"","",@b-0000,"","",@b-042e,"","",✓,"",Chicago,°F,"","","","","","","","","",✓,"{sourcePointName:SPACE_TEMP, dataSyncRecovered:2020-07-10T01:00:09.752-04:00 New_York, inScope, backgroundPoint}"
@b-01d1,"","","",@b-00ac,"","","","","","","","","","","","","","","","",Bravo VAV 1-8,"","","","","","","",✓,"","","",✓,"","","","","","","","","","","","","","",✓,@b-0012,"","",✓,"","","","","","","","","","","","","","","","","",✓,"",@b-0000,"","",@b-042e,"","","",✓,"","","",✓,"","","","","","","",✓,"{tu, designSource:Drawings, designHotWaterEnteringTemp:180°F, designHotWaterLeavingTemp:150°F, designHotWaterPower:4.8MMBTU/h, designHotWaterFlow:0.75gal/min, designAirFlow:300cfm}"
@b-01d2,"",✓,"","","","","","","","","",✓,"","","",✓,✓,"","","",Bravo VAV 1-8 Damper Output,✓,"","","","","","","",@b-01d1,"","","","","","","","","","","","","","","",✓,"","","","","","",Number,"","","","","","","",✓,"","","","","","","","","","",@b-0000,"","",@b-042e,"","","","",Chicago,%,"","","","","","","","","","","{sourcePointName:DAMPER_CMD, dataSyncRecovered:2020-07-10T01:00:09.752-04:00 New_York, inScope, backgroundPoint}"
@b-01d3,"",✓,"","","","","","","","","","","","","",✓,"","","","",Bravo VAV 1-8 Discharge Air Flow,✓,"","","","","","","",@b-01d1,"","","","",✓,"","","","","","","","","","",✓,"","","","","","",Number,"","","","","","","",✓,"","","","","","","",✓,"","",@b-0000,"","",@b-042e,"","","","",Chicago,cfm,"","","","","","","","","","","{sourcePointName:BOX_FLOW, dataSyncRecovered:2020-07-10T01:00:07.721-04:00 New_York, inScope, backgroundPoint}"
@b-01d4,"",✓,"","","","","","","","","","","","","",✓,"","","","",Bravo VAV 1-8 Discharge Air Flow Setpoint,✓,"",✓,"","","","","",@b-01d1,"","","","",✓,"","","","","","","","","","",✓,"","","","","","",Number,"","","","","","","",✓,"","","","","","","","","","",@b-0000,✓,"",@b-042e,"","","","",Chicago,cfm,"","","","","","","","","","","{sourcePointName:FLOW_STPT, dataSyncRecovered:2020-07-10T01:00:09.627-04:00 New_York, inScope, backgroundPoint}"
@b-01d5,"","","","","","","","","","","",✓,"","","",✓,"","","","",Bravo VAV 1-8 Heating Valve Output,"","","","","","","","",@b-01d1,"","","","","","","","","","","","","",✓,"",✓,✓,"","","","","",Number,"","","","","","","",✓,"","","","","","","","","","",@b-0000,"","",@b-042e,"","","","",Chicago,%,✓,"","",✓,"","","","","","","{sourcePointName:Htg, dataSyncRecovered:2020-07-10T01:00:07.598-04:00 New_York, inScope, backgroundPoint}"
@b-01d6,"",✓,"","","","","","","","","","","","","",✓,"","","","",Bravo VAV 1-8 Supply Air Temperature,✓,"","","","","","","",@b-01d1,"","","","","","","","","","","","","","","",✓,"","","","","","",Number,"","","","","","","",✓,"","","","","","","",✓,"","",@b-0000,"","",@b-042e,"","",✓,"",Chicago,°F,"","","","","","","","","","","{sourcePointName:DisAirTemp, dataSyncRecovered:2020-07-10T01:00:09.627-04:00 New_York, inScope, backgroundPoint}"
@b-01d7,"",✓,"","","","","","","","","","","","","",✓,"","","","",Bravo VAV 1-8 Zone Air Temp Setpoint,"","","","","","","","",@b-01d1,"","","","","","","","","","","","","","","",✓,"","","","","","",Number,"","","","","","","",✓,"","","","","","","","","","",@b-0000,✓,"",@b-042e,"","",✓,"",Chicago,°F,"","","","","","","","","",✓,"{sourcePointName:STAT_SETPOINT, dataSyncRecovered:2020-07-10T01:00:10.249-04:00 New_York, inScope, backgroundPoint}"
@b-01d8,"",✓,"","","","","","","","","","","","","",✓,"","","","",Bravo VAV 1-8 Zone Temperature,"","","","","","","","",@b-01d1,"","","","","","","","","","","","","","","",✓,"","","","","","",Number,"","","","","","","",✓,"","","","","","","",✓,"","",@b-0000,"","",@b-042e,"","",✓,"",Chicago,°F,"","","","","","","","","",✓,"{sourcePointName:SPACE_TEMP, dataSyncRecovered:2020-07-10T01:00:10.374-04:00 New_York, inScope, backgroundPoint}"
@b-01d9,"","","",@b-00ac,"","","","","","","","","","","","","","","","",Bravo VAV 1-9,"","","","","","","",✓,"","","",✓,"","","","","","","","","","","","","","",✓,@b-0012,"","",✓,"","","","","","","","","","","","","","","","","",✓,"",@b-0000,"","",@b-042e,"","","",✓,"","","",✓,"","","","","","","",✓,"{tu, designSource:Drawings, designHotWaterEnteringTemp:180°F, designHotWaterLeavingTemp:149°F, designHotWaterPower:15.3MMBTU/h, designHotWaterFlow:1.75gal/min, designAirFlow:875cfm}"
@b-01da,"",✓,"","","","","","","","","",✓,"","","",✓,✓,"","","",Bravo VAV 1-9 Damper Output,✓,"","","","","","","",@b-01d9,"","","","","","","","","","","","","","","",✓,"","","","","","",Number,"","","","","","","",✓,"","","","","","","","","","",@b-0000,"","",@b-042e,"","","","",Chicago,%,"","","","","","","","","","","{sourcePointName:DAMPER_CMD, dataSyncRecovered:2020-07-10T01:00:09.627-04:00 New_York, inScope, backgroundPoint}"
@b-01db,"",✓,"","","","","","","","","","","","","",✓,"","","","",Bravo VAV 1-9 Discharge Air Flow,✓,"","","","","","","",@b-01d9,"","","","",✓,"","","","","","","","","","",✓,"","","","","","",Number,"","","","","","","",✓,"","","","","","","",✓,"","",@b-0000,"","",@b-042e,"","","","",Chicago,cfm,"","","","","","","","","","","{sourcePointName:BOX_FLOW, dataSyncRecovered:2020-07-10T01:00:09.879-04:00 New_York, inScope, backgroundPoint}"
@b-01dc,"",✓,"","","","","","","","","","","","","",✓,"","","","",Bravo VAV 1-9 Discharge Air Flow Setpoint,✓,"",✓,"","","","","",@b-01d9,"","","","",✓,"","","","","","","","","","",✓,"","","","","","",Number,"","","","","","","",✓,"","","","","","","","","","",@b-0000,✓,"",@b-042e,"","","","",Chicago,cfm,"","","","","","","","","","","{sourcePointName:FLOW_STPT, dataSyncRecovered:2020-07-10T01:00:09.627-04:00 New_York, inScope, backgroundPoint}"
@b-01dd,"","","","","","","","","","","",✓,"","","",✓,"","","","",Bravo VAV 1-9 Heating Valve Output,"","","","","","","","",@b-01d9,"","","","","","","","","","","","","",✓,"",✓,✓,"","","","","",Number,"","","","","","","",✓,"","","","","","","","","","",@b-0000,"","",@b-042e,"","","","",Chicago,%,✓,"","",✓,"","","","","","","{sourcePointName:Htg, dataSyncRecovered:2020-07-10T01:00:10.62-04:00 New_York, inScope, backgroundPoint}"
@b-01de,"",✓,"","","","","","","","","","","","","",✓,"","","","",Bravo VAV 1-9 Supply Air Temperature,✓,"","","","","","","",@b-01d9,"","","","","","","","","","","","","","","",✓,"","","","","","",Number,"","","","","","","",✓,"","","","","","","",✓,"","",@b-0000,"","",@b-042e,"","",✓,"",Chicago,°F,"","","","","","","","","","","{sourcePointName:DisAirTemp, dataSyncRecovered:2020-07-10T01:00:10.87-04:00 New_York, inScope, backgroundPoint}"
@b-01df,"",✓,"","","","","","","","","","","","","",✓,"","","","",Bravo VAV 1-9 Zone Air Temp Setpoint,"","","","","","","","",@b-01d9,"","","","","","","","","","","","","","","",✓,"","","","","","",Number,"","","","","","","",✓,"","","","","","","","","","",@b-0000,✓,"",@b-042e,"","",✓,"",Chicago,°F,"","","","","","","","","",✓,"{sourcePointName:STAT_SETPOINT, dataSyncRecovered:2020-07-10T01:00:09.879-04:00 New_York, inScope, backgroundPoint}"
@b-01e0,"",✓,"","","","","","","","","","","","","",✓,"","","","",Bravo VAV 1-9 Zone Temperature,"","","","","","","","",@b-01d9,"","","","","","","","","","","","","","","",✓,"","","","","","",Number,"","","","","","","",✓,"","","","","","","",✓,"","",@b-0000,"","",@b-042e,"","",✓,"",Chicago,°F,"","","","","","","","","",✓,"{sourcePointName:SPACE_TEMP, dataSyncRecovered:2020-07-10T01:00:09.879-04:00 New_York, inScope, backgroundPoint}"
@b-01e1,"","","",@b-00ce,"","","","","","","","","","","","","","","","",Bravo VAV 2-1,"","","","","","","",✓,"","","","","","","","","","","","","","","","","","",✓,@b-0012,"","",✓,"","","","","","","","","","","","","","","","","",✓,"",@b-0000,"","",@b-042e,"","","",✓,"","","",✓,"","","","","","","",✓,"{tu, designSource:Drawings, designHotWaterEnteringTemp:180°F, designHotWaterLeavingTemp:149°F, designHotWaterPower:8.9MMBTU/h, designHotWaterFlow:1gal/min, designAirFlow:450cfm}"
@b-01e2,"",✓,"","","","","","","","","",✓,"","","",✓,✓,"","","",Bravo VAV 2-1 Damper Output,✓,"","","","","","","",@b-01e1,"","","","","","","","","","","","","","","",✓,"","","","","","",Number,"","","","","","","",✓,"","","","","","","","","","",@b-0000,"","",@b-042e,"","","","",Chicago,%,"","","","","","","","","","","{sourcePointName:DAMPER_CMD, dataSyncRecovered:2020-07-10T01:00:10.249-04:00 New_York, inScope, backgroundPoint}"
@b-01e3,"",✓,"","","","","","","","","","","","","",✓,"","","","",Bravo VAV 2-1 Discharge Air Flow,✓,"","","","","","","",@b-01e1,"","","","",✓,"","","","","","","","","","",✓,"","","","","","",Number,"","","","","","","",✓,"","","","","","","",✓,"","",@b-0000,"","",@b-042e,"","","","",Chicago,cfm,"","","","","","","","","","","{sourcePointName:BOX_FLOW, dataSyncRecovered:2020-07-10T01:00:10.87-04:00 New_York, inScope, backgroundPoint}"
@b-01e4,"",✓,"","","","","","","","","","","","","",✓,"","","","",Bravo VAV 2-1 Discharge Air Flow Setpoint,✓,"",✓,"","","","","",@b-01e1,"","","","",✓,"","","","","","","","","","",✓,"","","","","","",Number,"","","","","","","",✓,"","","","","","","","","","",@b-0000,✓,"",@b-042e,"","","","",Chicago,cfm,"","","","","","","","","","","{sourcePointName:FLOW_STPT, dataSyncRecovered:2020-07-10T01:00:10.87-04:00 New_York, inScope, backgroundPoint}"
@b-01e5,"","","","","","","","","","","",✓,"","","",✓,"","","","",Bravo VAV 2-1 Heating Valve Output,"","","","","","","","",@b-01e1,"","","","","","","","","","","","","",✓,"",✓,✓,"","","","","",Number,"","","","","","","",✓,"","","","","","","","","","",@b-0000,"","",@b-042e,"","","","",Chicago,%,✓,"","",✓,"","","","","","","{sourcePointName:Htg, dataSyncRecovered:2020-07-10T01:00:07.598-04:00 New_York, inScope, backgroundPoint}"
@b-01e6,"",✓,"","","","","","","","","","","","","",✓,"","","","",Bravo VAV 2-1 Supply Air Temperature,✓,"","","","","","","",@b-01e1,"","","","","","","","","","","","","","","",✓,"","","","","","",Number,"","","","","","","",✓,"","","","","","","",✓,"","",@b-0000,"","",@b-042e,"","",✓,"",Chicago,°F,"","","","","","","","","","","{sourcePointName:DisAirTemp, dataSyncRecovered:2020-07-10T01:00:10.995-04:00 New_York, inScope, backgroundPoint}"
@b-01e7,"",✓,"","","","","","","","","","","","","",✓,"","","","",Bravo VAV 2-1 Zone Air Temp Setpoint,"","","","","","","","",@b-01e1,"","","","","","","","","","","","","","","",✓,"","","","","","",Number,"","","","","","","",✓,"","","","","","","","","","",@b-0000,✓,"",@b-042e,"","",✓,"",Chicago,°F,"","","","","","","","","",✓,"{sourcePointName:STAT_SETPOINT, dataSyncRecovered:2020-07-10T01:00:10.003-04:00 New_York, inScope, backgroundPoint}"
@b-01e8,"",✓,"","","","","","","","","","","","","",✓,"","","","",Bravo VAV 2-1 Zone Temperature,"","","","","","","","",@b-01e1,"","","","","","","","","","","","","","","",✓,"","","","","","",Number,"","","","","","","",✓,"","","","","","","",✓,"","",@b-0000,"","",@b-042e,"","",✓,"",Chicago,°F,"","","","","","","","","",✓,"{sourcePointName:SPACE_TEMP, dataSyncRecovered:2020-07-10T01:00:10.497-04:00 New_York, inScope, backgroundPoint}"
@b-01e9,"","","",@b-00ce,"","","","","","","","","","","","","","","","",Bravo VAV 2-10,"","","","","","","",✓,"","","",✓,"","","","","","","","","","","","","","",✓,@b-0012,"","",✓,"","","","","","","","","","","","","","","","","",✓,"",@b-0000,"","",@b-042e,"","","",✓,"","","",✓,"","","","","","","",✓,"{tu, designSource:Drawings, designHotWaterEnteringTemp:180°F, designHotWaterLeavingTemp:151°F, designHotWaterPower:4.3MMBTU/h, designHotWaterFlow:0.75gal/min, designAirFlow:175cfm}"
@b-01ea,"",✓,"","","","","","","","","",✓,"","","",✓,✓,"","","",Bravo VAV 2-10 Damper Output,✓,"","","","","","","",@b-01e9,"","","","","","","","","","","","","","","",✓,"","","","","","",Number,"","","","","","","",✓,"","","","","","","","","","",@b-0000,"","",@b-042e,"","","","",Chicago,%,"","","","","","","","","","","{sourcePointName:DAMPER_CMD, dataSyncRecovered:2020-07-10T01:00:10.995-04:00 New_York, inScope, backgroundPoint}"
@b-01eb,"",✓,"","","","","","","","","","","","","",✓,"","","","",Bravo VAV 2-10 Discharge Air Flow,✓,"","","","","","","",@b-01e9,"","","","",✓,"","","","","","","","","","",✓,"","","","","","",Number,"","","","","","","",✓,"","","","","","","",✓,"","",@b-0000,"","",@b-042e,"","","","",Chicago,cfm,"","","","","","","","","","","{sourcePointName:BOX_FLOW, dataSyncRecovered:2020-07-10T01:00:10.003-04:00 New_York, inScope, backgroundPoint}"
@b-01ec,"",✓,"","","","","","","","","","","","","",✓,"","","","",Bravo VAV 2-10 Discharge Air Flow Setpoint,✓,"",✓,"","","","","",@b-01e9,"","","","",✓,"","","","","","","","","","",✓,"","","","","","",Number,"","","","","","","",✓,"","","","","","","","","","",@b-0000,✓,"",@b-042e,"","","","",Chicago,cfm,"","","","","","","","","","","{sourcePointName:FLOW_STPT, dataSyncRecovered:2020-07-10T01:00:10.126-04:00 New_York, inScope, backgroundPoint}"
@b-01ed,"","","","","","","","","","","",✓,"","","",✓,"","","","",Bravo VAV 2-10 Heating Valve Output,"","","","","","","","",@b-01e9,"","","","","","","","","","","","","",✓,"",✓,✓,"","","","","",Number,"","","","","","","",✓,"","","","","","","","","","",@b-0000,"","",@b-042e,"","","","",Chicago,%,✓,"","",✓,"","","","","","","{sourcePointName:Htg, dataSyncRecovered:2020-07-10T01:00:07.473-04:00 New_York, inScope, backgroundPoint}"
@b-01ee,"",✓,"","","","","","","","","","","","","",✓,"","","","",Bravo VAV 2-10 Supply Air Temperature,✓,"","","","","","","",@b-01e9,"","","","","","","","","","","","","","","",✓,"","","","","","",Number,"","","","","","","",✓,"","","","","","","",✓,"","",@b-0000,"","",@b-042e,"","",✓,"",Chicago,°F,"","","","","","","","","","","{sourcePointName:DisAirTemp, dataSyncRecovered:2020-07-10T01:00:07.721-04:00 New_York, inScope, backgroundPoint}"
@b-01ef,"",✓,"","","","","","","","","","","","","",✓,"","","","",Bravo VAV 2-10 Zone Air Temp Setpoint,"","","","","","","","",@b-01e9,"","","","","","","","","","","","","","","",✓,"","","","","","",Number,"","","","","","","",✓,"","","","","","","","","","",@b-0000,✓,"",@b-042e,"","",✓,"",Chicago,°F,"","","","","","","","","",✓,"{sourcePointName:STAT_SETPOINT, dataSyncRecovered:2020-07-10T01:00:07.473-04:00 New_York, inScope, backgroundPoint}"
@b-01f0,"",✓,"","","","","","","","","","","","","",✓,"","","","",Bravo VAV 2-10 Zone Temperature,"","","","","","","","",@b-01e9,"","","","","","","","","","","","","","","",✓,"","","","","","",Number,"","","","","","","",✓,"","","","","","","",✓,"","",@b-0000,"","",@b-042e,"","",✓,"",Chicago,°F,"","","","","","","","","",✓,"{sourcePointName:SPACE_TEMP, dataSyncRecovered:2020-07-10T01:00:10.249-04:00 New_York, inScope, backgroundPoint}"
@b-01f1,"","","",@b-00ce,"","","","","","","","","","","","","","","","",Bravo VAV 2-11,"","","","","","","",✓,"","","",✓,"","","","","","","","","","","","","","",✓,@b-0012,"","",✓,"","","","","","","","","","","","","","","","","",✓,"",@b-0000,"","",@b-042e,"","","",✓,"","","",✓,"","","","","","","",✓,"{tu, designSource:Drawings, designHotWaterEnteringTemp:180°F, designHotWaterLeavingTemp:149°F, designHotWaterPower:9.2MMBTU/h, designHotWaterFlow:1gal/min, designAirFlow:450cfm}"
@b-01f2,"",✓,"","","","","","","","","",✓,"","","",✓,✓,"","","",Bravo VAV 2-11 Damper Output,✓,"","","","","","","",@b-01f1,"","","","","","","","","","","","","","","",✓,"","","","","","",Number,"","","","","","","",✓,"","","","","","","","","","",@b-0000,"","",@b-042e,"","","","",Chicago,%,"","","","","","","","","","","{sourcePointName:DAMPER_CMD, dataSyncRecovered:2020-07-10T01:00:09.752-04:00 New_York, inScope, backgroundPoint}"
@b-01f3,"",✓,"","","","","","","","","","","","","",✓,"","","","",Bravo VAV 2-11 Discharge Air Flow,✓,"","","","","","","",@b-01f1,"","","","",✓,"","","","","","","","","","",✓,"","","","","","",Number,"","","","","","","",✓,"","","","","","","",✓,"","",@b-0000,"","",@b-042e,"","","","",Chicago,cfm,"","","","","","","","","","","{sourcePointName:BOX_FLOW, dataSyncRecovered:2020-07-10T01:00:09.879-04:00 New_York, inScope, backgroundPoint}"
@b-01f4,"",✓,"","","","","","","","","","","","","",✓,"","","","",Bravo VAV 2-11 Discharge Air Flow Setpoint,✓,"",✓,"","","","","",@b-01f1,"","","","",✓,"","","","","","","","","","",✓,"","","","","","",Number,"","","","","","","",✓,"","","","","","","","","","",@b-0000,✓,"",@b-042e,"","","","",Chicago,cfm,"","","","","","","","","","","{sourcePointName:FLOW_STPT, dataSyncRecovered:2020-07-10T01:00:09.627-04:00 New_York, inScope, backgroundPoint}"
@b-01f5,"","","","","","","","","","","",✓,"","","",✓,"","","","",Bravo VAV 2-11 Heating Valve Output,"","","","","","","","",@b-01f1,"","","","","","","","","","","","","",✓,"",✓,✓,"","","","","",Number,"","","","","","","",✓,"","","","","","","","","","",@b-0000,"","",@b-042e,"","","","",Chicago,%,✓,"","",✓,"","","","","","","{sourcePointName:Htg, dataSyncRecovered:2020-07-10T01:00:10.87-04:00 New_York, inScope, backgroundPoint}"
@b-01f6,"",✓,"","","","","","","","","","","","","",✓,"","","","",Bravo VAV 2-11 Supply Air Temperature,✓,"","","","","","","",@b-01f1,"","","","","","","","","","","","","","","",✓,"","","","","","",Number,"","","","","","","",✓,"","","","","","","",✓,"","",@b-0000,"","",@b-042e,"","",✓,"",Chicago,°F,"","","","","","","","","","","{sourcePointName:DisAirTemp, dataSyncRecovered:2020-07-10T01:00:13.145-04:00 New_York, inScope, backgroundPoint}"
@b-01f7,"",✓,"","","","","","","","","","","","","",✓,"","","","",Bravo VAV 2-11 Zone Air Temp Setpoint,"","","","","","","","",@b-01f1,"","","","","","","","","","","","","","","",✓,"","","","","","",Number,"","","","","","","",✓,"","","","","","","","","","",@b-0000,✓,"",@b-042e,"","",✓,"",Chicago,°F,"","","","","","","","","",✓,"{sourcePointName:STAT_SETPOINT, dataSyncRecovered:2020-07-10T01:00:09.752-04:00 New_York, inScope, backgroundPoint}"
@b-01f8,"",✓,"","","","","","","","","","","","","",✓,"","","","",Bravo VAV 2-11 Zone Temperature,"","","","","","","","",@b-01f1,"","","","","","","","","","","","","","","",✓,"","","","","","",Number,"","","","","","","",✓,"","","","","","","",✓,"","",@b-0000,"","",@b-042e,"","",✓,"",Chicago,°F,"","","","","","","","","",✓,"{sourcePointName:SPACE_TEMP, dataSyncRecovered:2020-07-10T01:00:07.598-04:00 New_York, inScope, backgroundPoint}"
@b-01f9,"","","",@b-00ce,"","","","","","","","","","","","","","","","",Bravo VAV 2-12,"","","","","","","",✓,"","","","","","","","","","","","","","","","","","",✓,@b-0012,"","",✓,"","","","","","","","","","","","","","","","","",✓,"",@b-0000,"","",@b-042e,"","","",✓,"","","",✓,"","","","","","","",✓,"{tu, designSource:Drawings, designHotWaterEnteringTemp:180°F, designHotWaterLeavingTemp:152°F, designHotWaterPower:4.6MMBTU/h, designHotWaterFlow:0.75gal/min, designAirFlow:250cfm}"
@b-01fa,"",✓,"","","","","","","","","",✓,"","","",✓,✓,"","","",Bravo VAV 2-12 Damper Output,✓,"","","","","","","",@b-01f9,"","","","","","","","","","","","","","","",✓,"","","","","","",Number,"","","","","","","",✓,"","","","","","","","","","",@b-0000,"","",@b-042e,"","","","",Chicago,%,"","","","","","","","","","","{sourcePointName:DAMPER_CMD, dataSyncRecovered:2020-07-10T01:00:10.374-04:00 New_York, inScope, backgroundPoint}"
@b-01fb,"",✓,"","","","","","","","","","","","","",✓,"","","","",Bravo VAV 2-12 Discharge Air Flow,✓,"","","","","","","",@b-01f9,"","","","",✓,"","","","","","","","","","",✓,"","","","","","",Number,"","","","","","","",✓,"","","","","","","",✓,"","",@b-0000,"","",@b-042e,"","","","",Chicago,cfm,"","","","","","","","","","","{sourcePointName:BOX_FLOW, dataSyncRecovered:2020-07-10T01:00:10.497-04:00 New_York, inScope, backgroundPoint}"
@b-01fc,"",✓,"","","","","","","","","","","","","",✓,"","","","",Bravo VAV 2-12 Discharge Air Flow Setpoint,✓,"",✓,"","","","","",@b-01f9,"","","","",✓,"","","","","","","","","","",✓,"","","","","","",Number,"","","","","","","",✓,"","","","","","","","","","",@b-0000,✓,"",@b-042e,"","","","",Chicago,cfm,"","","","","","","","","","","{sourcePointName:FLOW_STPT, dataSyncRecovered:2020-07-10T01:00:09.752-04:00 New_York, inScope, backgroundPoint}"
@b-01fd,"","","","","","","","","","","",✓,"","","",✓,"","","","",Bravo VAV 2-12 Heating Valve Output,"","","","","","","","",@b-01f9,"","","","","","","","","","","","","",✓,"",✓,✓,"","","","","",Number,"","","","","","","",✓,"","","","","","","","","","",@b-0000,"","",@b-042e,"","","","",Chicago,%,✓,"","",✓,"","","","","","","{sourcePointName:Htg, dataSyncRecovered:2020-07-10T01:00:10.497-04:00 New_York, inScope, backgroundPoint}"
@b-01fe,"",✓,"","","","","","","","","","","","","",✓,"","","","",Bravo VAV 2-12 Supply Air Temperature,✓,"","","","","","","",@b-01f9,"","","","","","","","","","","","","","","",✓,"","","","","","",Number,"","","","","","","",✓,"","","","","","","",✓,"","",@b-0000,"","",@b-042e,"","",✓,"",Chicago,°F,"","","","","","","","","","","{sourcePointName:DisAirTemp, dataSyncRecovered:2020-07-10T01:00:10.995-04:00 New_York, inScope, backgroundPoint}"
@b-01ff,"",✓,"","","","","","","","","","","","","",✓,"","","","",Bravo VAV 2-12 Zone Air Temp Setpoint,"","","","","","","","",@b-01f9,"","","","","","","","","","","","","","","",✓,"","","","","","",Number,"","","","","","","",✓,"","","","","","","","","","",@b-0000,✓,"",@b-042e,"","",✓,"",Chicago,°F,"","","","","","","","","",✓,"{sourcePointName:STAT_SETPOINT, dataSyncRecovered:2020-07-10T01:00:09.627-04:00 New_York, inScope, backgroundPoint}"
@b-0200,"",✓,"","","","","","","","","","","","","",✓,"","","","",Bravo VAV 2-12 Zone Temperature,"","","","","","","","",@b-01f9,"","","","","","","","","","","","","","","",✓,"","","","","","",Number,"","","","","","","",✓,"","","","","","","",✓,"","",@b-0000,"","",@b-042e,"","",✓,"",Chicago,°F,"","","","","","","","","",✓,"{sourcePointName:SPACE_TEMP, dataSyncRecovered:2020-07-10T01:00:10.87-04:00 New_York, inScope, backgroundPoint}"
@b-0201,"","","",@b-00ce,"","","","","","","","","","","","","","","","",Bravo VAV 2-13,"","","","","","","",✓,"","","",✓,"","","","","","","","","","","","","","",✓,@b-0012,"","",✓,"","","","","","","","","","","","","","","","","",✓,"",@b-0000,"","",@b-042e,"","","",✓,"","","",✓,"","","","","","","",✓,"{tu, designSource:Drawings, designHotWaterEnteringTemp:180°F, designHotWaterLeavingTemp:149°F, designHotWaterPower:8.9MMBTU/h, designHotWaterFlow:1gal/min, designAirFlow:450cfm}"
@b-0202,"",✓,"","","","","","","","","",✓,"","","",✓,✓,"","","",Bravo VAV 2-13 Damper Output,✓,"","","","","","","",@b-0201,"","","","","","","","","","","","","","","",✓,"","","","","","",Number,"","","","","","","",✓,"","","","","","","","","","",@b-0000,"","",@b-042e,"","","","",Chicago,%,"","","","","","","","","","","{sourcePointName:DAMPER_CMD, dataSyncRecovered:2020-07-10T01:00:10.126-04:00 New_York, inScope, backgroundPoint}"
@b-0203,"",✓,"","","","","","","","","","","","","",✓,"","","","",Bravo VAV 2-13 Discharge Air Flow,✓,"","","","","","","",@b-0201,"","","","",✓,"","","","","","","","","","",✓,"","","","","","",Number,"","","","","","","",✓,"","","","","","","",✓,"","",@b-0000,"","",@b-042e,"","","","",Chicago,cfm,"","","","","","","","","","","{sourcePointName:BOX_FLOW, dataSyncRecovered:2020-07-10T01:00:07.473-04:00 New_York, inScope, backgroundPoint}"
@b-0204,"",✓,"","","","","","","","","","","","","",✓,"","","","",Bravo VAV 2-13 Discharge Air Flow Setpoint,✓,"",✓,"","","","","",@b-0201,"","","","",✓,"","","","","","","","","","",✓,"","","","","","",Number,"","","","","","","",✓,"","","","","","","","","","",@b-0000,✓,"",@b-042e,"","","","",Chicago,cfm,"","","","","","","","","","","{sourcePointName:FLOW_STPT, dataSyncRecovered:2020-07-10T01:00:10.003-04:00 New_York, inScope, backgroundPoint}"
@b-0205,"","","","","","","","","","","",✓,"","","",✓,"","","","",Bravo VAV 2-13 Heating Valve Output,"","","","","","","","",@b-0201,"","","","","","","","","","","","","",✓,"",✓,✓,"","","","","",Number,"","","","","","","",✓,"","","","","","","","","","",@b-0000,"","",@b-042e,"","","","",Chicago,%,✓,"","",✓,"","","","","","","{sourcePointName:Htg, dataSyncRecovered:2020-07-10T01:00:10.126-04:00 New_York, inScope, backgroundPoint}"
@b-0206,"",✓,"","","","","","","","","","","","","",✓,"","","","",Bravo VAV 2-13 Supply Air Temperature,✓,"","","","","","","",@b-0201,"","","","","","","","","","","","","","","",✓,"","","","","","",Number,"","","","","","","",✓,"","","","","","","",✓,"","",@b-0000,"","",@b-042e,"","",✓,"",Chicago,°F,"","","","","","","","","","","{sourcePointName:DisAirTemp, dataSyncRecovered:2020-07-10T01:00:10.126-04:00 New_York, inScope, backgroundPoint}"
@b-0207,"",✓,"","","","","","","","","","","","","",✓,"","","","",Bravo VAV 2-13 Zone Air Temp Setpoint,"","","","","","","","",@b-0201,"","","","","","","","","","","","","","","",✓,"","","","","","",Number,"","","","","","","",✓,"","","","","","","","","","",@b-0000,✓,"",@b-042e,"","",✓,"",Chicago,°F,"","","","","","","","","",✓,"{sourcePointName:STAT_SETPOINT, dataSyncRecovered:2020-07-10T01:00:10.62-04:00 New_York, inScope, backgroundPoint}"
@b-0208,"",✓,"","","","","","","","","","","","","",✓,"","","","",Bravo VAV 2-13 Zone Temperature,"","","","","","","","",@b-0201,"","","","","","","","","","","","","","","",✓,"","","","","","",Number,"","","","","","","",✓,"","","","","","","",✓,"","",@b-0000,"","",@b-042e,"","",✓,"",Chicago,°F,"","","","","","","","","",✓,"{sourcePointName:SPACE_TEMP, dataSyncRecovered:2020-07-10T01:00:10.249-04:00 New_York, inScope, backgroundPoint}"
@b-0209,"","","",@b-00ce,"","","","","","","","","","","","","","","","",Bravo VAV 2-14,"","","","","","","",✓,"","","",✓,"","","","","","","","","","","","","","",✓,@b-0012,"","",✓,"","","","","","","","","","","","","","","","","",✓,"",@b-0000,"","",@b-042e,"","","",✓,"","","",✓,"","","","","","","",✓,"{tu, designSource:Drawings, designHotWaterEnteringTemp:180°F, designHotWaterLeavingTemp:150°F, designHotWaterPower:24.2MMBTU/h, designHotWaterFlow:2.5gal/min, designAirFlow:1450cfm}"
@b-020a,"",✓,"","","","","","","","","",✓,"","","",✓,✓,"","","",Bravo VAV 2-14 Damper Output,✓,"","","","","","","",@b-0209,"","","","","","","","","","","","","","","",✓,"","","","","","",Number,"","","","","","","",✓,"","","","","","","","","","",@b-0000,"","",@b-042e,"","","","",Chicago,%,"","","","","","","","","","","{sourcePointName:DAMPER_CMD, dataSyncRecovered:2020-07-10T01:00:13.145-04:00 New_York, inScope, backgroundPoint}"
@b-020b,"",✓,"","","","","","","","","","","","","",✓,"","","","",Bravo VAV 2-14 Discharge Air Flow,✓,"","","","","","","",@b-0209,"","","","",✓,"","","","","","","","","","",✓,"","","","","","",Number,"","","","","","","",✓,"","","","","","","",✓,"","",@b-0000,"","",@b-042e,"","","","",Chicago,cfm,"","","","","","","","","","","{sourcePointName:BOX_FLOW, dataSyncRecovered:2020-07-10T01:00:10.249-04:00 New_York, inScope, backgroundPoint}"
@b-020c,"",✓,"","","","","","","","","","","","","",✓,"","","","",Bravo VAV 2-14 Discharge Air Flow Setpoint,✓,"",✓,"","","","","",@b-0209,"","","","",✓,"","","","","","","","","","",✓,"","","","","","",Number,"","","","","","","",✓,"","","","","","","","","","",@b-0000,✓,"",@b-042e,"","","","",Chicago,cfm,"","","","","","","","","","","{sourcePointName:FLOW_STPT, dataSyncRecovered:2020-07-10T01:00:09.627-04:00 New_York, inScope, backgroundPoint}"
@b-020d,"","","","","","","","","","","",✓,"","","",✓,"","","","",Bravo VAV 2-14 Heating Valve Output,"","","","","","","","",@b-0209,"","","","","","","","","","","","","",✓,"",✓,✓,"","","","","",Number,"","","","","","","",✓,"","","","","","","","","","",@b-0000,"","",@b-042e,"","","","",Chicago,%,✓,"","",✓,"","","","","","","{sourcePointName:Htg, dataSyncRecovered:2020-07-10T01:00:11.258-04:00 New_York, inScope, backgroundPoint}"
@b-020e,"",✓,"","","","","","","","","","","","","",✓,"","","","",Bravo VAV 2-14 Supply Air Temperature,✓,"","","","","","","",@b-0209,"","","","","","","","","","","","","","","",✓,"","","","","","",Number,"","","","","","","",✓,"","","","","","","",✓,"","",@b-0000,"","",@b-042e,"","",✓,"",Chicago,°F,"","","","","","","","","","","{sourcePointName:DisAirTemp, dataSyncRecovered:2020-07-10T01:00:09.879-04:00 New_York, inScope, backgroundPoint}"
@b-020f,"",✓,"","","","","","","","","","","","","",✓,"","","","",Bravo VAV 2-14 Zone Air Temp Setpoint,"","","","","","","","",@b-0209,"","","","","","","","","","","","","","","",✓,"","","","","","",Number,"","","","","","","",✓,"","","","","","","","","","",@b-0000,✓,"",@b-042e,"","",✓,"",Chicago,°F,"","","","","","","","","",✓,"{sourcePointName:STAT_SETPOINT, dataSyncRecovered:2020-07-10T01:00:10.995-04:00 New_York, inScope, backgroundPoint}"
@b-0210,"",✓,"","","","","","","","","","","","","",✓,"","","","",Bravo VAV 2-14 Zone Temperature,"","","","","","","","",@b-0209,"","","","","","","","","","","","","","","",✓,"","","","","","",Number,"","","","","","","",✓,"","","","","","","",✓,"","",@b-0000,"","",@b-042e,"","",✓,"",Chicago,°F,"","","","","","","","","",✓,"{sourcePointName:SPACE_TEMP, dataSyncRecovered:2020-07-10T01:00:09.879-04:00 New_York, inScope, backgroundPoint}"
@b-0211,"","","",@b-00ce,"","","","","","","","","","","","","","","","",Bravo VAV 2-15,"","","","","","","",✓,"","","",✓,"","","","","","","","","","","","","","",✓,@b-0012,"","",✓,"","","","","","","","","","","","","","","","","",✓,"",@b-0000,"","",@b-042e,"","","",✓,"","","",✓,"","","","","","","",✓,"{tu, designSource:Drawings, designHotWaterEnteringTemp:180°F, designHotWaterLeavingTemp:149°F, designHotWaterPower:9.7MMBTU/h, designHotWaterFlow:1gal/min, designAirFlow:400cfm}"
@b-0212,"",✓,"","","","","","","","","",✓,"","","",✓,✓,"","","",Bravo VAV 2-15 Damper Output,✓,"","","","","","","",@b-0211,"","","","","","","","","","","","","","","",✓,"","","","","","",Number,"","","","","","","",✓,"","","","","","","","","","",@b-0000,"","",@b-042e,"","","","",Chicago,%,"","","","","","","","","","","{sourcePointName:DAMPER_CMD, dataSyncRecovered:2020-07-10T01:00:09.752-04:00 New_York, inScope, backgroundPoint}"
@b-0213,"",✓,"","","","","","","","","","","","","",✓,"","","","",Bravo VAV 2-15 Discharge Air Flow,✓,"","","","","","","",@b-0211,"","","","",✓,"","","","","","","","","","",✓,"","","","","","",Number,"","","","","","","",✓,"","","","","","","",✓,"","",@b-0000,"","",@b-042e,"","","","",Chicago,cfm,"","","","","","","","","","","{sourcePointName:BOX_FLOW, dataSyncRecovered:2020-07-10T01:00:10.87-04:00 New_York, inScope, backgroundPoint}"
@b-0214,"",✓,"","","","","","","","","","","","","",✓,"","","","",Bravo VAV 2-15 Discharge Air Flow Setpoint,✓,"",✓,"","","","","",@b-0211,"","","","",✓,"","","","","","","","","","",✓,"","","","","","",Number,"","","","","","","",✓,"","","","","","","","","","",@b-0000,✓,"",@b-042e,"","","","",Chicago,cfm,"","","","","","","","","","","{sourcePointName:FLOW_STPT, dataSyncRecovered:2020-07-10T01:00:10.374-04:00 New_York, inScope, backgroundPoint}"
@b-0215,"","","","","","","","","","","",✓,"","","",✓,"","","","",Bravo VAV 2-15 Heating Valve Output,"","","","","","","","",@b-0211,"","","","","","","","","","","","","",✓,"",✓,✓,"","","","","",Number,"","","","","","","",✓,"","","","","","","","","","",@b-0000,"","",@b-042e,"","","","",Chicago,%,✓,"","",✓,"","","","","","","{sourcePointName:Htg, dataSyncRecovered:2020-07-10T01:00:10.497-04:00 New_York, inScope, backgroundPoint}"
@b-0216,"",✓,"","","","","","","","","","","","","",✓,"","","","",Bravo VAV 2-15 Supply Air Temperature,✓,"","","","","","","",@b-0211,"","","","","","","","","","","","","","","",✓,"","","","","","",Str,"","","","","","","",✓,"","","","","","","",✓,"","",@b-0000,"","",@b-042e,"","",✓,"",Chicago,°F,"","","","","","","","","","","{sourcePointName:DisAirTemp, dataSyncRecovered:2020-07-10T01:00:10.995-04:00 New_York, inScope, backgroundPoint}"
@b-0217,"",✓,"","","","","","","","","","","","","",✓,"","","","",Bravo VAV 2-15 Zone Air Temp Setpoint,"","","","","","","","",@b-0211,"","","","","","","","","","","","","","","",✓,"","","","","","",Number,"","","","","","","",✓,"","","","","","","","","","",@b-0000,✓,"",@b-042e,"","",✓,"",Chicago,°F,"","","","","","","","","",✓,"{sourcePointName:STAT_SETPOINT, dataSyncRecovered:2020-07-10T01:00:10.249-04:00 New_York, inScope, backgroundPoint}"
@b-0218,"",✓,"","","","","","","","","","","","","",✓,"","","","",Bravo VAV 2-15 Zone Temperature,"","","","","","","","",@b-0211,"","","","","","","","","","","","","","","",✓,"","","","","","",Number,"","","","","","","",✓,"","","","","","","",✓,"","",@b-0000,"","",@b-042e,"","",✓,"",Chicago,°F,"","","","","","","","","",✓,"{sourcePointName:SPACE_TEMP, dataSyncRecovered:2020-07-10T01:00:07.721-04:00 New_York, inScope, backgroundPoint}"
@b-0219,"","","",@b-00ce,"","","","","","","","","","","","","","","","",Bravo VAV 2-16,"","","","","","","",✓,"","","",✓,"","","","","","","","","","","","","","",✓,@b-0012,"","",✓,"","","","","","","","","","","","","","","","","",✓,"",@b-0000,"","",@b-042e,"","","",✓,"","","",✓,"","","","","","","",✓,"{tu, designSource:Drawings, designHotWaterEnteringTemp:180°F, designHotWaterLeavingTemp:149°F, designHotWaterPower:9.2MMBTU/h, designHotWaterFlow:1gal/min, designAirFlow:400cfm}"
@b-021a,"",✓,"","","","","","","","","",✓,"","","",✓,✓,"","","",Bravo VAV 2-16 Damper Output,✓,"","","","","","","",@b-0219,"","","","","","","","","","","","","","","",✓,"","","","","","",Number,"","","","","","","",✓,"","","","","","","","","","",@b-0000,"","",@b-042e,"","","","",Chicago,%,"","","","","","","","","","","{sourcePointName:DAMPER_CMD, dataSyncRecovered:2020-07-10T01:00:09.627-04:00 New_York, inScope, backgroundPoint}"
@b-021b,"",✓,"","","","","","","","","","","","","",✓,"","","","",Bravo VAV 2-16 Discharge Air Flow,✓,"","","","","","","",@b-0219,"","","","",✓,"","","","","","","","","","",✓,"","","","","","",Number,"","","","","","","",✓,"","","","","","","",✓,"","",@b-0000,"","",@b-042e,"","","","",Chicago,cfm,"","","","","","","","","","","{sourcePointName:BOX_FLOW, dataSyncRecovered:2020-07-10T01:00:10.249-04:00 New_York, inScope, backgroundPoint}"
@b-021c,"",✓,"","","","","","","","","","","","","",✓,"","","","",Bravo VAV 2-16 Discharge Air Flow Setpoint,✓,"",✓,"","","","","",@b-0219,"","","","",✓,"","","","","","","","","","",✓,"","","","","","",Number,"","","","","","","",✓,"","","","","","","","","","",@b-0000,✓,"",@b-042e,"","","","",Chicago,cfm,"","","","","","","","","","","{sourcePointName:FLOW_STPT, dataSyncRecovered:2020-07-10T01:00:10.745-04:00 New_York, inScope, backgroundPoint}"
@b-021d,"","","","","","","","","","","",✓,"","","",✓,"","","","",Bravo VAV 2-16 Heating Valve Output,"","","","","","","","",@b-0219,"","","","","","","","","","","","","",✓,"",✓,✓,"","","","","",Number,"","","","","","","",✓,"","","","","","","","","","",@b-0000,"","",@b-042e,"","","","",Chicago,%,✓,"","",✓,"","","","","","","{sourcePointName:Htg, dataSyncRecovered:2020-07-10T01:00:09.752-04:00 New_York, inScope, backgroundPoint}"
@b-021e,"",✓,"","","","","","","","","","","","","",✓,"","","","",Bravo VAV 2-16 Supply Air Temperature,✓,"","","","","","","",@b-0219,"","","","","","","","","","","","","","","",✓,"","","","","","",Str,"","","","","","","",✓,"","","","","","","",✓,"","",@b-0000,"","",@b-042e,"","",✓,"",Chicago,°F,"","","","","","","","","","","{sourcePointName:DisAirTemp, dataSyncRecovered:2020-07-10T01:00:10.497-04:00 New_York, inScope, backgroundPoint}"
@b-021f,"",✓,"","","","","","","","","","","","","",✓,"","","","",Bravo VAV 2-16 Zone Air Temp Setpoint,"","","","","","","","",@b-0219,"","","","","","","","","","","","","","","",✓,"","","","","","",Number,"","","","","","","",✓,"","","","","","","","","","",@b-0000,✓,"",@b-042e,"","",✓,"",Chicago,°F,"","","","","","","","","",✓,"{sourcePointName:STAT_SETPOINT, dataSyncRecovered:2020-07-10T01:00:09.879-04:00 New_York, inScope, backgroundPoint}"
@b-0220,"",✓,"","","","","","","","","","","","","",✓,"","","","",Bravo VAV 2-16 Zone Temperature,"","","","","","","","",@b-0219,"","","","","","","","","","","","","","","",✓,"","","","","","",Number,"","","","","","","",✓,"","","","","","","",✓,"","",@b-0000,"","",@b-042e,"","",✓,"",Chicago,°F,"","","","","","","","","",✓,"{sourcePointName:SPACE_TEMP, dataSyncRecovered:2020-07-10T01:00:10.126-04:00 New_York, inScope, backgroundPoint}"
@b-0221,"","","",@b-00ce,"","","","","","","","","","","","","","","","",Bravo VAV 2-17,"","","","","","","",✓,"","","",✓,"","","","","","","","","","","","","","",✓,@b-0012,"","",✓,"","","","","","","","","","","","","","","","","",✓,"",@b-0000,"","",@b-042e,"","","",✓,"","","",✓,"","","","","","","",✓,"{tu, designSource:Drawings, designHotWaterEnteringTemp:180°F, designHotWaterLeavingTemp:149°F, designHotWaterPower:8.9MMBTU/h, designHotWaterFlow:1gal/min, designAirFlow:400cfm}"
@b-0222,"",✓,"","","","","","","","","",✓,"","","",✓,✓,"","","",Bravo VAV 2-17 Damper Output,✓,"","","","","","","",@b-0221,"","","","","","","","","","","","","","","",✓,"","","","","","",Number,"","","","","","","",✓,"","","","","","","","","","",@b-0000,"","",@b-042e,"","","","",Chicago,%,"","","","","","","","","","","{sourcePointName:DAMPER_CMD, dataSyncRecovered:2020-07-10T01:00:10.249-04:00 New_York, inScope, backgroundPoint}"
@b-0223,"",✓,"","","","","","","","","","","","","",✓,"","","","",Bravo VAV 2-17 Discharge Air Flow,✓,"","","","","","","",@b-0221,"","","","",✓,"","","","","","","","","","",✓,"","","","","","",Number,"","","","","","","",✓,"","","","","","","",✓,"","",@b-0000,"","",@b-042e,"","","","",Chicago,cfm,"","","","","","","","","","","{sourcePointName:BOX_FLOW, dataSyncRecovered:2020-07-10T01:00:11.125-04:00 New_York, inScope, backgroundPoint}"
@b-0224,"",✓,"","","","","","","","","","","","","",✓,"","","","",Bravo VAV 2-17 Discharge Air Flow Setpoint,✓,"",✓,"","","","","",@b-0221,"","","","",✓,"","","","","","","","","","",✓,"","","","","","",Number,"","","","","","","",✓,"","","","","","","","","","",@b-0000,✓,"",@b-042e,"","","","",Chicago,cfm,"","","","","","","","","","","{sourcePointName:FLOW_STPT, dataSyncRecovered:2020-07-10T01:00:09.879-04:00 New_York, inScope, backgroundPoint}"
@b-0225,"","","","","","","","","","","",✓,"","","",✓,"","","","",Bravo VAV 2-17 Heating Valve Output,"","","","","","","","",@b-0221,"","","","","","","","","","","","","",✓,"",✓,✓,"","","","","",Number,"","","","","","","",✓,"","","","","","","","","","",@b-0000,"","",@b-042e,"","","","",Chicago,%,✓,"","",✓,"","","","","","","{sourcePointName:Htg, dataSyncRecovered:2020-07-10T01:00:07.721-04:00 New_York, inScope, backgroundPoint}"
@b-0226,"",✓,"","","","","","","","","","","","","",✓,"","","","",Bravo VAV 2-17 Supply Air Temperature,✓,"","","","","","","",@b-0221,"","","","","","","","","","","","","","","",✓,"","","","","","",Str,"","","","","","","",✓,"","","","","","","",✓,"","",@b-0000,"","",@b-042e,"","",✓,"",Chicago,°F,"","","","","","","","","","","{sourcePointName:DisAirTemp, dataSyncRecovered:2020-07-10T01:00:10.126-04:00 New_York, inScope, backgroundPoint}"
@b-0227,"",✓,"","","","","","","","","","","","","",✓,"","","","",Bravo VAV 2-17 Zone Air Temp Setpoint,"","","","","","","","",@b-0221,"","","","","","","","","","","","","","","",✓,"","","","","","",Number,"","","","","","","",✓,"","","","","","","","","","",@b-0000,✓,"",@b-042e,"","",✓,"",Chicago,°F,"","","","","","","","","",✓,"{sourcePointName:STAT_SETPOINT, dataSyncRecovered:2020-07-10T01:00:09.627-04:00 New_York, inScope, backgroundPoint}"
@b-0228,"",✓,"","","","","","","","","","","","","",✓,"","","","",Bravo VAV 2-17 Zone Temperature,"","","","","","","","",@b-0221,"","","","","","","","","","","","","","","",✓,"","","","","","",Number,"","","","","","","",✓,"","","","","","","",✓,"","",@b-0000,"","",@b-042e,"","",✓,"",Chicago,°F,"","","","","","","","","",✓,"{sourcePointName:SPACE_TEMP, dataSyncRecovered:2020-07-10T01:00:10.374-04:00 New_York, inScope, backgroundPoint}"
@b-0229,"","","",@b-00ce,"","","","","","","","","","","","","","","","",Bravo VAV 2-18,"","","","","","","",✓,"","","",✓,"","","","","","","","","","","","","","",✓,@b-0012,"","",✓,"","","","","","","","","","","","","","","","","",✓,"",@b-0000,"","",@b-042e,"","","",✓,"","","",✓,"","","","","","","",✓,"{tu, designSource:Drawings, designHotWaterEnteringTemp:180°F, designHotWaterLeavingTemp:152°F, designHotWaterPower:15MMBTU/h, designHotWaterFlow:1.75gal/min, designAirFlow:550cfm}"
@b-022a,"",✓,"","","","","","","","","",✓,"","","",✓,✓,"","","",Bravo VAV 2-18 Damper Output,✓,"","","","","","","",@b-0229,"","","","","","","","","","","","","","","",✓,"","","","","","",Number,"","","","","","","",✓,"","","","","","","","","","",@b-0000,"","",@b-042e,"","","","",Chicago,%,"","","","","","","","","","","{sourcePointName:DAMPER_CMD, dataSyncRecovered:2020-07-10T01:00:10.745-04:00 New_York, inScope, backgroundPoint}"
@b-022b,"",✓,"","","","","","","","","","","","","",✓,"","","","",Bravo VAV 2-18 Discharge Air Flow,✓,"","","","","","","",@b-0229,"","","","",✓,"","","","","","","","","","",✓,"","","","","","",Number,"","","","","","","",✓,"","","","","","","",✓,"","",@b-0000,"","",@b-042e,"","","","",Chicago,cfm,"","","","","","","","","","","{sourcePointName:BOX_FLOW, dataSyncRecovered:2020-07-10T01:00:10.745-04:00 New_York, inScope, backgroundPoint}"
@b-022c,"",✓,"","","","","","","","","","","","","",✓,"","","","",Bravo VAV 2-18 Discharge Air Flow Setpoint,✓,"",✓,"","","","","",@b-0229,"","","","",✓,"","","","","","","","","","",✓,"","","","","","",Number,"","","","","","","",✓,"","","","","","","","","","",@b-0000,✓,"",@b-042e,"","","","",Chicago,cfm,"","","","","","","","","","","{sourcePointName:FLOW_STPT, dataSyncRecovered:2020-07-10T01:00:10.87-04:00 New_York, inScope, backgroundPoint}"
@b-022d,"","","","","","","","","","","",✓,"","","",✓,"","","","",Bravo VAV 2-18 Heating Valve Output,"","","","","","","","",@b-0229,"","","","","","","","","","","","","",✓,"",✓,✓,"","","","","",Number,"","","","","","","",✓,"","","","","","","","","","",@b-0000,"","",@b-042e,"","","","",Chicago,%,✓,"","",✓,"","","","","","","{sourcePointName:Htg, dataSyncRecovered:2020-07-10T01:00:10.374-04:00 New_York, inScope, backgroundPoint}"
@b-022e,"",✓,"","","","","","","","","","","","","",✓,"","","","",Bravo VAV 2-18 Supply Air Temperature,✓,"","","","","","","",@b-0229,"","","","","","","","","","","","","","","",✓,"","","","","","",Number,"","","","","","","",✓,"","","","","","","",✓,"","",@b-0000,"","",@b-042e,"","",✓,"",Chicago,°F,"","","","","","","","","","","{sourcePointName:DisAirTemp, dataSyncRecovered:2020-07-10T01:00:10.003-04:00 New_York, inScope, backgroundPoint}"
@b-022f,"",✓,"","","","","","","","","","","","","",✓,"","","","",Bravo VAV 2-18 Zone Air Temp Setpoint,"","","","","","","","",@b-0229,"","","","","","","","","","","","","","","",✓,"","","","","","",Number,"","","","","","","",✓,"","","","","","","","","","",@b-0000,✓,"",@b-042e,"","",✓,"",Chicago,°F,"","","","","","","","","",✓,"{sourcePointName:STAT_SETPOINT, dataSyncRecovered:2020-07-10T01:00:09.752-04:00 New_York, inScope, backgroundPoint}"
@b-0230,"",✓,"","","","","","","","","","","","","",✓,"","","","",Bravo VAV 2-18 Zone Temperature,"","","","","","","","",@b-0229,"","","","","","","","","","","","","","","",✓,"","","","","","",Number,"","","","","","","",✓,"","","","","","","",✓,"","",@b-0000,"","",@b-042e,"","",✓,"",Chicago,°F,"","","","","","","","","",✓,"{sourcePointName:SPACE_TEMP, dataSyncRecovered:2020-07-10T01:00:10.003-04:00 New_York, inScope, backgroundPoint}"
@b-0231,"","","",@b-00ce,"","","","","","","","","","","","","","","","",Bravo VAV 2-19,"","","","","","","",✓,"","","",✓,"","","","","","","","","","","","","","",✓,@b-0012,"","",✓,"","","","","","","","","","","","","","","","","",✓,"",@b-0000,"","",@b-042e,"","","",✓,"","","",✓,"","","","","","","",✓,"{tu, designSource:Drawings, designHotWaterEnteringTemp:180°F, designHotWaterLeavingTemp:153°F, designHotWaterPower:6.2MMBTU/h, designHotWaterFlow:0.75gal/min, designAirFlow:350cfm}"
@b-0232,"",✓,"","","","","","","","","",✓,"","","",✓,✓,"","","",Bravo VAV 2-19 Damper Output,✓,"","","","","","","",@b-0231,"","","","","","","","","","","","","","","",✓,"","","","","","",Number,"","","","","","","",✓,"","","","","","","","","","",@b-0000,"","",@b-042e,"","","","",Chicago,%,"","","","","","","","","","","{sourcePointName:DAMPER_CMD, dataSyncRecovered:2020-07-10T01:00:07.721-04:00 New_York, inScope, backgroundPoint}"
@b-0233,"",✓,"","","","","","","","","","","","","",✓,"","","","",Bravo VAV 2-19 Discharge Air Flow,✓,"","","","","","","",@b-0231,"","","","",✓,"","","","","","","","","","",✓,"","","","","","",Number,"","","","","","","",✓,"","","","","","","",✓,"","",@b-0000,"","",@b-042e,"","","","",Chicago,cfm,"","","","","","","","","","","{sourcePointName:BOX_FLOW, dataSyncRecovered:2020-07-10T01:00:11.258-04:00 New_York, inScope, backgroundPoint}"
@b-0234,"",✓,"","","","","","","","","","","","","",✓,"","","","",Bravo VAV 2-19 Discharge Air Flow Setpoint,✓,"",✓,"","","","","",@b-0231,"","","","",✓,"","","","","","","","","","",✓,"","","","","","",Number,"","","","","","","",✓,"","","","","","","","","","",@b-0000,✓,"",@b-042e,"","","","",Chicago,cfm,"","","","","","","","","","","{sourcePointName:FLOW_STPT, dataSyncRecovered:2020-07-10T01:00:07.598-04:00 New_York, inScope, backgroundPoint}"
@b-0235,"","","","","","","","","","","",✓,"","","",✓,"","","","",Bravo VAV 2-19 Heating Valve Output,"","","","","","","","",@b-0231,"","","","","","","","","","","","","",✓,"",✓,✓,"","","","","",Number,"","","","","","","",✓,"","","","","","","","","","",@b-0000,"","",@b-042e,"","","","",Chicago,%,✓,"","",✓,"","","","","","","{sourcePointName:Htg, dataSyncRecovered:2020-07-10T01:00:09.627-04:00 New_York, inScope, backgroundPoint}"
@b-0236,"",✓,"","","","","","","","","","","","","",✓,"","","","",Bravo VAV 2-19 Supply Air Temperature,✓,"","","","","","","",@b-0231,"","","","","","","","","","","","","","","",✓,"","","","","","",Str,"","","","","","","",✓,"","","","","","","",✓,"","",@b-0000,"","",@b-042e,"","",✓,"",Chicago,°F,"","","","","","","","","","","{sourcePointName:DisAirTemp, dataSyncRecovered:2020-07-10T01:00:10.62-04:00 New_York, inScope, backgroundPoint}"
@b-0237,"",✓,"","","","","","","","","","","","","",✓,"","","","",Bravo VAV 2-19 Zone Air Temp Setpoint,"","","","","","","","",@b-0231,"","","","","","","","","","","","","","","",✓,"","","","","","",Number,"","","","","","","",✓,"","","","","","","","","","",@b-0000,✓,"",@b-042e,"","",✓,"",Chicago,°F,"","","","","","","","","",✓,"{sourcePointName:STAT_SETPOINT, dataSyncRecovered:2020-07-10T01:00:10.745-04:00 New_York, inScope, backgroundPoint}"
@b-0238,"",✓,"","","","","","","","","","","","","",✓,"","","","",Bravo VAV 2-19 Zone Temperature,"","","","","","","","",@b-0231,"","","","","","","","","","","","","","","",✓,"","","","","","",Number,"","","","","","","",✓,"","","","","","","",✓,"","",@b-0000,"","",@b-042e,"","",✓,"",Chicago,°F,"","","","","","","","","",✓,"{sourcePointName:SPACE_TEMP, dataSyncRecovered:2020-07-10T01:00:10.249-04:00 New_York, inScope, backgroundPoint}"
@b-0239,"","","",@b-00ce,"","","","","","","","","","","","","","","","",Bravo VAV 2-2,"","","","","","","",✓,"","","","","","","","","","","","","","","","","","",✓,@b-0012,"","",✓,"","","","","","","","","","","","","","","","","",✓,"",@b-0000,"","",@b-042e,"","","",✓,"","","",✓,"","","","","","","",✓,"{tu, designSource:Drawings, designHotWaterEnteringTemp:180°F, designHotWaterLeavingTemp:153°F, designHotWaterPower:9.6MMBTU/h, designHotWaterFlow:1.25gal/min, designAirFlow:650cfm}"
@b-023a,"",✓,"","","","","","","","","",✓,"","","",✓,✓,"","","",Bravo VAV 2-2 Damper Output,✓,"","","","","","","",@b-0239,"","","","","","","","","","","","","","","",✓,"","","","","","",Number,"","","","","","","",✓,"","","","","","","","","","",@b-0000,"","",@b-042e,"","","","",Chicago,%,"","","","","","","","","","","{sourcePointName:DAMPER_CMD, dataSyncRecovered:2020-07-10T01:00:10.497-04:00 New_York, inScope, backgroundPoint}"
@b-023b,"",✓,"","","","","","","","","","","","","",✓,"","","","",Bravo VAV 2-2 Discharge Air Flow,✓,"","","","","","","",@b-0239,"","","","",✓,"","","","","","","","","","",✓,"","","","","","",Number,"","","","","","","",✓,"","","","","","","",✓,"","",@b-0000,"","",@b-042e,"","","","",Chicago,cfm,"","","","","","","","","","","{sourcePointName:BOX_FLOW, dataSyncRecovered:2020-07-10T01:00:09.752-04:00 New_York, inScope, backgroundPoint}"
@b-023c,"",✓,"","","","","","","","","","","","","",✓,"","","","",Bravo VAV 2-2 Discharge Air Flow Setpoint,✓,"",✓,"","","","","",@b-0239,"","","","",✓,"","","","","","","","","","",✓,"","","","","","",Number,"","","","","","","",✓,"","","","","","","","","","",@b-0000,✓,"",@b-042e,"","","","",Chicago,cfm,"","","","","","","","","","","{sourcePointName:FLOW_STPT, dataSyncRecovered:2020-07-10T01:00:07.598-04:00 New_York, inScope, backgroundPoint}"
@b-023d,"","","","","","","","","","","",✓,"","","",✓,"","","","",Bravo VAV 2-2 Heating Valve Output,"","","","","","","","",@b-0239,"","","","","","","","","","","","","",✓,"",✓,✓,"","","","","",Number,"","","","","","","",✓,"","","","","","","","","","",@b-0000,"","",@b-042e,"","","","",Chicago,%,✓,"","",✓,"","","","","","","{sourcePointName:Htg, dataSyncRecovered:2020-07-10T01:00:10.62-04:00 New_York, inScope, backgroundPoint}"
@b-023e,"",✓,"","","","","","","","","","","","","",✓,"","","","",Bravo VAV 2-2 Supply Air Temperature,✓,"","","","","","","",@b-0239,"","","","","","","","","","","","","","","",✓,"","","","","","",Number,"","","","","","","",✓,"","","","","","","",✓,"","",@b-0000,"","",@b-042e,"","",✓,"",Chicago,°F,"","","","","","","","","","","{sourcePointName:DisAirTemp, dataSyncRecovered:2020-07-10T01:00:07.721-04:00 New_York, inScope, backgroundPoint}"
@b-023f,"",✓,"","","","","","","","","","","","","",✓,"","","","",Bravo VAV 2-2 Zone Air Temp Setpoint,"","","","","","","","",@b-0239,"","","","","","","","","","","","","","","",✓,"","","","","","",Number,"","","","","","","",✓,"","","","","","","","","","",@b-0000,✓,"",@b-042e,"","",✓,"",Chicago,°F,"","","","","","","","","",✓,"{sourcePointName:STAT_SETPOINT, dataSyncRecovered:2020-07-10T01:00:10.374-04:00 New_York, inScope, backgroundPoint}"
@b-0240,"",✓,"","","","","","","","","","","","","",✓,"","","","",Bravo VAV 2-2 Zone Temperature,"","","","","","","","",@b-0239,"","","","","","","","","","","","","","","",✓,"","","","","","",Number,"","","","","","","",✓,"","","","","","","",✓,"","",@b-0000,"","",@b-042e,"","",✓,"",Chicago,°F,"","","","","","","","","",✓,"{sourcePointName:SPACE_TEMP, dataSyncRecovered:2020-07-10T01:00:09.627-04:00 New_York, inScope, backgroundPoint}"
@b-0241,"","","",@b-00ce,"","","","","","","","","","","","","","","","",Bravo VAV 2-20,"","","","","","","",✓,"","","",✓,"","","","","","","","","","","","","","",✓,@b-0012,"","",✓,"","","","","","","","","","","","","","","","","",✓,"",@b-0000,"","",@b-042e,"","","",✓,"","","",✓,"","","","","","","",✓,"{tu, designSource:Drawings, designHotWaterEnteringTemp:180°F, designHotWaterLeavingTemp:152°F, designHotWaterPower:10.8MMBTU/h, designHotWaterFlow:1.25gal/min, designAirFlow:650cfm}"
@b-0242,"",✓,"","","","","","","","","",✓,"","","",✓,✓,"","","",Bravo VAV 2-20 Damper Output,✓,"","","","","","","",@b-0241,"","","","","","","","","","","","","","","",✓,"","","","","","",Number,"","","","","","","",✓,"","","","","","","","","","",@b-0000,"","",@b-042e,"","","","",Chicago,%,"","","","","","","","","","","{sourcePointName:DAMPER_CMD, dataSyncRecovered:2020-07-10T01:00:09.879-04:00 New_York, inScope, backgroundPoint}"
@b-0243,"",✓,"","","","","","","","","","","","","",✓,"","","","",Bravo VAV 2-20 Discharge Air Flow,✓,"","","","","","","",@b-0241,"","","","",✓,"","","","","","","","","","",✓,"","","","","","",Number,"","","","","","","",✓,"","","","","","","",✓,"","",@b-0000,"","",@b-042e,"","","","",Chicago,cfm,"","","","","","","","","","","{sourcePointName:BOX_FLOW, dataSyncRecovered:2020-07-10T01:00:10.87-04:00 New_York, inScope, backgroundPoint}"
@b-0244,"",✓,"","","","","","","","","","","","","",✓,"","","","",Bravo VAV 2-20 Discharge Air Flow Setpoint,✓,"",✓,"","","","","",@b-0241,"","","","",✓,"","","","","","","","","","",✓,"","","","","","",Number,"","","","","","","",✓,"","","","","","","","","","",@b-0000,✓,"",@b-042e,"","","","",Chicago,cfm,"","","","","","","","","","","{sourcePointName:FLOW_STPT, dataSyncRecovered:2020-07-10T01:00:10.003-04:00 New_York, inScope, backgroundPoint}"
@b-0245,"","","","","","","","","","","",✓,"","","",✓,"","","","",Bravo VAV 2-20 Heating Valve Output,"","","","","","","","",@b-0241,"","","","","","","","","","","","","",✓,"",✓,✓,"","","","","",Number,"","","","","","","",✓,"","","","","","","","","","",@b-0000,"","",@b-042e,"","","","",Chicago,%,✓,"","",✓,"","","","","","","{sourcePointName:Htg, dataSyncRecovered:2020-07-10T01:00:10.249-04:00 New_York, inScope, backgroundPoint}"
@b-0246,"",✓,"","","","","","","","","","","","","",✓,"","","","",Bravo VAV 2-20 Supply Air Temperature,✓,"","","","","","","",@b-0241,"","","","","","","","","","","","","","","",✓,"","","","","","",Number,"","","","","","","",✓,"","","","","","","",✓,"","",@b-0000,"","",@b-042e,"","",✓,"",Chicago,°F,"","","","","","","","","","","{sourcePointName:DisAirTemp, dataSyncRecovered:2020-07-10T01:00:10.003-04:00 New_York, inScope, backgroundPoint}"
@b-0247,"",✓,"","","","","","","","","","","","","",✓,"","","","",Bravo VAV 2-20 Zone Air Temp Setpoint,"","","","","","","","",@b-0241,"","","","","","","","","","","","","","","",✓,"","","","","","",Number,"","","","","","","",✓,"","","","","","","","","","",@b-0000,✓,"",@b-042e,"","",✓,"",Chicago,°F,"","","","","","","","","",✓,"{sourcePointName:STAT_SETPOINT, dataSyncRecovered:2020-07-10T01:00:13.145-04:00 New_York, inScope, backgroundPoint}"
@b-0248,"",✓,"","","","","","","","","","","","","",✓,"","","","",Bravo VAV 2-20 Zone Temperature,"","","","","","","","",@b-0241,"","","","","","","","","","","","","","","",✓,"","","","","","",Number,"","","","","","","",✓,"","","","","","","",✓,"","",@b-0000,"","",@b-042e,"","",✓,"",Chicago,°F,"","","","","","","","","",✓,"{sourcePointName:SPACE_TEMP, dataSyncRecovered:2020-07-10T01:00:10.126-04:00 New_York, inScope, backgroundPoint}"
@b-0249,"","","",@b-00ce,"","","","","","","","","","","","","","","","",Bravo VAV 2-21,"","","","","","","",✓,"","","",✓,"","","","","","","","","","","","","","",✓,@b-0012,"","",✓,"","","","","","","","","","","","","","","","","",✓,"",@b-0000,"","",@b-042e,"","","",✓,"","","",✓,"","","","","","","",✓,"{tu, designSource:Drawings, designHotWaterEnteringTemp:180°F, designHotWaterLeavingTemp:153°F, designHotWaterPower:10.4MMBTU/h, designHotWaterFlow:1.25gal/min, designAirFlow:650cfm}"
@b-024a,"",✓,"","","","","","","","","",✓,"","","",✓,✓,"","","",Bravo VAV 2-21 Damper Output,✓,"","","","","","","",@b-0249,"","","","","","","","","","","","","","","",✓,"","","","","","",Number,"","","","","","","",✓,"","","","","","","","","","",@b-0000,"","",@b-042e,"","","","",Chicago,%,"","","","","","","","","","","{sourcePointName:DAMPER_CMD, dataSyncRecovered:2020-07-10T01:00:10.249-04:00 New_York, inScope, backgroundPoint}"
@b-024b,"",✓,"","","","","","","","","","","","","",✓,"","","","",Bravo VAV 2-21 Discharge Air Flow,✓,"","","","","","","",@b-0249,"","","","",✓,"","","","","","","","","","",✓,"","","","","","",Number,"","","","","","","",✓,"","","","","","","",✓,"","",@b-0000,"","",@b-042e,"","","","",Chicago,cfm,"","","","","","","","","","","{sourcePointName:BOX_FLOW, dataSyncRecovered:2020-07-10T01:00:10.62-04:00 New_York, inScope, backgroundPoint}"
@b-024c,"",✓,"","","","","","","","","","","","","",✓,"","","","",Bravo VAV 2-21 Discharge Air Flow Setpoint,✓,"",✓,"","","","","",@b-0249,"","","","",✓,"","","","","","","","","","",✓,"","","","","","",Number,"","","","","","","",✓,"","","","","","","","","","",@b-0000,✓,"",@b-042e,"","","","",Chicago,cfm,"","","","","","","","","","","{sourcePointName:FLOW_STPT, dataSyncRecovered:2020-07-10T01:00:13.145-04:00 New_York, inScope, backgroundPoint}"
@b-024d,"","","","","","","","","","","",✓,"","","",✓,"","","","",Bravo VAV 2-21 Heating Valve Output,"","","","","","","","",@b-0249,"","","","","","","","","","","","","",✓,"",✓,✓,"","","","","",Number,"","","","","","","",✓,"","","","","","","","","","",@b-0000,"","",@b-042e,"","","","",Chicago,%,✓,"","",✓,"","","","","","","{sourcePointName:Htg, dataSyncRecovered:2020-07-10T01:00:09.752-04:00 New_York, inScope, backgroundPoint}"
@b-024e,"",✓,"","","","","","","","","","","","","",✓,"","","","",Bravo VAV 2-21 Supply Air Temperature,✓,"","","","","","","",@b-0249,"","","","","","","","","","","","","","","",✓,"","","","","","",Number,"","","","","","","",✓,"","","","","","","",✓,"","",@b-0000,"","",@b-042e,"","",✓,"",Chicago,°F,"","","","","","","","","","","{sourcePointName:DisAirTemp, dataSyncRecovered:2020-07-10T01:00:10.003-04:00 New_York, inScope, backgroundPoint}"
@b-024f,"",✓,"","","","","","","","","","","","","",✓,"","","","",Bravo VAV 2-21 Zone Air Temp Setpoint,"","","","","","","","",@b-0249,"","","","","","","","","","","","","","","",✓,"","","","","","",Number,"","","","","","","",✓,"","","","","","","","","","",@b-0000,✓,"",@b-042e,"","",✓,"",Chicago,°F,"","","","","","","","","",✓,"{sourcePointName:STAT_SETPOINT, dataSyncRecovered:2020-07-10T01:00:10.126-04:00 New_York, inScope, backgroundPoint}"
@b-0250,"",✓,"","","","","","","","","","","","","",✓,"","","","",Bravo VAV 2-21 Zone Temperature,"","","","","","","","",@b-0249,"","","","","","","","","","","","","","","",✓,"","","","","","",Number,"","","","","","","",✓,"","","","","","","",✓,"","",@b-0000,"","",@b-042e,"","",✓,"",Chicago,°F,"","","","","","","","","",✓,"{sourcePointName:SPACE_TEMP, dataSyncRecovered:2020-07-10T01:00:10.745-04:00 New_York, inScope, backgroundPoint}"
@b-0251,"","","",@b-00ce,"","","","","","","","","","","","","","","","",Bravo VAV 2-22,"","","","","","","",✓,"","","",✓,"","","","","","","","","","","","","","",✓,@b-0012,"","",✓,"","","","","","","","","","","","","","","","","",✓,"",@b-0000,"","",@b-042e,"","","",✓,"","","",✓,"","","","","","","",✓,"{tu, designSource:Drawings, designHotWaterEnteringTemp:180°F, designHotWaterLeavingTemp:149°F, designHotWaterPower:9.2MMBTU/h, designHotWaterFlow:1gal/min, designAirFlow:450cfm}"
@b-0252,"",✓,"","","","","","","","","",✓,"","","",✓,✓,"","","",Bravo VAV 2-22 Damper Output,✓,"","","","","","","",@b-0251,"","","","","","","","","","","","","","","",✓,"","","","","","",Number,"","","","","","","",✓,"","","","","","","","","","",@b-0000,"","",@b-042e,"","","","",Chicago,%,"","","","","","","","","","","{sourcePointName:DAMPER_CMD, dataSyncRecovered:2020-07-10T01:00:10.497-04:00 New_York, inScope, backgroundPoint}"
@b-0253,"",✓,"","","","","","","","","","","","","",✓,"","","","",Bravo VAV 2-22 Discharge Air Flow,✓,"","","","","","","",@b-0251,"","","","",✓,"","","","","","","","","","",✓,"","","","","","",Number,"","","","","","","",✓,"","","","","","","",✓,"","",@b-0000,"","",@b-042e,"","","","",Chicago,cfm,"","","","","","","","","","","{sourcePointName:BOX_FLOW, dataSyncRecovered:2020-07-10T01:00:10.745-04:00 New_York, inScope, backgroundPoint}"
@b-0254,"",✓,"","","","","","","","","","","","","",✓,"","","","",Bravo VAV 2-22 Discharge Air Flow Setpoint,✓,"",✓,"","","","","",@b-0251,"","","","",✓,"","","","","","","","","","",✓,"","","","","","",Number,"","","","","","","",✓,"","","","","","","","","","",@b-0000,✓,"",@b-042e,"","","","",Chicago,cfm,"","","","","","","","","","","{sourcePointName:FLOW_STPT, dataSyncRecovered:2020-07-10T01:00:10.995-04:00 New_York, inScope, backgroundPoint}"
@b-0255,"","","","","","","","","","","",✓,"","","",✓,"","","","",Bravo VAV 2-22 Heating Valve Output,"","","","","","","","",@b-0251,"","","","","","","","","","","","","",✓,"",✓,✓,"","","","","",Number,"","","","","","","",✓,"","","","","","","","","","",@b-0000,"","",@b-042e,"","","","",Chicago,%,✓,"","",✓,"","","","","","","{sourcePointName:Htg, dataSyncRecovered:2020-07-10T01:00:10.497-04:00 New_York, inScope, backgroundPoint}"
@b-0256,"",✓,"","","","","","","","","","","","","",✓,"","","","",Bravo VAV 2-22 Supply Air Temperature,✓,"","","","","","","",@b-0251,"","","","","","","","","","","","","","","",✓,"","","","","","",Number,"","","","","","","",✓,"","","","","","","",✓,"","",@b-0000,"","",@b-042e,"","",✓,"",Chicago,°F,"","","","","","","","","","","{sourcePointName:DisAirTemp, dataSyncRecovered:2020-07-10T01:00:10.249-04:00 New_York, inScope, backgroundPoint}"
@b-0257,"",✓,"","","","","","","","","","","","","",✓,"","","","",Bravo VAV 2-22 Zone Air Temp Setpoint,"","","","","","","","",@b-0251,"","","","","","","","","","","","","","","",✓,"","","","","","",Number,"","","","","","","",✓,"","","","","","","","","","",@b-0000,✓,"",@b-042e,"","",✓,"",Chicago,°F,"","","","","","","","","",✓,"{sourcePointName:STAT_SETPOINT, dataSyncRecovered:2020-07-10T01:00:07.598-04:00 New_York, inScope, backgroundPoint}"
@b-0258,"",✓,"","","","","","","","","","","","","",✓,"","","","",Bravo VAV 2-22 Zone Temperature,"","","","","","","","",@b-0251,"","","","","","","","","","","","","","","",✓,"","","","","","",Number,"","","","","","","",✓,"","","","","","","",✓,"","",@b-0000,"","",@b-042e,"","",✓,"",Chicago,°F,"","","","","","","","","",✓,"{sourcePointName:SPACE_TEMP, dataSyncRecovered:2020-07-10T01:00:13.145-04:00 New_York, inScope, backgroundPoint}"
@b-0259,"","","",@b-00ce,"","","","","","","","","","","","","","","","",Bravo VAV 2-23,"","","","","","","",✓,"","","",✓,"","","","","","","","","","","","","","",✓,@b-0012,"","",✓,"","","","","","","","","","","","","","","","","",✓,"",@b-0000,"","",@b-042e,"","","",✓,"","","",✓,"","","","","","","",✓,"{tu, designSource:Drawings, designHotWaterEnteringTemp:180°F, designHotWaterLeavingTemp:148°F, designHotWaterPower:6.2MMBTU/h, designHotWaterFlow:0.75gal/min, designAirFlow:350cfm}"
@b-025a,"",✓,"","","","","","","","","",✓,"","","",✓,✓,"","","",Bravo VAV 2-23 Damper Output,✓,"","","","","","","",@b-0259,"","","","","","","","","","","","","","","",✓,"","","","","","",Number,"","","","","","","",✓,"","","","","","","","","","",@b-0000,"","",@b-042e,"","","","",Chicago,%,"","","","","","","","","","","{sourcePointName:DAMPER_CMD, dataSyncRecovered:2020-07-10T01:00:09.627-04:00 New_York, inScope, backgroundPoint}"
@b-025b,"",✓,"","","","","","","","","","","","","",✓,"","","","",Bravo VAV 2-23 Discharge Air Flow,✓,"","","","","","","",@b-0259,"","","","",✓,"","","","","","","","","","",✓,"","","","","","",Number,"","","","","","","",✓,"","","","","","","",✓,"","",@b-0000,"","",@b-042e,"","","","",Chicago,cfm,"","","","","","","","","","","{sourcePointName:BOX_FLOW, dataSyncRecovered:2020-07-10T01:00:10.249-04:00 New_York, inScope, backgroundPoint}"
@b-025c,"",✓,"","","","","","","","","","","","","",✓,"","","","",Bravo VAV 2-23 Discharge Air Flow Setpoint,✓,"",✓,"","","","","",@b-0259,"","","","",✓,"","","","","","","","","","",✓,"","","","","","",Number,"","","","","","","",✓,"","","","","","","","","","",@b-0000,✓,"",@b-042e,"","","","",Chicago,cfm,"","","","","","","","","","","{sourcePointName:FLOW_STPT, dataSyncRecovered:2020-07-10T01:00:09.752-04:00 New_York, inScope, backgroundPoint}"
@b-025d,"","","","","","","","","","","",✓,"","","",✓,"","","","",Bravo VAV 2-23 Heating Valve Output,"","","","","","","","",@b-0259,"","","","","","","","","","","","","",✓,"",✓,✓,"","","","","",Number,"","","","","","","",✓,"","","","","","","","","","",@b-0000,"","",@b-042e,"","","","",Chicago,%,✓,"","",✓,"","","","","","","{sourcePointName:Htg, dataSyncRecovered:2020-07-10T01:00:10.497-04:00 New_York, inScope, backgroundPoint}"
@b-025e,"",✓,"","","","","","","","","","","","","",✓,"","","","",Bravo VAV 2-23 Supply Air Temperature,✓,"","","","","","","",@b-0259,"","","","","","","","","","","","","","","",✓,"","","","","","",Number,"","","","","","","",✓,"","","","","","","",✓,"","",@b-0000,"","",@b-042e,"","",✓,"",Chicago,°F,"","","","","","","","","","","{sourcePointName:DisAirTemp, dataSyncRecovered:2020-07-10T01:00:10.62-04:00 New_York, inScope, backgroundPoint}"
@b-025f,"",✓,"","","","","","","","","","","","","",✓,"","","","",Bravo VAV 2-23 Zone Air Temp Setpoint,"","","","","","","","",@b-0259,"","","","","","","","","","","","","","","",✓,"","","","","","",Number,"","","","","","","",✓,"","","","","","","","","","",@b-0000,✓,"",@b-042e,"","",✓,"",Chicago,°F,"","","","","","","","","",✓,"{sourcePointName:STAT_SETPOINT, dataSyncRecovered:2020-07-10T01:00:10.62-04:00 New_York, inScope, backgroundPoint}"
@b-0260,"",✓,"","","","","","","","","","","","","",✓,"","","","",Bravo VAV 2-23 Zone Temperature,"","","","","","","","",@b-0259,"","","","","","","","","","","","","","","",✓,"","","","","","",Number,"","","","","","","",✓,"","","","","","","",✓,"","",@b-0000,"","",@b-042e,"","",✓,"",Chicago,°F,"","","","","","","","","",✓,"{sourcePointName:SPACE_TEMP, dataSyncRecovered:2020-07-10T01:00:09.752-04:00 New_York, inScope, backgroundPoint}"
@b-0261,"","","",@b-00ce,"","","","","","","","","","","","","","","","",Bravo VAV 2-24,"","","","","","","",✓,"","","",✓,"","","","","","","","","","","","","","",✓,@b-0012,"","",✓,"","","","","","","","","","","","","","","","","",✓,"",@b-0000,"","",@b-042e,"","","",✓,"","","",✓,"","","","","","","",✓,"{tu, designSource:Drawings, designHotWaterEnteringTemp:180°F, designHotWaterLeavingTemp:150°F, designHotWaterPower:15.4MMBTU/h, designHotWaterFlow:2.5gal/min, designAirFlow:1600cfm}"
@b-0262,"",✓,"","","","","","","","","",✓,"","","",✓,✓,"","","",Bravo VAV 2-24 Damper Output,✓,"","","","","","","",@b-0261,"","","","","","","","","","","","","","","",✓,"","","","","","",Number,"","","","","","","",✓,"","","","","","","","","","",@b-0000,"","",@b-042e,"","","","",Chicago,%,"","","","","","","","","","","{sourcePointName:DAMPER_CMD, dataSyncRecovered:2020-07-10T01:00:11.258-04:00 New_York, inScope, backgroundPoint}"
@b-0263,"",✓,"","","","","","","","","","","","","",✓,"","","","",Bravo VAV 2-24 Discharge Air Flow,✓,"","","","","","","",@b-0261,"","","","",✓,"","","","","","","","","","",✓,"","","","","","",Number,"","","","","","","",✓,"","","","","","","",✓,"","",@b-0000,"","",@b-042e,"","","","",Chicago,cfm,"","","","","","","","","","","{sourcePointName:BOX_FLOW, dataSyncRecovered:2020-07-10T01:00:10.003-04:00 New_York, inScope, backgroundPoint}"
@b-0264,"",✓,"","","","","","","","","","","","","",✓,"","","","",Bravo VAV 2-24 Discharge Air Flow Setpoint,✓,"",✓,"","","","","",@b-0261,"","","","",✓,"","","","","","","","","","",✓,"","","","","","",Number,"","","","","","","",✓,"","","","","","","","","","",@b-0000,✓,"",@b-042e,"","","","",Chicago,cfm,"","","","","","","","","","","{sourcePointName:FLOW_STPT, dataSyncRecovered:2020-07-10T01:00:13.145-04:00 New_York, inScope, backgroundPoint}"
@b-0265,"","","","","","","","","","","",✓,"","","",✓,"","","","",Bravo VAV 2-24 Heating Valve,"","","","","","","","",@b-0261,"","","","","","","","","","","","","",✓,"",✓,✓,"","","","","",Number,"","","","","","","",✓,"","","","","","","","","","",@b-0000,"","",@b-042e,"","","","",Chicago,%,✓,"","",✓,"","","","","","","{sourcePointName:Htg, dataSyncRecovered:2020-07-10T01:00:10.249-04:00 New_York, inScope, backgroundPoint}"
@b-0266,"",✓,"","","","","","","","","","","","","",✓,"","","","",Bravo VAV 2-24 Supply Air Temperature,✓,"","","","","","","",@b-0261,"","","","","","","","","","","","","","","",✓,"","","","","","",Str,"","","","","","","",✓,"","","","","","","",✓,"","",@b-0000,"","",@b-042e,"","",✓,"",Chicago,°F,"","","","","","","","","","","{sourcePointName:DisAirTemp, dataSyncRecovered:2020-07-10T01:00:10.003-04:00 New_York, inScope, backgroundPoint}"
@b-0267,"",✓,"","","","","","","","","","","","","",✓,"","","","",Bravo VAV 2-24 Zone Air Temp Setpoint,"","","","","","","","",@b-0261,"","","","","","","","","","","","","","","",✓,"","","","","","",Number,"","","","","","","",✓,"","","","","","","","","","",@b-0000,✓,"",@b-042e,"","",✓,"",Chicago,°F,"","","","","","","","","",✓,"{sourcePointName:STAT_SETPOINT, dataSyncRecovered:2020-07-10T01:00:09.752-04:00 New_York, inScope, backgroundPoint}"
@b-0268,"",✓,"","","","","","","","","","","","","",✓,"","","","",Bravo VAV 2-24 Zone Temperature,"","","","","","","","",@b-0261,"","","","","","","","","","","","","","","",✓,"","","","","","",Number,"","","","","","","",✓,"","","","","","","",✓,"","",@b-0000,"","",@b-042e,"","",✓,"",Chicago,°F,"","","","","","","","","",✓,"{sourcePointName:SPACE_TEMP, dataSyncRecovered:2020-07-10T01:00:09.879-04:00 New_York, inScope, backgroundPoint}"
@b-0269,"","","",@b-00ce,"","","","","","","","","","","","","","","","",Bravo VAV 2-25,"","","","","","","",✓,"","","",✓,"","","","","","","","","","","","","","",✓,@b-0012,"","",✓,"","","","","","","","","","","","","","","","","",✓,"",@b-0000,"","",@b-042e,"","","",✓,"","","",✓,"","","","","","","",✓,"{tu, designSource:Drawings, designHotWaterEnteringTemp:180°F, designHotWaterLeavingTemp:153°F, designHotWaterPower:4.4MMBTU/h, designHotWaterFlow:0.75gal/min, designAirFlow:250cfm}"
@b-026a,"",✓,"","","","","","","","","",✓,"","","",✓,✓,"","","",Bravo VAV 2-25 Damper Output,✓,"","","","","","","",@b-0269,"","","","","","","","","","","","","","","",✓,"","","","","","",Number,"","","","","","","",✓,"","","","","","","","","","",@b-0000,"","",@b-042e,"","","","",Chicago,%,"","","","","","","","","","","{sourcePointName:DAMPER_CMD, dataSyncRecovered:2020-07-10T01:00:07.721-04:00 New_York, inScope, backgroundPoint}"
@b-026b,"",✓,"","","","","","","","","","","","","",✓,"","","","",Bravo VAV 2-25 Discharge Air Flow,✓,"","","","","","","",@b-0269,"","","","",✓,"","","","","","","","","","",✓,"","","","","","",Number,"","","","","","","",✓,"","","","","","","",✓,"","",@b-0000,"","",@b-042e,"","","","",Chicago,cfm,"","","","","","","","","","","{sourcePointName:BOX_FLOW, dataSyncRecovered:2020-07-10T01:00:11.125-04:00 New_York, inScope, backgroundPoint}"
@b-026c,"",✓,"","","","","","","","","","","","","",✓,"","","","",Bravo VAV 2-25 Discharge Air Flow Setpoint,✓,"",✓,"","","","","",@b-0269,"","","","",✓,"","","","","","","","","","",✓,"","","","","","",Number,"","","","","","","",✓,"","","","","","","","","","",@b-0000,✓,"",@b-042e,"","","","",Chicago,cfm,"","","","","","","","","","","{sourcePointName:FLOW_STPT, dataSyncRecovered:2020-07-10T01:00:10.126-04:00 New_York, inScope, backgroundPoint}"
@b-026d,"","","","","","","","","","","",✓,"","","",✓,"","","","",Bravo VAV 2-25 Heating Valve Output,"","","","","","","","",@b-0269,"","","","","","","","","","","","","",✓,"",✓,✓,"","","","","",Number,"","","","","","","",✓,"","","","","","","","","","",@b-0000,"","",@b-042e,"","","","",Chicago,%,✓,"","",✓,"","","","","","","{sourcePointName:Htg, dataSyncRecovered:2020-07-10T01:00:10.249-04:00 New_York, inScope, backgroundPoint}"
@b-026e,"",✓,"","","","","","","","","","","","","",✓,"","","","",Bravo VAV 2-25 Supply Air Temperature,✓,"","","","","","","",@b-0269,"","","","","","","","","","","","","","","",✓,"","","","","","",Number,"","","","","","","",✓,"","","","","","","",✓,"","",@b-0000,"","",@b-042e,"","",✓,"",Chicago,°F,"","","","","","","","","","","{sourcePointName:DisAirTemp, dataSyncRecovered:2020-07-10T01:00:09.752-04:00 New_York, inScope, backgroundPoint}"
@b-026f,"",✓,"","","","","","","","","","","","","",✓,"","","","",Bravo VAV 2-25 Zone Air Temp Setpoint,"","","","","","","","",@b-0269,"","","","","","","","","","","","","","","",✓,"","","","","","",Number,"","","","","","","",✓,"","","","","","","","","","",@b-0000,✓,"",@b-042e,"","",✓,"",Chicago,°F,"","","","","","","","","",✓,"{sourcePointName:STAT_SETPOINT, dataSyncRecovered:2020-07-10T01:00:10.745-04:00 New_York, inScope, backgroundPoint}"
@b-0270,"",✓,"","","","","","","","","","","","","",✓,"","","","",Bravo VAV 2-25 Zone Temperature,"","","","","","","","",@b-0269,"","","","","","","","","","","","","","","",✓,"","","","","","",Number,"","","","","","","",✓,"","","","","","","",✓,"","",@b-0000,"","",@b-042e,"","",✓,"",Chicago,°F,"","","","","","","","","",✓,"{sourcePointName:SPACE_TEMP, dataSyncRecovered:2020-07-10T01:00:10.995-04:00 New_York, inScope, backgroundPoint}"
@b-0271,"","","",@b-00ce,"","","","","","","","","","","","","","","","",Bravo VAV 2-26,"","","","","","","",✓,"","","","","","","","","","","","","","","","","","",✓,@b-0012,"","",✓,"","","","","","","","","","","","","","","","","",✓,"",@b-0000,"","",@b-042e,"","","",✓,"","","",✓,"","","","","","","",✓,"{tu, designSource:Drawings, designHotWaterEnteringTemp:180°F, designHotWaterLeavingTemp:148°F, designHotWaterPower:4.2MMBTU/h, designHotWaterFlow:0.5gal/min, designAirFlow:300cfm}"
@b-0272,"",✓,"","","","","","","","","",✓,"","","",✓,✓,"","","",Bravo VAV 2-26 Damper Output,✓,"","","","","","","",@b-0271,"","","","","","","","","","","","","","","",✓,"","","","","","",Number,"","","","","","","",✓,"","","","","","","","","","",@b-0000,"","",@b-042e,"","","","",Chicago,%,"","","","","","","","","","","{sourcePointName:DAMPER_CMD, dataSyncRecovered:2020-07-10T01:00:09.627-04:00 New_York, inScope, backgroundPoint}"
@b-0273,"",✓,"","","","","","","","","","","","","",✓,"","","","",Bravo VAV 2-26 Discharge Air Flow,✓,"","","","","","","",@b-0271,"","","","",✓,"","","","","","","","","","",✓,"","","","","","",Number,"","","","","","","",✓,"","","","","","","",✓,"","",@b-0000,"","",@b-042e,"","","","",Chicago,cfm,"","","","","","","","","","","{sourcePointName:BOX_FLOW, dataSyncRecovered:2020-07-10T01:00:10.126-04:00 New_York, inScope, backgroundPoint}"
@b-0274,"",✓,"","","","","","","","","","","","","",✓,"","","","",Bravo VAV 2-26 Discharge Air Flow Setpoint,✓,"",✓,"","","","","",@b-0271,"","","","",✓,"","","","","","","","","","",✓,"","","","","","",Number,"","","","","","","",✓,"","","","","","","","","","",@b-0000,✓,"",@b-042e,"","","","",Chicago,cfm,"","","","","","","","","","","{sourcePointName:FLOW_STPT, dataSyncRecovered:2020-07-10T01:00:09.752-04:00 New_York, inScope, backgroundPoint}"
@b-0275,"","","","","","","","","","","",✓,"","","",✓,"","","","",Bravo VAV 2-26 Heating Valve Output,"","","","","","","","",@b-0271,"","","","","","","","","","","","","",✓,"",✓,✓,"","","","","",Number,"","","","","","","",✓,"","","","","","","","","","",@b-0000,"","",@b-042e,"","","","",Chicago,%,✓,"","",✓,"","","","","","","{sourcePointName:Htg, dataSyncRecovered:2020-07-10T01:00:13.145-04:00 New_York, inScope, backgroundPoint}"
@b-0276,"",✓,"","","","","","","","","","","","","",✓,"","","","",Bravo VAV 2-26 Supply Air Temperature,✓,"","","","","","","",@b-0271,"","","","","","","","","","","","","","","",✓,"","","","","","",Str,"","","","","","","",✓,"","","","","","","",✓,"","",@b-0000,"","",@b-042e,"","",✓,"",Chicago,°F,"","","","","","","","","","","{sourcePointName:DisAirTemp, dataSyncRecovered:2020-07-10T01:00:09.879-04:00 New_York, inScope, backgroundPoint}"
@b-0277,"",✓,"","","","","","","","","","","","","",✓,"","","","",Bravo VAV 2-26 Zone Air Temp Setpoint,"","","","","","","","",@b-0271,"","","","","","","","","","","","","","","",✓,"","","","","","",Number,"","","","","","","",✓,"","","","","","","","","","",@b-0000,✓,"",@b-042e,"","",✓,"",Chicago,°F,"","","","","","","","","",✓,"{sourcePointName:STAT_SETPOINT, dataSyncRecovered:2020-07-10T01:00:10.87-04:00 New_York, inScope, backgroundPoint}"
@b-0278,"",✓,"","","","","","","","","","","","","",✓,"","","","",Bravo VAV 2-26 Zone Temperature,"","","","","","","","",@b-0271,"","","","","","","","","","","","","","","",✓,"","","","","","",Number,"","","","","","","",✓,"","","","","","","",✓,"","",@b-0000,"","",@b-042e,"","",✓,"",Chicago,°F,"","","","","","","","","",✓,"{sourcePointName:SPACE_TEMP, dataSyncRecovered:2020-07-10T01:00:07.598-04:00 New_York, inScope, backgroundPoint}"
@b-0279,"","","",@b-00ce,"","","","","","","","","","","","","","","","",Bravo VAV 2-27,"","","","","","","",✓,"","","",✓,"","","","","","","","","","","","","","",✓,@b-0012,"","",✓,"","","","","","","","","","","","","","","","","",✓,"",@b-0000,"","",@b-042e,"","","",✓,"","","",✓,"","","","","","","",✓,"{tu, designSource:Drawings, designHotWaterEnteringTemp:180°F, designHotWaterLeavingTemp:148°F, designHotWaterPower:18.6MMBTU/h, designHotWaterFlow:2gal/min, designAirFlow:1125cfm}"
@b-027a,"",✓,"","","","","","","","","",✓,"","","",✓,✓,"","","",Bravo VAV 2-27 Damper Output,✓,"","","","","","","",@b-0279,"","","","","","","","","","","","","","","",✓,"","","","","","",Number,"","","","","","","",✓,"","","","","","","","","","",@b-0000,"","",@b-042e,"","","","",Chicago,%,"","","","","","","","","","","{sourcePointName:DAMPER_CMD, dataSyncRecovered:2020-07-10T01:00:10.87-04:00 New_York, inScope, backgroundPoint}"
@b-027b,"",✓,"","","","","","","","","","","","","",✓,"","","","",Bravo VAV 2-27 Discharge Air Flow,✓,"","","","","","","",@b-0279,"","","","",✓,"","","","","","","","","","",✓,"","","","","","",Number,"","","","","","","",✓,"","","","","","","",✓,"","",@b-0000,"","",@b-042e,"","","","",Chicago,cfm,"","","","","","","","","","","{sourcePointName:BOX_FLOW, dataSyncRecovered:2020-07-10T01:00:10.62-04:00 New_York, inScope, backgroundPoint}"
@b-027c,"",✓,"","","","","","","","","","","","","",✓,"","","","",Bravo VAV 2-27 Discharge Air Flow Setpoint,✓,"",✓,"","","","","",@b-0279,"","","","",✓,"","","","","","","","","","",✓,"","","","","","",Number,"","","","","","","",✓,"","","","","","","","","","",@b-0000,✓,"",@b-042e,"","","","",Chicago,cfm,"","","","","","","","","","","{sourcePointName:FLOW_STPT, dataSyncRecovered:2020-07-10T01:00:10.62-04:00 New_York, inScope, backgroundPoint}"
@b-027d,"","","","","","","","","","","",✓,"","","",✓,"","","","",Bravo VAV 2-27 Heating Valve Output,"","","","","","","","",@b-0279,"","","","","","","","","","","","","",✓,"",✓,✓,"","","","","",Number,"","","","","","","",✓,"","","","","","","","","","",@b-0000,"","",@b-042e,"","","","",Chicago,%,✓,"","",✓,"","","","","","","{sourcePointName:Htg, dataSyncRecovered:2020-07-10T01:00:10.126-04:00 New_York, inScope, backgroundPoint}"
@b-027e,"",✓,"","","","","","","","","","","","","",✓,"","","","",Bravo VAV 2-27 Supply Air Temperature,✓,"","","","","","","",@b-0279,"","","","","","","","","","","","","","","",✓,"","","","","","",Str,"","","","","","","",✓,"","","","","","","",✓,"","",@b-0000,"","",@b-042e,"","",✓,"",Chicago,°F,"","","","","","","","","","","{sourcePointName:DisAirTemp, dataSyncRecovered:2020-07-10T01:00:09.627-04:00 New_York, inScope, backgroundPoint}"
@b-027f,"",✓,"","","","","","","","","","","","","",✓,"","","","",Bravo VAV 2-27 Zone Air Temp Setpoint,"","","","","","","","",@b-0279,"","","","","","","","","","","","","","","",✓,"","","","","","",Number,"","","","","","","",✓,"","","","","","","","","","",@b-0000,✓,"",@b-042e,"","",✓,"",Chicago,°F,"","","","","","","","","",✓,"{sourcePointName:STAT_SETPOINT, dataSyncRecovered:2020-07-10T01:00:07.721-04:00 New_York, inScope, backgroundPoint}"
@b-0280,"",✓,"","","","","","","","","","","","","",✓,"","","","",Bravo VAV 2-27 Zone Temperature,"","","","","","","","",@b-0279,"","","","","","","","","","","","","","","",✓,"","","","","","",Number,"","","","","","","",✓,"","","","","","","",✓,"","",@b-0000,"","",@b-042e,"","",✓,"",Chicago,°F,"","","","","","","","","",✓,"{sourcePointName:SPACE_TEMP, dataSyncRecovered:2020-07-10T01:00:09.752-04:00 New_York, inScope, backgroundPoint}"
@b-0281,"","","",@b-00ce,"","","","","","","","","","","","","","","","",Bravo VAV 2-28,"","","","","","","",✓,"","","",✓,"","","","","","","","","","","","","","",✓,@b-0012,"","",✓,"","","","","","","","","","","","","","","","","",✓,"",@b-0000,"","",@b-042e,"","","",✓,"","","",✓,"","","","","","","",✓,"{tu, designSource:Drawings, designHotWaterEnteringTemp:180°F, designHotWaterLeavingTemp:149°F, designHotWaterPower:9.5MMBTU/h, designHotWaterFlow:1gal/min, designAirFlow:500cfm}"
@b-0282,"",✓,"","","","","","","","","",✓,"","","",✓,✓,"","","",Bravo VAV 2-28 Damper Output,✓,"","","","","","","",@b-0281,"","","","","","","","","","","","","","","",✓,"","","","","","",Number,"","","","","","","",✓,"","","","","","","","","","",@b-0000,"","",@b-042e,"","","","",Chicago,%,"","","","","","","","","","","{sourcePointName:DAMPER_CMD, dataSyncRecovered:2020-07-10T01:00:07.721-04:00 New_York, inScope, backgroundPoint}"
@b-0283,"",✓,"","","","","","","","","","","","","",✓,"","","","",Bravo VAV 2-28 Discharge Air Flow,✓,"","","","","","","",@b-0281,"","","","",✓,"","","","","","","","","","",✓,"","","","","","",Number,"","","","","","","",✓,"","","","","","","",✓,"","",@b-0000,"","",@b-042e,"","","","",Chicago,cfm,"","","","","","","","","","","{sourcePointName:BOX_FLOW, dataSyncRecovered:2020-07-10T01:00:10.995-04:00 New_York, inScope, backgroundPoint}"
@b-0284,"",✓,"","","","","","","","","","","","","",✓,"","","","",Bravo VAV 2-28 Discharge Air Flow Setpoint,✓,"",✓,"","","","","",@b-0281,"","","","",✓,"","","","","","","","","","",✓,"","","","","","",Number,"","","","","","","",✓,"","","","","","","","","","",@b-0000,✓,"",@b-042e,"","","","",Chicago,cfm,"","","","","","","","","","","{sourcePointName:FLOW_STPT, dataSyncRecovered:2020-07-10T01:00:10.497-04:00 New_York, inScope, backgroundPoint}"
@b-0285,"","","","","","","","","","","",✓,"","","",✓,"","","","",Bravo VAV 2-28 Heating Valve Output,"","","","","","","","",@b-0281,"","","","","","","","","","","","","",✓,"",✓,✓,"","","","","",Number,"","","","","","","",✓,"","","","","","","","","","",@b-0000,"","",@b-042e,"","","","",Chicago,%,✓,"","",✓,"","","","","","","{sourcePointName:Htg, dataSyncRecovered:2020-07-10T01:00:10.249-04:00 New_York, inScope, backgroundPoint}"
@b-0286,"",✓,"","","","","","","","","","","","","",✓,"","","","",Bravo VAV 2-28 Supply Air Temperature,✓,"","","","","","","",@b-0281,"","","","","","","","","","","","","","","",✓,"","","","","","",Number,"","","","","","","",✓,"","","","","","","",✓,"","",@b-0000,"","",@b-042e,"","",✓,"",Chicago,°F,"","","","","","","","","","","{sourcePointName:DisAirTemp, dataSyncRecovered:2020-07-10T01:00:09.627-04:00 New_York, inScope, backgroundPoint}"
@b-0287,"",✓,"","","","","","","","","","","","","",✓,"","","","",Bravo VAV 2-28 Zone Air Temp Setpoint,"","","","","","","","",@b-0281,"","","","","","","","","","","","","","","",✓,"","","","","","",Number,"","","","","","","",✓,"","","","","","","","","","",@b-0000,✓,"",@b-042e,"","",✓,"",Chicago,°F,"","","","","","","","","",✓,"{sourcePointName:STAT_SETPOINT, dataSyncRecovered:2020-07-10T01:00:13.145-04:00 New_York, inScope, backgroundPoint}"
@b-0288,"",✓,"","","","","","","","","","","","","",✓,"","","","",Bravo VAV 2-28 Zone Temperature,"","","","","","","","",@b-0281,"","","","","","","","","","","","","","","",✓,"","","","","","",Number,"","","","","","","",✓,"","","","","","","",✓,"","",@b-0000,"","",@b-042e,"","",✓,"",Chicago,°F,"","","","","","","","","",✓,"{sourcePointName:SPACE_TEMP, dataSyncRecovered:2020-07-10T01:00:10.374-04:00 New_York, inScope, backgroundPoint}"
@b-0289,"","","",@b-00ce,"","","","","","","","","","","","","","","","",Bravo VAV 2-29,"","","","","","","",✓,"","","",✓,"","","","","","","","","","","","","","",✓,@b-0012,"","",✓,"","","","","","","","","","","","","","","","","",✓,"",@b-0000,"","",@b-042e,"","","",✓,"","","",✓,"","","","","","","",✓,"{tu, designSource:Drawings, designHotWaterEnteringTemp:180°F, designHotWaterLeavingTemp:149°F, designHotWaterPower:9.8MMBTU/h, designHotWaterFlow:1gal/min, designAirFlow:500cfm}"
@b-028a,"",✓,"","","","","","","","","",✓,"","","",✓,✓,"","","",Bravo VAV 2-29 Damper Output,✓,"","","","","","","",@b-0289,"","","","","","","","","","","","","","","",✓,"","","","","","",Number,"","","","","","","",✓,"","","","","","","","","","",@b-0000,"","",@b-042e,"","","","",Chicago,%,"","","","","","","","","","","{sourcePointName:DAMPER_CMD, dataSyncRecovered:2020-07-10T01:00:09.627-04:00 New_York, inScope, backgroundPoint}"
@b-028b,"",✓,"","","","","","","","","","","","","",✓,"","","","",Bravo VAV 2-29 Discharge Air Flow,✓,"","","","","","","",@b-0289,"","","","",✓,"","","","","","","","","","",✓,"","","","","","",Number,"","","","","","","",✓,"","","","","","","",✓,"","",@b-0000,"","",@b-042e,"","","","",Chicago,cfm,"","","","","","","","","","","{sourcePointName:BOX_FLOW, dataSyncRecovered:2020-07-10T01:00:10.249-04:00 New_York, inScope, backgroundPoint}"
@b-028c,"",✓,"","","","","","","","","","","","","",✓,"","","","",Bravo VAV 2-29 Discharge Air Flow Setpoint,✓,"",✓,"","","","","",@b-0289,"","","","",✓,"","","","","","","","","","",✓,"","","","","","",Number,"","","","","","","",✓,"","","","","","","","","","",@b-0000,✓,"",@b-042e,"","","","",Chicago,cfm,"","","","","","","","","","","{sourcePointName:FLOW_STPT, dataSyncRecovered:2020-07-10T01:00:10.745-04:00 New_York, inScope, backgroundPoint}"
@b-028d,"","","","","","","","","","","",✓,"","","",✓,"","","","",Bravo VAV 2-29 Heating Valve Output,"","","","","","","","",@b-0289,"","","","","","","","","","","","","",✓,"",✓,✓,"","","","","",Number,"","","","","","","",✓,"","","","","","","","","","",@b-0000,"","",@b-042e,"","","","",Chicago,%,✓,"","",✓,"","","","","","","{sourcePointName:Htg, dataSyncRecovered:2020-07-10T01:00:11.125-04:00 New_York, inScope, backgroundPoint}"
@b-028e,"",✓,"","","","","","","","","","","","","",✓,"","","","",Bravo VAV 2-29 Supply Air Temperature,✓,"","","","","","","",@b-0289,"","","","","","","","","","","","","","","",✓,"","","","","","",Number,"","","","","","","",✓,"","","","","","","",✓,"","",@b-0000,"","",@b-042e,"","",✓,"",Chicago,°F,"","","","","","","","","","","{sourcePointName:DisAirTemp, dataSyncRecovered:2020-07-10T01:00:13.145-04:00 New_York, inScope, backgroundPoint}"
@b-028f,"",✓,"","","","","","","","","","","","","",✓,"","","","",Bravo VAV 2-29 Zone Air Temp Setpoint,"","","","","","","","",@b-0289,"","","","","","","","","","","","","","","",✓,"","","","","","",Number,"","","","","","","",✓,"","","","","","","","","","",@b-0000,✓,"",@b-042e,"","",✓,"",Chicago,°F,"","","","","","","","","",✓,"{sourcePointName:STAT_SETPOINT, dataSyncRecovered:2020-07-10T01:00:10.62-04:00 New_York, inScope, backgroundPoint}"
@b-0290,"",✓,"","","","","","","","","","","","","",✓,"","","","",Bravo VAV 2-29 Zone Temperature,"","","","","","","","",@b-0289,"","","","","","","","","","","","","","","",✓,"","","","","","",Number,"","","","","","","",✓,"","","","","","","",✓,"","",@b-0000,"","",@b-042e,"","",✓,"",Chicago,°F,"","","","","","","","","",✓,"{sourcePointName:SPACE_TEMP, dataSyncRecovered:2020-07-10T01:00:10.126-04:00 New_York, inScope, backgroundPoint}"
@b-0291,"","","",@b-00ce,"","","","","","","","","","","","","","","","",Bravo VAV 2-3,"","","","","","","",✓,"","","",✓,"","","","","","","","","","","","","","",✓,@b-0012,"","",✓,"","","","","","","","","","","","","","","","","",✓,"",@b-0000,"","",@b-042e,"","","",✓,"","","",✓,"","","","","","","",✓,"{tu, designSource:Drawings, designHotWaterEnteringTemp:180°F, designHotWaterLeavingTemp:149°F, designHotWaterPower:9.2MMBTU/h, designHotWaterFlow:1gal/min, designAirFlow:450cfm}"
@b-0292,"",✓,"","","","","","","","","",✓,"","","",✓,✓,"","","",Bravo VAV 2-3 Damper Output,✓,"","","","","","","",@b-0291,"","","","","","","","","","","","","","","",✓,"","","","","","",Number,"","","","","","","",✓,"","","","","","","","","","",@b-0000,"","",@b-042e,"","","","",Chicago,%,"","","","","","","","","","","{sourcePointName:DAMPER_CMD, dataSyncRecovered:2020-07-10T01:00:09.627-04:00 New_York, inScope, backgroundPoint}"
@b-0293,"",✓,"","","","","","","","","","","","","",✓,"","","","",Bravo VAV 2-3 Discharge Air Flow,✓,"","","","","","","",@b-0291,"","","","",✓,"","","","","","","","","","",✓,"","","","","","",Number,"","","","","","","",✓,"","","","","","","",✓,"","",@b-0000,"","",@b-042e,"","","","",Chicago,cfm,"","","","","","","","","","","{sourcePointName:BOX_FLOW, dataSyncRecovered:2020-07-10T01:00:10.87-04:00 New_York, inScope, backgroundPoint}"
@b-0294,"",✓,"","","","","","","","","","","","","",✓,"","","","",Bravo VAV 2-3 Discharge Air Flow Setpoint,✓,"",✓,"","","","","",@b-0291,"","","","",✓,"","","","","","","","","","",✓,"","","","","","",Number,"","","","","","","",✓,"","","","","","","","","","",@b-0000,✓,"",@b-042e,"","","","",Chicago,cfm,"","","","","","","","","","","{sourcePointName:FLOW_STPT, dataSyncRecovered:2020-07-10T01:00:11.258-04:00 New_York, inScope, backgroundPoint}"
@b-0295,"","","","","","","","","","","",✓,"","","",✓,"","","","",Bravo VAV 2-3 Heating Valve Output,"","","","","","","","",@b-0291,"","","","","","","","","","","","","",✓,"",✓,✓,"","","","","",Number,"","","","","","","",✓,"","","","","","","","","","",@b-0000,"","",@b-042e,"","","","",Chicago,%,✓,"","",✓,"","","","","","","{sourcePointName:Htg, dataSyncRecovered:2020-07-10T01:00:10.249-04:00 New_York, inScope, backgroundPoint}"
@b-0296,"",✓,"","","","","","","","","","","","","",✓,"","","","",Bravo VAV 2-3 Supply Air Temperature,✓,"","","","","","","",@b-0291,"","","","","","","","","","","","","","","",✓,"","","","","","",Number,"","","","","","","",✓,"","","","","","","",✓,"","",@b-0000,"","",@b-042e,"","",✓,"",Chicago,°F,"","","","","","","","","","","{sourcePointName:DisAirTemp, dataSyncRecovered:2020-07-10T01:00:10.745-04:00 New_York, inScope, backgroundPoint}"
@b-0297,"",✓,"","","","","","","","","","","","","",✓,"","","","",Bravo VAV 2-3 Zone Air Temp Setpoint,"","","","","","","","",@b-0291,"","","","","","","","","","","","","","","",✓,"","","","","","",Number,"","","","","","","",✓,"","","","","","","","","","",@b-0000,✓,"",@b-042e,"","",✓,"",Chicago,°F,"","","","","","","","","",✓,"{sourcePointName:STAT_SETPOINT, dataSyncRecovered:2020-07-10T01:00:10.87-04:00 New_York, inScope, backgroundPoint}"
@b-0298,"",✓,"","","","","","","","","","","","","",✓,"","","","",Bravo VAV 2-3 Zone Temperature,"","","","","","","","",@b-0291,"","","","","","","","","","","","","","","",✓,"","","","","","",Number,"","","","","","","",✓,"","","","","","","",✓,"","",@b-0000,"","",@b-042e,"","",✓,"",Chicago,°F,"","","","","","","","","",✓,"{sourcePointName:SPACE_TEMP, dataSyncRecovered:2020-07-10T01:00:11.125-04:00 New_York, inScope, backgroundPoint}"
@b-0299,"","","",@b-00ce,"","","","","","","","","","","","","","","","",Bravo VAV 2-30,"","","","","","","",✓,"","","",✓,"","","","","","","","","","","","","","",✓,@b-0012,"","",✓,"","","","","","","","","","","","","","","","","",✓,"",@b-0000,"","",@b-042e,"","","",✓,"","","",✓,"","","","","","","",✓,"{tu, designSource:Drawings, designHotWaterEnteringTemp:180°F, designHotWaterLeavingTemp:149°F, designHotWaterPower:9.5MMBTU/h, designHotWaterFlow:1gal/min, designAirFlow:500cfm}"
@b-029a,"",✓,"","","","","","","","","",✓,"","","",✓,✓,"","","",Bravo VAV 2-30 Damper Output,✓,"","","","","","","",@b-0299,"","","","","","","","","","","","","","","",✓,"","","","","","",Number,"","","","","","","",✓,"","","","","","","","","","",@b-0000,"","",@b-042e,"","","","",Chicago,%,"","","","","","","","","","","{sourcePointName:DAMPER_CMD, dataSyncRecovered:2020-07-10T01:00:10.87-04:00 New_York, inScope, backgroundPoint}"
@b-029b,"",✓,"","","","","","","","","","","","","",✓,"","","","",Bravo VAV 2-30 Discharge Air Flow,✓,"","","","","","","",@b-0299,"","","","",✓,"","","","","","","","","","",✓,"","","","","","",Number,"","","","","","","",✓,"","","","","","","",✓,"","",@b-0000,"","",@b-042e,"","","","",Chicago,cfm,"","","","","","","","","","","{sourcePointName:BOX_FLOW, dataSyncRecovered:2020-07-10T01:00:09.879-04:00 New_York, inScope, backgroundPoint}"
@b-029c,"",✓,"","","","","","","","","","","","","",✓,"","","","",Bravo VAV 2-30 Discharge Air Flow Setpoint,✓,"",✓,"","","","","",@b-0299,"","","","",✓,"","","","","","","","","","",✓,"","","","","","",Number,"","","","","","","",✓,"","","","","","","","","","",@b-0000,✓,"",@b-042e,"","","","",Chicago,cfm,"","","","","","","","","","","{sourcePointName:FLOW_STPT, dataSyncRecovered:2020-07-10T01:00:09.627-04:00 New_York, inScope, backgroundPoint}"
@b-029d,"","","","","","","","","","","",✓,"","","",✓,"","","","",Bravo VAV 2-30 Heating Valve Output,"","","","","","","","",@b-0299,"","","","","","","","","","","","","",✓,"",✓,✓,"","","","","",Number,"","","","","","","",✓,"","","","","","","","","","",@b-0000,"","",@b-042e,"","","","",Chicago,%,✓,"","",✓,"","","","","","","{sourcePointName:Htg, dataSyncRecovered:2020-07-10T01:00:10.374-04:00 New_York, inScope, backgroundPoint}"
@b-029e,"",✓,"","","","","","","","","","","","","",✓,"","","","",Bravo VAV 2-30 Supply Air Temperature,✓,"","","","","","","",@b-0299,"","","","","","","","","","","","","","","",✓,"","","","","","",Number,"","","","","","","",✓,"","","","","","","",✓,"","",@b-0000,"","",@b-042e,"","",✓,"",Chicago,°F,"","","","","","","","","","","{sourcePointName:DisAirTemp, dataSyncRecovered:2020-07-10T01:00:10.745-04:00 New_York, inScope, backgroundPoint}"
@b-029f,"",✓,"","","","","","","","","","","","","",✓,"","","","",Bravo VAV 2-30 Zone Air Temp Setpoint,"","","","","","","","",@b-0299,"","","","","","","","","","","","","","","",✓,"","","","","","",Number,"","","","","","","",✓,"","","","","","","","","","",@b-0000,✓,"",@b-042e,"","",✓,"",Chicago,°F,"","","","","","","","","",✓,"{sourcePointName:STAT_SETPOINT, dataSyncRecovered:2020-07-10T01:00:09.879-04:00 New_York, inScope, backgroundPoint}"
@b-02a0,"",✓,"","","","","","","","","","","","","",✓,"","","","",Bravo VAV 2-30 Zone Temperature,"","","","","","","","",@b-0299,"","","","","","","","","","","","","","","",✓,"","","","","","",Number,"","","","","","","",✓,"","","","","","","",✓,"","",@b-0000,"","",@b-042e,"","",✓,"",Chicago,°F,"","","","","","","","","",✓,"{sourcePointName:SPACE_TEMP, dataSyncRecovered:2020-07-10T01:00:09.752-04:00 New_York, inScope, backgroundPoint}"
@b-02a1,"","","",@b-00ce,"","","","","","","","","","","","","","","","",Bravo VAV 2-31,"","","","","","","",✓,"","","",✓,"","","","","","","","","","","","","","",✓,@b-0012,"","",✓,"","","","","","","","","","","","","","","","","",✓,"",@b-0000,"","",@b-042e,"","","",✓,"","","",✓,"","","","","","","",✓,"{tu, designSource:Drawings, designHotWaterEnteringTemp:180°F, designHotWaterLeavingTemp:153°F, designHotWaterPower:18.6MMBTU/h, designHotWaterFlow:2gal/min, designAirFlow:650cfm}"
@b-02a2,"",✓,"","","","","","","","","",✓,"","","",✓,✓,"","","",Bravo VAV 2-31 Damper Output,✓,"","","","","","","",@b-02a1,"","","","","","","","","","","","","","","",✓,"","","","","","",Number,"","","","","","","",✓,"","","","","","","","","","",@b-0000,"","",@b-042e,"","","","",Chicago,%,"","","","","","","","","","","{sourcePointName:DAMPER_CMD, dataSyncRecovered:2020-07-10T01:00:10.374-04:00 New_York, inScope, backgroundPoint}"
@b-02a3,"",✓,"","","","","","","","","","","","","",✓,"","","","",Bravo VAV 2-31 Discharge Air Flow,✓,"","","","","","","",@b-02a1,"","","","",✓,"","","","","","","","","","",✓,"","","","","","",Number,"","","","","","","",✓,"","","","","","","",✓,"","",@b-0000,"","",@b-042e,"","","","",Chicago,cfm,"","","","","","","","","","","{sourcePointName:BOX_FLOW, dataSyncRecovered:2020-07-10T01:00:13.145-04:00 New_York, inScope, backgroundPoint}"
@b-02a4,"",✓,"","","","","","","","","","","","","",✓,"","","","",Bravo VAV 2-31 Discharge Air Flow Setpoint,✓,"",✓,"","","","","",@b-02a1,"","","","",✓,"","","","","","","","","","",✓,"","","","","","",Number,"","","","","","","",✓,"","","","","","","","","","",@b-0000,✓,"",@b-042e,"","","","",Chicago,cfm,"","","","","","","","","","","{sourcePointName:FLOW_STPT, dataSyncRecovered:2020-07-10T01:00:10.87-04:00 New_York, inScope, backgroundPoint}"
@b-02a5,"","","","","","","","","","","",✓,"","","",✓,"","","","",Bravo VAV 2-31 Heating Valve Output,"","","","","","","","",@b-02a1,"","","","","","","","","","","","","",✓,"",✓,✓,"","","","","",Number,"","","","","","","",✓,"","","","","","","","","","",@b-0000,"","",@b-042e,"","","","",Chicago,%,✓,"","",✓,"","","","","","","{sourcePointName:Htg, dataSyncRecovered:2020-07-10T01:00:10.62-04:00 New_York, inScope, backgroundPoint}"
@b-02a6,"",✓,"","","","","","","","","","","","","",✓,"","","","",Bravo VAV 2-31 Supply Air Temperature,✓,"","","","","","","",@b-02a1,"","","","","","","","","","","","","","","",✓,"","","","","","",Number,"","","","","","","",✓,"","","","","","","",✓,"","",@b-0000,"","",@b-042e,"","",✓,"",Chicago,°F,"","","","","","","","","","","{sourcePointName:DisAirTemp, dataSyncRecovered:2020-07-10T01:00:11.125-04:00 New_York, inScope, backgroundPoint}"
@b-02a7,"",✓,"","","","","","","","","","","","","",✓,"","","","",Bravo VAV 2-31 Zone Air Temp Setpoint,"","","","","","","","",@b-02a1,"","","","","","","","","","","","","","","",✓,"","","","","","",Number,"","","","","","","",✓,"","","","","","","","","","",@b-0000,✓,"",@b-042e,"","",✓,"",Chicago,°F,"","","","","","","","","",✓,"{sourcePointName:STAT_SETPOINT, dataSyncRecovered:2020-07-10T01:00:11.258-04:00 New_York, inScope, backgroundPoint}"
@b-02a8,"",✓,"","","","","","","","","","","","","",✓,"","","","",Bravo VAV 2-31 Zone Temperature,"","","","","","","","",@b-02a1,"","","","","","","","","","","","","","","",✓,"","","","","","",Number,"","","","","","","",✓,"","","","","","","",✓,"","",@b-0000,"","",@b-042e,"","",✓,"",Chicago,°F,"","","","","","","","","",✓,"{sourcePointName:SPACE_TEMP, dataSyncRecovered:2020-07-10T01:00:09.879-04:00 New_York, inScope, backgroundPoint}"
@b-02a9,"","","",@b-00ce,"","","","","","","","","","","","","","","","",Bravo VAV 2-32,"","","","","","","",✓,"","","",✓,"","","","","","","","","","","","","","",✓,@b-0012,"","",✓,"","","","","","","","","","","","","","","","","",✓,"",@b-0000,"","",@b-042e,"","","",✓,"","","",✓,"","","","","","","",✓,"{tu, designSource:Drawings, designHotWaterEnteringTemp:180°F, designHotWaterLeavingTemp:149°F, designHotWaterPower:28.6MMBTU/h, designHotWaterFlow:3.5gal/min, designAirFlow:2150cfm}"
@b-02aa,"",✓,"","","","","","","","","",✓,"","","",✓,✓,"","","",Bravo VAV 2-32 Damper Output,✓,"","","","","","","",@b-02a9,"","","","","","","","","","","","","","","",✓,"","","","","","",Number,"","","","","","","",✓,"","","","","","","","","","",@b-0000,"","",@b-042e,"","","","",Chicago,%,"","","","","","","","","","","{sourcePointName:DAMPER_CMD, dataSyncRecovered:2020-07-10T01:00:10.003-04:00 New_York, inScope, backgroundPoint}"
@b-02ab,"",✓,"","","","","","","","","","","","","",✓,"","","","",Bravo VAV 2-32 Discharge Air Flow,✓,"","","","","","","",@b-02a9,"","","","",✓,"","","","","","","","","","",✓,"","","","","","",Number,"","","","","","","",✓,"","","","","","","",✓,"","",@b-0000,"","",@b-042e,"","","","",Chicago,cfm,"","","","","","","","","","","{sourcePointName:BOX_FLOW, dataSyncRecovered:2020-07-10T01:00:10.374-04:00 New_York, inScope, backgroundPoint}"
@b-02ac,"",✓,"","","","","","","","","","","","","",✓,"","","","",Bravo VAV 2-32 Discharge Air Flow Setpoint,✓,"",✓,"","","","","",@b-02a9,"","","","",✓,"","","","","","","","","","",✓,"","","","","","",Number,"","","","","","","",✓,"","","","","","","","","","",@b-0000,✓,"",@b-042e,"","","","",Chicago,cfm,"","","","","","","","","","","{sourcePointName:FLOW_STPT, dataSyncRecovered:2020-07-10T01:00:10.745-04:00 New_York, inScope, backgroundPoint}"
@b-02ad,"","","","","","","","","","","",✓,"","","",✓,"","","","",Bravo VAV 2-32 Heating Valve Output,"","","","","","","","",@b-02a9,"","","","","","","","","","","","","",✓,"",✓,✓,"","","","","",Number,"","","","","","","",✓,"","","","","","","","","","",@b-0000,"","",@b-042e,"","","","",Chicago,%,✓,"","",✓,"","","","","","","{sourcePointName:Htg, dataSyncRecovered:2020-07-10T01:00:10.126-04:00 New_York, inScope, backgroundPoint}"
@b-02ae,"",✓,"","","","","","","","","","","","","",✓,"","","","",Bravo VAV 2-32 Supply Air Temperature,✓,"","","","","","","",@b-02a9,"","","","","","","","","","","","","","","",✓,"","","","","","",Number,"","","","","","","",✓,"","","","","","","",✓,"","",@b-0000,"","",@b-042e,"","",✓,"",Chicago,°F,"","","","","","","","","","","{sourcePointName:DisAirTemp, dataSyncRecovered:2020-07-10T01:00:09.627-04:00 New_York, inScope, backgroundPoint}"
@b-02af,"",✓,"","","","","","","","","","","","","",✓,"","","","",Bravo VAV 2-32 Zone Air Temp Setpoint,"","","","","","","","",@b-02a9,"","","","","","","","","","","","","","","",✓,"","","","","","",Number,"","","","","","","",✓,"","","","","","","","","","",@b-0000,✓,"",@b-042e,"","",✓,"",Chicago,°F,"","","","","","","","","",✓,"{sourcePointName:STAT_SETPOINT, dataSyncRecovered:2020-07-10T01:00:10.62-04:00 New_York, inScope, backgroundPoint}"
@b-02b0,"",✓,"","","","","","","","","","","","","",✓,"","","","",Bravo VAV 2-32 Zone Temperature,"","","","","","","","",@b-02a9,"","","","","","","","","","","","","","","",✓,"","","","","","",Number,"","","","","","","",✓,"","","","","","","",✓,"","",@b-0000,"","",@b-042e,"","",✓,"",Chicago,°F,"","","","","","","","","",✓,"{sourcePointName:SPACE_TEMP, dataSyncRecovered:2020-07-10T01:00:10.497-04:00 New_York, inScope, backgroundPoint}"
@b-02b1,"","","",@b-00ce,"","","","","","","","","","","","","","","","",Bravo VAV 2-33,"","","","","","","",✓,"","","",✓,"","","","","","","","","","","","","","",✓,@b-0012,"","",✓,"","","","","","","","","","","","","","","","","",✓,"",@b-0000,"","",@b-042e,"","","",✓,"","","",✓,"","","","","","","",✓,"{tu, designSource:Drawings, designHotWaterEnteringTemp:180°F, designHotWaterLeavingTemp:148°F, designHotWaterPower:3.1MMBTU/h, designHotWaterFlow:0.5gal/min, designAirFlow:200cfm}"
@b-02b2,"",✓,"","","","","","","","","",✓,"","","",✓,✓,"","","",Bravo VAV 2-33 Damper Output,✓,"","","","","","","",@b-02b1,"","","","","","","","","","","","","","","",✓,"","","","","","",Number,"","","","","","","",✓,"","","","","","","","","","",@b-0000,"","",@b-042e,"","","","",Chicago,%,"","","","","","","","","","","{sourcePointName:DAMPER_CMD, dataSyncRecovered:2020-07-10T01:00:10.374-04:00 New_York, inScope, backgroundPoint}"
@b-02b3,"",✓,"","","","","","","","","","","","","",✓,"","","","",Bravo VAV 2-33 Discharge Air Flow,✓,"","","","","","","",@b-02b1,"","","","",✓,"","","","","","","","","","",✓,"","","","","","",Number,"","","","","","","",✓,"","","","","","","",✓,"","",@b-0000,"","",@b-042e,"","","","",Chicago,cfm,"","","","","","","","","","","{sourcePointName:BOX_FLOW, dataSyncRecovered:2020-07-10T01:00:10.249-04:00 New_York, inScope, backgroundPoint}"
@b-02b4,"",✓,"","","","","","","","","","","","","",✓,"","","","",Bravo VAV 2-33 Discharge Air Flow Setpoint,✓,"",✓,"","","","","",@b-02b1,"","","","",✓,"","","","","","","","","","",✓,"","","","","","",Number,"","","","","","","",✓,"","","","","","","","","","",@b-0000,✓,"",@b-042e,"","","","",Chicago,cfm,"","","","","","","","","","","{sourcePointName:FLOW_STPT, dataSyncRecovered:2020-07-10T01:00:09.627-04:00 New_York, inScope, backgroundPoint}"
@b-02b5,"","","","","","","","","","","",✓,"","","",✓,"","","","",Bravo VAV 2-33 Heating Valve Output,"","","","","","","","",@b-02b1,"","","","","","","","","","","","","",✓,"",✓,✓,"","","","","",Number,"","","","","","","",✓,"","","","","","","","","","",@b-0000,"","",@b-042e,"","","","",Chicago,%,✓,"","",✓,"","","","","","","{sourcePointName:Htg, dataSyncRecovered:2020-07-10T01:00:10.62-04:00 New_York, inScope, backgroundPoint}"
@b-02b6,"",✓,"","","","","","","","","","","","","",✓,"","","","",Bravo VAV 2-33 Supply Air Temperature,✓,"","","","","","","",@b-02b1,"","","","","","","","","","","","","","","",✓,"","","","","","",Number,"","","","","","","",✓,"","","","","","","",✓,"","",@b-0000,"","",@b-042e,"","",✓,"",Chicago,°F,"","","","","","","","","","","{sourcePointName:DisAirTemp, dataSyncRecovered:2020-07-10T01:00:09.752-04:00 New_York, inScope, backgroundPoint}"
@b-02b7,"",✓,"","","","","","","","","","","","","",✓,"","","","",Bravo VAV 2-33 Zone Air Temp Setpoint,"","","","","","","","",@b-02b1,"","","","","","","","","","","","","","","",✓,"","","","","","",Number,"","","","","","","",✓,"","","","","","","","","","",@b-0000,✓,"",@b-042e,"","",✓,"",Chicago,°F,"","","","","","","","","",✓,"{sourcePointName:STAT_SETPOINT, dataSyncRecovered:2020-07-10T01:00:09.627-04:00 New_York, inScope, backgroundPoint}"
@b-02b8,"",✓,"","","","","","","","","","","","","",✓,"","","","",Bravo VAV 2-33 Zone Temperature,"","","","","","","","",@b-02b1,"","","","","","","","","","","","","","","",✓,"","","","","","",Number,"","","","","","","",✓,"","","","","","","",✓,"","",@b-0000,"","",@b-042e,"","",✓,"",Chicago,°F,"","","","","","","","","",✓,"{sourcePointName:SPACE_TEMP, dataSyncRecovered:2020-07-10T01:00:10.87-04:00 New_York, inScope, backgroundPoint}"
@b-02b9,"","","",@b-00ce,"","","","","","","","","","","","","","","","",Bravo VAV 2-34,"","","","","","","",✓,"","","",✓,"","","","","","","","","","","","","","",✓,@b-0012,"","",✓,"","","","","","","","","","","","","","","","","",✓,"",@b-0000,"","",@b-042e,"","","",✓,"","","",✓,"","","","","","","",✓,"{tu, designSource:Drawings, designHotWaterEnteringTemp:180°F, designHotWaterLeavingTemp:149°F, designHotWaterPower:10.3MMBTU/h, designHotWaterFlow:1gal/min, designAirFlow:575cfm}"
@b-02ba,"",✓,"","","","","","","","","",✓,"","","",✓,✓,"","","",Bravo VAV 2-34 Damper Output,✓,"","","","","","","",@b-02b9,"","","","","","","","","","","","","","","",✓,"","","","","","",Number,"","","","","","","",✓,"","","","","","","","","","",@b-0000,"","",@b-042e,"","","","",Chicago,%,"","","","","","","","","","","{sourcePointName:DAMPER_CMD, dataSyncRecovered:2020-07-10T01:00:10.249-04:00 New_York, inScope, backgroundPoint}"
@b-02bb,"",✓,"","","","","","","","","","","","","",✓,"","","","",Bravo VAV 2-34 Discharge Air Flow,✓,"","","","","","","",@b-02b9,"","","","",✓,"","","","","","","","","","",✓,"","","","","","",Number,"","","","","","","",✓,"","","","","","","",✓,"","",@b-0000,"","",@b-042e,"","","","",Chicago,cfm,"","","","","","","","","","","{sourcePointName:BOX_FLOW, dataSyncRecovered:2020-07-10T01:00:07.598-04:00 New_York, inScope, backgroundPoint}"
@b-02bc,"",✓,"","","","","","","","","","","","","",✓,"","","","",Bravo VAV 2-34 Discharge Air Flow Setpoint,✓,"",✓,"","","","","",@b-02b9,"","","","",✓,"","","","","","","","","","",✓,"","","","","","",Number,"","","","","","","",✓,"","","","","","","","","","",@b-0000,✓,"",@b-042e,"","","","",Chicago,cfm,"","","","","","","","","","","{sourcePointName:FLOW_STPT, dataSyncRecovered:2020-07-10T01:00:07.598-04:00 New_York, inScope, backgroundPoint}"
@b-02bd,"","","","","","","","","","","",✓,"","","",✓,"","","","",Bravo VAV 2-34 Heating Valve Output,"","","","","","","","",@b-02b9,"","","","","","","","","","","","","",✓,"",✓,✓,"","","","","",Number,"","","","","","","",✓,"","","","","","","","","","",@b-0000,"","",@b-042e,"","","","",Chicago,%,✓,"","",✓,"","","","","","","{sourcePointName:Htg, dataSyncRecovered:2020-07-10T01:00:13.145-04:00 New_York, inScope, backgroundPoint}"
@b-02be,"",✓,"","","","","","","","","","","","","",✓,"","","","",Bravo VAV 2-34 Supply Air Temperature,✓,"","","","","","","",@b-02b9,"","","","","","","","","","","","","","","",✓,"","","","","","",Number,"","","","","","","",✓,"","","","","","","",✓,"","",@b-0000,"","",@b-042e,"","",✓,"",Chicago,°F,"","","","","","","","","","","{sourcePointName:DisAirTemp, dataSyncRecovered:2020-07-10T01:00:10.62-04:00 New_York, inScope, backgroundPoint}"
@b-02bf,"",✓,"","","","","","","","","","","","","",✓,"","","","",Bravo VAV 2-34 Zone Air Temp Setpoint,"","","","","","","","",@b-02b9,"","","","","","","","","","","","","","","",✓,"","","","","","",Number,"","","","","","","",✓,"","","","","","","","","","",@b-0000,✓,"",@b-042e,"","",✓,"",Chicago,°F,"","","","","","","","","",✓,"{sourcePointName:STAT_SETPOINT, dataSyncRecovered:2020-07-10T01:00:10.995-04:00 New_York, inScope, backgroundPoint}"
@b-02c0,"",✓,"","","","","","","","","","","","","",✓,"","","","",Bravo VAV 2-34 Zone Temperature,"","","","","","","","",@b-02b9,"","","","","","","","","","","","","","","",✓,"","","","","","",Number,"","","","","","","",✓,"","","","","","","",✓,"","",@b-0000,"","",@b-042e,"","",✓,"",Chicago,°F,"","","","","","","","","",✓,"{sourcePointName:SPACE_TEMP, dataSyncRecovered:2020-07-10T01:00:10.249-04:00 New_York, inScope, backgroundPoint}"
@b-02c1,"","","",@b-00ce,"","","","","","","","","","","","","","","","",Bravo VAV 2-35,"","","","","","","",✓,"","","",✓,"","","","","","","","","","","","","","",✓,@b-0012,"","",✓,"","","","","","","","","","","","","","","","","",✓,"",@b-0000,"","",@b-042e,"","","",✓,"","","",✓,"","","","","","","",✓,"{tu, designSource:Drawings, designHotWaterEnteringTemp:180°F, designHotWaterLeavingTemp:148°F, designHotWaterPower:3.1MMBTU/h, designHotWaterFlow:0.5gal/min, designAirFlow:250cfm}"
@b-02c2,"",✓,"","","","","","","","","",✓,"","","",✓,✓,"","","",Bravo VAV 2-35 Damper Output,✓,"","","","","","","",@b-02c1,"","","","","","","","","","","","","","","",✓,"","","","","","",Number,"","","","","","","",✓,"","","","","","","","","","",@b-0000,"","",@b-042e,"","","","",Chicago,%,"","","","","","","","","","","{sourcePointName:DAMPER_CMD, dataSyncRecovered:2020-07-10T01:00:09.879-04:00 New_York, inScope, backgroundPoint}"
@b-02c3,"",✓,"","","","","","","","","","","","","",✓,"","","","",Bravo VAV 2-35 Discharge Air Flow,✓,"","","","","","","",@b-02c1,"","","","",✓,"","","","","","","","","","",✓,"","","","","","",Number,"","","","","","","",✓,"","","","","","","",✓,"","",@b-0000,"","",@b-042e,"","","","",Chicago,cfm,"","","","","","","","","","","{sourcePointName:BOX_FLOW, dataSyncRecovered:2020-07-10T01:00:07.473-04:00 New_York, inScope, backgroundPoint}"
@b-02c4,"",✓,"","","","","","","","","","","","","",✓,"","","","",Bravo VAV 2-35 Discharge Air Flow Setpoint,✓,"",✓,"","","","","",@b-02c1,"","","","",✓,"","","","","","","","","","",✓,"","","","","","",Number,"","","","","","","",✓,"","","","","","","","","","",@b-0000,✓,"",@b-042e,"","","","",Chicago,cfm,"","","","","","","","","","","{sourcePointName:FLOW_STPT, dataSyncRecovered:2020-07-10T01:00:10.497-04:00 New_York, inScope, backgroundPoint}"
@b-02c5,"","","","","","","","","","","",✓,"","","",✓,"","","","",Bravo VAV 2-35 Heating Valve Output,"","","","","","","","",@b-02c1,"","","","","","","","","","","","","",✓,"",✓,✓,"","","","","",Number,"","","","","","","",✓,"","","","","","","","","","",@b-0000,"","",@b-042e,"","","","",Chicago,%,✓,"","",✓,"","","","","","","{sourcePointName:Htg, dataSyncRecovered:2020-07-10T01:00:10.374-04:00 New_York, inScope, backgroundPoint}"
@b-02c6,"",✓,"","","","","","","","","","","","","",✓,"","","","",Bravo VAV 2-35 Supply Air Temperature,✓,"","","","","","","",@b-02c1,"","","","","","","","","","","","","","","",✓,"","","","","","",Number,"","","","","","","",✓,"","","","","","","",✓,"","",@b-0000,"","",@b-042e,"","",✓,"",Chicago,°F,"","","","","","","","","","","{sourcePointName:DisAirTemp, dataSyncRecovered:2020-07-10T01:00:10.249-04:00 New_York, inScope, backgroundPoint}"
@b-02c7,"",✓,"","","","","","","","","","","","","",✓,"","","","",Bravo VAV 2-35 Zone Air Temp Setpoint,"","","","","","","","",@b-02c1,"","","","","","","","","","","","","","","",✓,"","","","","","",Number,"","","","","","","",✓,"","","","","","","","","","",@b-0000,✓,"",@b-042e,"","",✓,"",Chicago,°F,"","","","","","","","","",✓,"{sourcePointName:STAT_SETPOINT, dataSyncRecovered:2020-07-10T01:00:10.87-04:00 New_York, inScope, backgroundPoint}"
@b-02c8,"",✓,"","","","","","","","","","","","","",✓,"","","","",Bravo VAV 2-35 Zone Temperature,"","","","","","","","",@b-02c1,"","","","","","","","","","","","","","","",✓,"","","","","","",Number,"","","","","","","",✓,"","","","","","","",✓,"","",@b-0000,"","",@b-042e,"","",✓,"",Chicago,°F,"","","","","","","","","",✓,"{sourcePointName:SPACE_TEMP, dataSyncRecovered:2020-07-10T01:00:10.62-04:00 New_York, inScope, backgroundPoint}"
@b-02c9,"","","",@b-00ce,"","","","","","","","","","","","","","","","",Bravo VAV 2-36,"","","","","","","",✓,"","","",✓,"","","","","","","","","","","","","","",✓,@b-0012,"","",✓,"","","","","","","","","","","","","","","","","",✓,"",@b-0000,"","",@b-042e,"","","",✓,"","","",✓,"","","","","","","",✓,"{tu, designSource:Drawings, designHotWaterEnteringTemp:180°F, designHotWaterLeavingTemp:149°F, designHotWaterPower:9.2MMBTU/h, designHotWaterFlow:1gal/min, designAirFlow:450cfm}"
@b-02ca,"",✓,"","","","","","","","","",✓,"","","",✓,✓,"","","",Bravo VAV 2-36 Damper Output,✓,"","","","","","","",@b-02c9,"","","","","","","","","","","","","","","",✓,"","","","","","",Number,"","","","","","","",✓,"","","","","","","","","","",@b-0000,"","",@b-042e,"","","","",Chicago,%,"","","","","","","","","","","{sourcePointName:DAMPER_CMD, dataSyncRecovered:2020-07-10T01:00:10.497-04:00 New_York, inScope, backgroundPoint}"
@b-02cb,"",✓,"","","","","","","","","","","","","",✓,"","","","",Bravo VAV 2-36 Discharge Air Flow,✓,"","","","","","","",@b-02c9,"","","","",✓,"","","","","","","","","","",✓,"","","","","","",Number,"","","","","","","",✓,"","","","","","","",✓,"","",@b-0000,"","",@b-042e,"","","","",Chicago,cfm,"","","","","","","","","","","{sourcePointName:BOX_FLOW, dataSyncRecovered:2020-07-10T01:00:07.721-04:00 New_York, inScope, backgroundPoint}"
@b-02cc,"",✓,"","","","","","","","","","","","","",✓,"","","","",Bravo VAV 2-36 Discharge Air Flow Setpoint,✓,"",✓,"","","","","",@b-02c9,"","","","",✓,"","","","","","","","","","",✓,"","","","","","",Number,"","","","","","","",✓,"","","","","","","","","","",@b-0000,✓,"",@b-042e,"","","","",Chicago,cfm,"","","","","","","","","","","{sourcePointName:FLOW_STPT, dataSyncRecovered:2020-07-10T01:00:09.627-04:00 New_York, inScope, backgroundPoint}"
@b-02cd,"","","","","","","","","","","",✓,"","","",✓,"","","","",Bravo VAV 2-36 Heating Valve Output,"","","","","","","","",@b-02c9,"","","","","","","","","","","","","",✓,"",✓,✓,"","","","","",Number,"","","","","","","",✓,"","","","","","","","","","",@b-0000,"","",@b-042e,"","","","",Chicago,%,✓,"","",✓,"","","","","","","{sourcePointName:Htg, dataSyncRecovered:2020-07-10T01:00:07.598-04:00 New_York, inScope, backgroundPoint}"
@b-02ce,"",✓,"","","","","","","","","","","","","",✓,"","","","",Bravo VAV 2-36 Supply Air Temperature,✓,"","","","","","","",@b-02c9,"","","","","","","","","","","","","","","",✓,"","","","","","",Number,"","","","","","","",✓,"","","","","","","",✓,"","",@b-0000,"","",@b-042e,"","",✓,"",Chicago,°F,"","","","","","","","","","","{sourcePointName:DisAirTemp, dataSyncRecovered:2020-07-10T01:00:09.879-04:00 New_York, inScope, backgroundPoint}"
@b-02cf,"",✓,"","","","","","","","","","","","","",✓,"","","","",Bravo VAV 2-36 Zone Air Temp Setpoint,"","","","","","","","",@b-02c9,"","","","","","","","","","","","","","","",✓,"","","","","","",Number,"","","","","","","",✓,"","","","","","","","","","",@b-0000,✓,"",@b-042e,"","",✓,"",Chicago,°F,"","","","","","","","","",✓,"{sourcePointName:STAT_SETPOINT, dataSyncRecovered:2020-07-10T01:00:09.627-04:00 New_York, inScope, backgroundPoint}"
@b-02d0,"",✓,"","","","","","","","","","","","","",✓,"","","","",Bravo VAV 2-36 Zone Temperature,"","","","","","","","",@b-02c9,"","","","","","","","","","","","","","","",✓,"","","","","","",Number,"","","","","","","",✓,"","","","","","","",✓,"","",@b-0000,"","",@b-042e,"","",✓,"",Chicago,°F,"","","","","","","","","",✓,"{sourcePointName:SPACE_TEMP, dataSyncRecovered:2020-07-10T01:00:09.627-04:00 New_York, inScope, backgroundPoint}"
@b-02d1,"","","",@b-00ce,"","","","","","","","","","","","","","","","",Bravo VAV 2-37,"","","","","","","",✓,"","","",✓,"","","","","","","","","","","","","","",✓,@b-0012,"","",✓,"","","","","","","","","","","","","","","","","",✓,"",@b-0000,"","",@b-042e,"","","",✓,"","","",✓,"","","","","","","",✓,"{tu, designSource:Drawings, designHotWaterEnteringTemp:180°F, designHotWaterLeavingTemp:150°F, designHotWaterPower:10.5MMBTU/h, designHotWaterFlow:1.25gal/min, designAirFlow:500cfm}"
@b-02d2,"",✓,"","","","","","","","","",✓,"","","",✓,✓,"","","",Bravo VAV 2-37 Damper Output,✓,"","","","","","","",@b-02d1,"","","","","","","","","","","","","","","",✓,"","","","","","",Number,"","","","","","","",✓,"","","","","","","","","","",@b-0000,"","",@b-042e,"","","","",Chicago,%,"","","","","","","","","","","{sourcePointName:DAMPER_CMD, dataSyncRecovered:2020-07-10T01:00:09.879-04:00 New_York, inScope, backgroundPoint}"
@b-02d3,"",✓,"","","","","","","","","","","","","",✓,"","","","",Bravo VAV 2-37 Discharge Air Flow,✓,"","","","","","","",@b-02d1,"","","","",✓,"","","","","","","","","","",✓,"","","","","","",Number,"","","","","","","",✓,"","","","","","","",✓,"","",@b-0000,"","",@b-042e,"","","","",Chicago,cfm,"","","","","","","","","","","{sourcePointName:BOX_FLOW, dataSyncRecovered:2020-07-10T01:00:09.752-04:00 New_York, inScope, backgroundPoint}"
@b-02d4,"",✓,"","","","","","","","","","","","","",✓,"","","","",Bravo VAV 2-37 Discharge Air Flow Setpoint,✓,"",✓,"","","","","",@b-02d1,"","","","",✓,"","","","","","","","","","",✓,"","","","","","",Number,"","","","","","","",✓,"","","","","","","","","","",@b-0000,✓,"",@b-042e,"","","","",Chicago,cfm,"","","","","","","","","","","{sourcePointName:FLOW_STPT, dataSyncRecovered:2020-07-10T01:00:10.249-04:00 New_York, inScope, backgroundPoint}"
@b-02d5,"","","","","","","","","","","",✓,"","","",✓,"","","","",Bravo VAV 2-37 Heating Valve Output,"","","","","","","","",@b-02d1,"","","","","","","","","","","","","",✓,"",✓,✓,"","","","","",Number,"","","","","","","",✓,"","","","","","","","","","",@b-0000,"","",@b-042e,"","","","",Chicago,%,✓,"","",✓,"","","","","","","{sourcePointName:Htg, dataSyncRecovered:2020-07-10T01:00:09.752-04:00 New_York, inScope, backgroundPoint}"
@b-02d6,"",✓,"","","","","","","","","","","","","",✓,"","","","",Bravo VAV 2-37 Supply Air Temperature,✓,"","","","","","","",@b-02d1,"","","","","","","","","","","","","","","",✓,"","","","","","",Str,"","","","","","","",✓,"","","","","","","",✓,"","",@b-0000,"","",@b-042e,"","",✓,"",Chicago,°F,"","","","","","","","","","","{sourcePointName:DisAirTemp, dataSyncRecovered:2020-07-10T01:00:10.62-04:00 New_York, inScope, backgroundPoint}"
@b-02d7,"",✓,"","","","","","","","","","","","","",✓,"","","","",Bravo VAV 2-37 Zone Air Temp Setpoint,"","","","","","","","",@b-02d1,"","","","","","","","","","","","","","","",✓,"","","","","","",Number,"","","","","","","",✓,"","","","","","","","","","",@b-0000,✓,"",@b-042e,"","",✓,"",Chicago,°F,"","","","","","","","","",✓,"{sourcePointName:STAT_SETPOINT, dataSyncRecovered:2020-07-10T01:00:09.627-04:00 New_York, inScope, backgroundPoint}"
@b-02d8,"",✓,"","","","","","","","","","","","","",✓,"","","","",Bravo VAV 2-37 Zone Temperature,"","","","","","","","",@b-02d1,"","","","","","","","","","","","","","","",✓,"","","","","","",Number,"","","","","","","",✓,"","","","","","","",✓,"","",@b-0000,"","",@b-042e,"","",✓,"",Chicago,°F,"","","","","","","","","",✓,"{sourcePointName:SPACE_TEMP, dataSyncRecovered:2020-07-10T01:00:10.249-04:00 New_York, inScope, backgroundPoint}"
@b-02d9,"","","",@b-00ce,"","","","","","","","","","","","","","","","",Bravo VAV 2-38,"","","","","","","",✓,"","","",✓,"","","","","","","","","","","","","","",✓,@b-0012,"","",✓,"","","","","","","","","","","","","","","","","",✓,"",@b-0000,"","",@b-042e,"","","",✓,"","","",✓,"","","","","","","",✓,"{tu, designSource:Drawings, designHotWaterEnteringTemp:180°F, designHotWaterLeavingTemp:148°F, designHotWaterPower:4.9MMBTU/h, designHotWaterFlow:0.5gal/min, designAirFlow:250cfm}"
@b-02da,"",✓,"","","","","","","","","",✓,"","","",✓,✓,"","","",Bravo VAV 2-38 Damper Output,✓,"","","","","","","",@b-02d9,"","","","","","","","","","","","","","","",✓,"","","","","","",Number,"","","","","","","",✓,"","","","","","","","","","",@b-0000,"","",@b-042e,"","","","",Chicago,%,"","","","","","","","","","","{sourcePointName:DAMPER_CMD, dataSyncRecovered:2020-07-10T01:00:13.145-04:00 New_York, inScope, backgroundPoint}"
@b-02db,"",✓,"","","","","","","","","","","","","",✓,"","","","",Bravo VAV 2-38 Discharge Air Flow,✓,"","","","","","","",@b-02d9,"","","","",✓,"","","","","","","","","","",✓,"","","","","","",Number,"","","","","","","",✓,"","","","","","","",✓,"","",@b-0000,"","",@b-042e,"","","","",Chicago,cfm,"","","","","","","","","","","{sourcePointName:BOX_FLOW, dataSyncRecovered:2020-07-10T01:00:11.258-04:00 New_York, inScope, backgroundPoint}"
@b-02dc,"",✓,"","","","","","","","","","","","","",✓,"","","","",Bravo VAV 2-38 Discharge Air Flow Setpoint,✓,"",✓,"","","","","",@b-02d9,"","","","",✓,"","","","","","","","","","",✓,"","","","","","",Number,"","","","","","","",✓,"","","","","","","","","","",@b-0000,✓,"",@b-042e,"","","","",Chicago,cfm,"","","","","","","","","","","{sourcePointName:FLOW_STPT, dataSyncRecovered:2020-07-10T01:00:10.497-04:00 New_York, inScope, backgroundPoint}"
@b-02dd,"","","","","","","","","","","",✓,"","","",✓,"","","","",Bravo VAV 2-38 Heating Valve Output,"","","","","","","","",@b-02d9,"","","","","","","","","","","","","",✓,"",✓,✓,"","","","","",Number,"","","","","","","",✓,"","","","","","","","","","",@b-0000,"","",@b-042e,"","","","",Chicago,%,✓,"","",✓,"","","","","","","{sourcePointName:Htg, dataSyncRecovered:2020-07-10T01:00:10.745-04:00 New_York, inScope, backgroundPoint}"
@b-02de,"",✓,"","","","","","","","","","","","","",✓,"","","","",Bravo VAV 2-38 Supply Air Temperature,✓,"","","","","","","",@b-02d9,"","","","","","","","","","","","","","","",✓,"","","","","","",Number,"","","","","","","",✓,"","","","","","","",✓,"","",@b-0000,"","",@b-042e,"","",✓,"",Chicago,°F,"","","","","","","","","","","{sourcePointName:DisAirTemp, dataSyncRecovered:2020-07-10T01:00:10.62-04:00 New_York, inScope, backgroundPoint}"
@b-02df,"",✓,"","","","","","","","","","","","","",✓,"","","","",Bravo VAV 2-38 Zone Air Temp Setpoint,"","","","","","","","",@b-02d9,"","","","","","","","","","","","","","","",✓,"","","","","","",Number,"","","","","","","",✓,"","","","","","","","","","",@b-0000,✓,"",@b-042e,"","",✓,"",Chicago,°F,"","","","","","","","","",✓,"{sourcePointName:STAT_SETPOINT, dataSyncRecovered:2020-07-10T01:00:09.627-04:00 New_York, inScope, backgroundPoint}"
@b-02e0,"",✓,"","","","","","","","","","","","","",✓,"","","","",Bravo VAV 2-38 Zone Temperature,"","","","","","","","",@b-02d9,"","","","","","","","","","","","","","","",✓,"","","","","","",Number,"","","","","","","",✓,"","","","","","","",✓,"","",@b-0000,"","",@b-042e,"","",✓,"",Chicago,°F,"","","","","","","","","",✓,"{sourcePointName:SPACE_TEMP, dataSyncRecovered:2020-07-10T01:00:10.87-04:00 New_York, inScope, backgroundPoint}"
@b-02e1,"","","",@b-00ce,"","","","","","","","","","","","","","","","",Bravo VAV 2-39,"","","","","","","",✓,"","","",✓,"","","","","","","","","","","","","","",✓,@b-0012,"","",✓,"","","","","","","","","","","","","","","","","",✓,"",@b-0000,"","",@b-042e,"","","",✓,"","","",✓,"","","","","","","",✓,"{tu, designSource:Drawings, designHotWaterEnteringTemp:180°F, designHotWaterLeavingTemp:153°F, designHotWaterPower:9.5MMBTU/h, designHotWaterFlow:9.5gal/min, designAirFlow:475cfm}"
@b-02e2,"",✓,"","","","","","","","","",✓,"","","",✓,✓,"","","",Bravo VAV 2-39 Damper Output,✓,"","","","","","","",@b-02e1,"","","","","","","","","","","","","","","",✓,"","","","","","",Number,"","","","","","","",✓,"","","","","","","","","","",@b-0000,"","",@b-042e,"","","","",Chicago,%,"","","","","","","","","","","{sourcePointName:DAMPER_CMD, dataSyncRecovered:2020-07-10T01:00:10.745-04:00 New_York, inScope, backgroundPoint}"
@b-02e3,"",✓,"","","","","","","","","","","","","",✓,"","","","",Bravo VAV 2-39 Discharge Air Flow,✓,"","","","","","","",@b-02e1,"","","","",✓,"","","","","","","","","","",✓,"","","","","","",Number,"","","","","","","",✓,"","","","","","","",✓,"","",@b-0000,"","",@b-042e,"","","","",Chicago,cfm,"","","","","","","","","","","{sourcePointName:BOX_FLOW, dataSyncRecovered:2020-07-10T01:00:11.125-04:00 New_York, inScope, backgroundPoint}"
@b-02e4,"",✓,"","","","","","","","","","","","","",✓,"","","","",Bravo VAV 2-39 Discharge Air Flow Setpoint,✓,"",✓,"","","","","",@b-02e1,"","","","",✓,"","","","","","","","","","",✓,"","","","","","",Number,"","","","","","","",✓,"","","","","","","","","","",@b-0000,✓,"",@b-042e,"","","","",Chicago,cfm,"","","","","","","","","","","{sourcePointName:FLOW_STPT, dataSyncRecovered:2020-07-10T01:00:10.126-04:00 New_York, inScope, backgroundPoint}"
@b-02e5,"","","","","","","","","","","",✓,"","","",✓,"","","","",Bravo VAV 2-39 Heating Valve Output,"","","","","","","","",@b-02e1,"","","","","","","","","","","","","",✓,"",✓,✓,"","","","","",Number,"","","","","","","",✓,"","","","","","","","","","",@b-0000,"","",@b-042e,"","","","",Chicago,%,✓,"","",✓,"","","","","","","{sourcePointName:Htg, dataSyncRecovered:2020-07-10T01:00:10.374-04:00 New_York, inScope, backgroundPoint}"
@b-02e6,"",✓,"","","","","","","","","","","","","",✓,"","","","",Bravo VAV 2-39 Supply Air Temperature,✓,"","","","","","","",@b-02e1,"","","","","","","","","","","","","","","",✓,"","","","","","",Number,"","","","","","","",✓,"","","","","","","",✓,"","",@b-0000,"","",@b-042e,"","",✓,"",Chicago,°F,"","","","","","","","","","","{sourcePointName:DisAirTemp, dataSyncRecovered:2020-07-10T01:00:10.003-04:00 New_York, inScope, backgroundPoint}"
@b-02e7,"",✓,"","","","","","","","","","","","","",✓,"","","","",Bravo VAV 2-39 Zone Air Temp Setpoint,"","","","","","","","",@b-02e1,"","","","","","","","","","","","","","","",✓,"","","","","","",Number,"","","","","","","",✓,"","","","","","","","","","",@b-0000,✓,"",@b-042e,"","",✓,"",Chicago,°F,"","","","","","","","","",✓,"{sourcePointName:STAT_SETPOINT, dataSyncRecovered:2020-07-10T01:00:10.745-04:00 New_York, inScope, backgroundPoint}"
@b-02e8,"",✓,"","","","","","","","","","","","","",✓,"","","","",Bravo VAV 2-39 Zone Temperature,"","","","","","","","",@b-02e1,"","","","","","","","","","","","","","","",✓,"","","","","","",Number,"","","","","","","",✓,"","","","","","","",✓,"","",@b-0000,"","",@b-042e,"","",✓,"",Chicago,°F,"","","","","","","","","",✓,"{sourcePointName:SPACE_TEMP, dataSyncRecovered:2020-07-10T01:00:09.879-04:00 New_York, inScope, backgroundPoint}"
@b-02e9,"","","",@b-00ce,"","","","","","","","","","","","","","","","",Bravo VAV 2-4,"","","","","","","",✓,"","","",✓,"","","","","","","","","","","","","","",✓,@b-0012,"","",✓,"","","","","","","","","","","","","","","","","",✓,"",@b-0000,"","",@b-042e,"","","",✓,"","","",✓,"","","","","","","",✓,"{tu, designSource:Drawings, designHotWaterEnteringTemp:180°F, designHotWaterLeavingTemp:151°F, designHotWaterPower:2.9MMBTU/h, designHotWaterFlow:0.5gal/min, designAirFlow:150cfm}"
@b-02ea,"",✓,"","","","","","","","","",✓,"","","",✓,✓,"","","",Bravo VAV 2-4 Damper Output,✓,"","","","","","","",@b-02e9,"","","","","","","","","","","","","","","",✓,"","","","","","",Number,"","","","","","","",✓,"","","","","","","","","","",@b-0000,"","",@b-042e,"","","","",Chicago,%,"","","","","","","","","","","{sourcePointName:DAMPER_CMD, dataSyncRecovered:2020-07-10T01:00:10.497-04:00 New_York, inScope, backgroundPoint}"
@b-02eb,"",✓,"","","","","","","","","","","","","",✓,"","","","",Bravo VAV 2-4 Discharge Air Flow,✓,"","","","","","","",@b-02e9,"","","","",✓,"","","","","","","","","","",✓,"","","","","","",Number,"","","","","","","",✓,"","","","","","","",✓,"","",@b-0000,"","",@b-042e,"","","","",Chicago,cfm,"","","","","","","","","","","{sourcePointName:BOX_FLOW, dataSyncRecovered:2020-07-10T01:00:09.752-04:00 New_York, inScope, backgroundPoint}"
@b-02ec,"",✓,"","","","","","","","","","","","","",✓,"","","","",Bravo VAV 2-4 Discharge Air Flow Setpoint,✓,"",✓,"","","","","",@b-02e9,"","","","",✓,"","","","","","","","","","",✓,"","","","","","",Number,"","","","","","","",✓,"","","","","","","","","","",@b-0000,✓,"",@b-042e,"","","","",Chicago,cfm,"","","","","","","","","","","{sourcePointName:FLOW_STPT, dataSyncRecovered:2020-07-10T01:00:10.995-04:00 New_York, inScope, backgroundPoint}"
@b-02ed,"","","","","","","","","","","",✓,"","","",✓,"","","","",Bravo VAV 2-4 Heating Valve Output,"","","","","","","","",@b-02e9,"","","","","","","","","","","","","",✓,"",✓,✓,"","","","","",Number,"","","","","","","",✓,"","","","","","","","","","",@b-0000,"","",@b-042e,"","","","",Chicago,%,✓,"","",✓,"","","","","","","{sourcePointName:Htg, dataSyncRecovered:2020-07-10T01:00:09.879-04:00 New_York, inScope, backgroundPoint}"
@b-02ee,"",✓,"","","","","","","","","","","","","",✓,"","","","",Bravo VAV 2-4 Supply Air Temperature,✓,"","","","","","","",@b-02e9,"","","","","","","","","","","","","","","",✓,"","","","","","",Number,"","","","","","","",✓,"","","","","","","",✓,"","",@b-0000,"","",@b-042e,"","",✓,"",Chicago,°F,"","","","","","","","","","","{sourcePointName:DisAirTemp, dataSyncRecovered:2020-07-10T01:00:10.62-04:00 New_York, inScope, backgroundPoint}"
@b-02ef,"",✓,"","","","","","","","","","","","","",✓,"","","","",Bravo VAV 2-4 Zone Air Temp Setpoint,"","","","","","","","",@b-02e9,"","","","","","","","","","","","","","","",✓,"","","","","","",Number,"","","","","","","",✓,"","","","","","","","","","",@b-0000,✓,"",@b-042e,"","",✓,"",Chicago,°F,"","","","","","","","","",✓,"{sourcePointName:STAT_SETPOINT, dataSyncRecovered:2020-07-10T01:00:10.62-04:00 New_York, inScope, backgroundPoint}"
@b-02f0,"",✓,"","","","","","","","","","","","","",✓,"","","","",Bravo VAV 2-4 Zone Temperature,"","","","","","","","",@b-02e9,"","","","","","","","","","","","","","","",✓,"","","","","","",Number,"","","","","","","",✓,"","","","","","","",✓,"","",@b-0000,"","",@b-042e,"","",✓,"",Chicago,°F,"","","","","","","","","",✓,"{sourcePointName:SPACE_TEMP, dataSyncRecovered:2020-07-10T01:00:10.003-04:00 New_York, inScope, backgroundPoint}"
@b-02f1,"","","",@b-00ce,"","","","","","","","","","","","","","","","",Bravo VAV 2-40,"","","","","","","",✓,"","","",✓,"","","","","","","","","","","","","","",✓,@b-0012,"","",✓,"","","","","","","","","","","","","","","","","",✓,"",@b-0000,"","",@b-042e,"","","",✓,"","","",✓,"","","","","","","",✓,"{tu, designSource:Drawings, designHotWaterEnteringTemp:180°F, designHotWaterLeavingTemp:153°F, designHotWaterPower:9.8MMBTU/h, designHotWaterFlow:1.25gal/min, designAirFlow:475cfm}"
@b-02f2,"",✓,"","","","","","","","","",✓,"","","",✓,✓,"","","",Bravo VAV 2-40 Damper Output,✓,"","","","","","","",@b-02f1,"","","","","","","","","","","","","","","",✓,"","","","","","",Number,"","","","","","","",✓,"","","","","","","","","","",@b-0000,"","",@b-042e,"","","","",Chicago,%,"","","","","","","","","","","{sourcePointName:DAMPER_CMD, dataSyncRecovered:2020-07-10T01:00:10.003-04:00 New_York, inScope, backgroundPoint}"
@b-02f3,"",✓,"","","","","","","","","","","","","",✓,"","","","",Bravo VAV 2-40 Discharge Air Flow,✓,"","","","","","","",@b-02f1,"","","","",✓,"","","","","","","","","","",✓,"","","","","","",Number,"","","","","","","",✓,"","","","","","","",✓,"","",@b-0000,"","",@b-042e,"","","","",Chicago,cfm,"","","","","","","","","","","{sourcePointName:BOX_FLOW, dataSyncRecovered:2020-07-10T01:00:13.145-04:00 New_York, inScope, backgroundPoint}"
@b-02f4,"",✓,"","","","","","","","","","","","","",✓,"","","","",Bravo VAV 2-40 Discharge Air Flow Setpoint,✓,"",✓,"","","","","",@b-02f1,"","","","",✓,"","","","","","","","","","",✓,"","","","","","",Number,"","","","","","","",✓,"","","","","","","","","","",@b-0000,✓,"",@b-042e,"","","","",Chicago,cfm,"","","","","","","","","","","{sourcePointName:FLOW_STPT, dataSyncRecovered:2020-07-10T01:00:10.745-04:00 New_York, inScope, backgroundPoint}"
@b-02f5,"","","","","","","","","","","",✓,"","","",✓,"","","","",Bravo VAV 2-40 Heating Valve Output,"","","","","","","","",@b-02f1,"","","","","","","","","","","","","",✓,"",✓,✓,"","","","","",Number,"","","","","","","",✓,"","","","","","","","","","",@b-0000,"","",@b-042e,"","","","",Chicago,%,✓,"","",✓,"","","","","","","{sourcePointName:Htg, dataSyncRecovered:2020-07-10T01:00:10.995-04:00 New_York, inScope, backgroundPoint}"
@b-02f6,"",✓,"","","","","","","","","","","","","",✓,"","","","",Bravo VAV 2-40 Supply Air Temperature,✓,"","","","","","","",@b-02f1,"","","","","","","","","","","","","","","",✓,"","","","","","",Number,"","","","","","","",✓,"","","","","","","",✓,"","",@b-0000,"","",@b-042e,"","",✓,"",Chicago,°F,"","","","","","","","","","","{sourcePointName:DisAirTemp, dataSyncRecovered:2020-07-10T01:00:13.145-04:00 New_York, inScope, backgroundPoint}"
@b-02f7,"",✓,"","","","","","","","","","","","","",✓,"","","","",Bravo VAV 2-40 Zone Air Temp Setpoint,"","","","","","","","",@b-02f1,"","","","","","","","","","","","","","","",✓,"","","","","","",Number,"","","","","","","",✓,"","","","","","","","","","",@b-0000,✓,"",@b-042e,"","",✓,"",Chicago,°F,"","","","","","","","","",✓,"{sourcePointName:STAT_SETPOINT, dataSyncRecovered:2020-07-10T01:00:10.003-04:00 New_York, inScope, backgroundPoint}"
@b-02f8,"",✓,"","","","","","","","","","","","","",✓,"","","","",Bravo VAV 2-40 Zone Temperature,"","","","","","","","",@b-02f1,"","","","","","","","","","","","","","","",✓,"","","","","","",Number,"","","","","","","",✓,"","","","","","","",✓,"","",@b-0000,"","",@b-042e,"","",✓,"",Chicago,°F,"","","","","","","","","",✓,"{sourcePointName:SPACE_TEMP, dataSyncRecovered:2020-07-10T01:00:09.752-04:00 New_York, inScope, backgroundPoint}"
@b-02f9,"","","",@b-00ce,"","","","","","","","","","","","","","","","",Bravo VAV 2-41,"","","","","","","",✓,"","","",✓,"","","","","","","","","","","","","","",✓,@b-0012,"","",✓,"","","","","","","","","","","","","","","","","",✓,"",@b-0000,"","",@b-042e,"","","",✓,"","","",✓,"","","","","","","",✓,"{tu, designSource:Drawings, designHotWaterEnteringTemp:180°F, designHotWaterLeavingTemp:153°F, designHotWaterPower:9.5MMBTU/h, designHotWaterFlow:1.25gal/min, designAirFlow:475cfm}"
@b-02fa,"",✓,"","","","","","","","","",✓,"","","",✓,✓,"","","",Bravo VAV 2-41 Damper Output,✓,"","","","","","","",@b-02f9,"","","","","","","","","","","","","","","",✓,"","","","","","",Number,"","","","","","","",✓,"","","","","","","","","","",@b-0000,"","",@b-042e,"","","","",Chicago,%,"","","","","","","","","","","{sourcePointName:DAMPER_CMD, dataSyncRecovered:2020-07-10T01:00:09.626-04:00 New_York, inScope, backgroundPoint}"
@b-02fb,"",✓,"","","","","","","","","","","","","",✓,"","","","",Bravo VAV 2-41 Discharge Air Flow,✓,"","","","","","","",@b-02f9,"","","","",✓,"","","","","","","","","","",✓,"","","","","","",Number,"","","","","","","",✓,"","","","","","","",✓,"","",@b-0000,"","",@b-042e,"","","","",Chicago,cfm,"","","","","","","","","","","{sourcePointName:BOX_FLOW, dataSyncRecovered:2020-07-10T01:00:09.627-04:00 New_York, inScope, backgroundPoint}"
@b-02fc,"",✓,"","","","","","","","","","","","","",✓,"","","","",Bravo VAV 2-41 Discharge Air Flow Setpoint,✓,"",✓,"","","","","",@b-02f9,"","","","",✓,"","","","","","","","","","",✓,"","","","","","",Number,"","","","","","","",✓,"","","","","","","","","","",@b-0000,✓,"",@b-042e,"","","","",Chicago,cfm,"","","","","","","","","","","{sourcePointName:FLOW_STPT, dataSyncRecovered:2020-07-10T01:00:09.879-04:00 New_York, inScope, backgroundPoint}"
@b-02fd,"","","","","","","","","","","",✓,"","","",✓,"","","","",Bravo VAV 2-41 Heating Valve Output,"","","","","","","","",@b-02f9,"","","","","","","","","","","","","",✓,"",✓,✓,"","","","","",Number,"","","","","","","",✓,"","","","","","","","","","",@b-0000,"","",@b-042e,"","","","",Chicago,%,✓,"","",✓,"","","","","","","{sourcePointName:Htg, dataSyncRecovered:2020-07-10T01:00:10.374-04:00 New_York, inScope, backgroundPoint}"
@b-02fe,"",✓,"","","","","","","","","","","","","",✓,"","","","",Bravo VAV 2-41 Supply Air Temperature,✓,"","","","","","","",@b-02f9,"","","","","","","","","","","","","","","",✓,"","","","","","",Str,"","","","","","","",✓,"","","","","","","",✓,"","",@b-0000,"","",@b-042e,"","",✓,"",Chicago,°F,"","","","","","","","","","","{sourcePointName:DisAirTemp, dataSyncRecovered:2020-07-10T01:00:10.87-04:00 New_York, inScope, backgroundPoint}"
@b-02ff,"",✓,"","","","","","","","","","","","","",✓,"","","","",Bravo VAV 2-41 Zone Air Temp Setpoint,"","","","","","","","",@b-02f9,"","","","","","","","","","","","","","","",✓,"","","","","","",Number,"","","","","","","",✓,"","","","","","","","","","",@b-0000,✓,"",@b-042e,"","",✓,"",Chicago,°F,"","","","","","","","","",✓,"{sourcePointName:STAT_SETPOINT, dataSyncRecovered:2020-07-10T01:00:10.497-04:00 New_York, inScope, backgroundPoint}"
@b-0300,"",✓,"","","","","","","","","","","","","",✓,"","","","",Bravo VAV 2-41 Zone Temperature,"","","","","","","","",@b-02f9,"","","","","","","","","","","","","","","",✓,"","","","","","",Number,"","","","","","","",✓,"","","","","","","",✓,"","",@b-0000,"","",@b-042e,"","",✓,"",Chicago,°F,"","","","","","","","","",✓,"{sourcePointName:SPACE_TEMP, dataSyncRecovered:2020-07-10T01:00:09.879-04:00 New_York, inScope, backgroundPoint}"
@b-0301,"","","",@b-00ce,"","","","","","","","","","","","","","","","",Bravo VAV 2-42,"","","","","","","",✓,"","","",✓,"","","","","","","","","","","","","","",✓,@b-0012,"","",✓,"","","","","","","","","","","","","","","","","",✓,"",@b-0000,"","",@b-042e,"","","",✓,"","","",✓,"","","","","","","",✓,"{tu, designSource:Drawings, designHotWaterEnteringTemp:180°F, designHotWaterLeavingTemp:149°F, designHotWaterPower:8.9MMBTU/h, designHotWaterFlow:1gal/min, designAirFlow:450cfm}"
@b-0302,"",✓,"","","","","","","","","",✓,"","","",✓,✓,"","","",Bravo VAV 2-42 Damper Output,✓,"","","","","","","",@b-0301,"","","","","","","","","","","","","","","",✓,"","","","","","",Number,"","","","","","","",✓,"","","","","","","","","","",@b-0000,"","",@b-042e,"","","","",Chicago,%,"","","","","","","","","","","{sourcePointName:DAMPER_CMD, dataSyncRecovered:2020-07-10T01:00:10.126-04:00 New_York, inScope, backgroundPoint}"
@b-0303,"",✓,"","","","","","","","","","","","","",✓,"","","","",Bravo VAV 2-42 Discharge Air Flow,✓,"","","","","","","",@b-0301,"","","","",✓,"","","","","","","","","","",✓,"","","","","","",Number,"","","","","","","",✓,"","","","","","","",✓,"","",@b-0000,"","",@b-042e,"","","","",Chicago,cfm,"","","","","","","","","","","{sourcePointName:BOX_FLOW, dataSyncRecovered:2020-07-10T01:00:10.87-04:00 New_York, inScope, backgroundPoint}"
@b-0304,"",✓,"","","","","","","","","","","","","",✓,"","","","",Bravo VAV 2-42 Discharge Air Flow Setpoint,✓,"",✓,"","","","","",@b-0301,"","","","",✓,"","","","","","","","","","",✓,"","","","","","",Number,"","","","","","","",✓,"","","","","","","","","","",@b-0000,✓,"",@b-042e,"","","","",Chicago,cfm,"","","","","","","","","","","{sourcePointName:FLOW_STPT, dataSyncRecovered:2020-07-10T01:00:10.62-04:00 New_York, inScope, backgroundPoint}"
@b-0305,"","","","","","","","","","","",✓,"","","",✓,"","","","",Bravo VAV 2-42 Heating Valve Output,"","","","","","","","",@b-0301,"","","","","","","","","","","","","",✓,"",✓,✓,"","","","","",Number,"","","","","","","",✓,"","","","","","","","","","",@b-0000,"","",@b-042e,"","","","",Chicago,%,✓,"","",✓,"","","","","","","{sourcePointName:Htg, dataSyncRecovered:2020-07-10T01:00:09.627-04:00 New_York, inScope, backgroundPoint}"
@b-0306,"",✓,"","","","","","","","","","","","","",✓,"","","","",Bravo VAV 2-42 Supply Air Temperature,✓,"","","","","","","",@b-0301,"","","","","","","","","","","","","","","",✓,"","","","","","",Number,"","","","","","","",✓,"","","","","","","",✓,"","",@b-0000,"","",@b-042e,"","",✓,"",Chicago,°F,"","","","","","","","","","","{sourcePointName:DisAirTemp, dataSyncRecovered:2020-07-10T01:00:11.125-04:00 New_York, inScope, backgroundPoint}"
@b-0307,"",✓,"","","","","","","","","","","","","",✓,"","","","",Bravo VAV 2-42 Zone Air Temp Setpoint,"","","","","","","","",@b-0301,"","","","","","","","","","","","","","","",✓,"","","","","","",Number,"","","","","","","",✓,"","","","","","","","","","",@b-0000,✓,"",@b-042e,"","",✓,"",Chicago,°F,"","","","","","","","","",✓,"{sourcePointName:STAT_SETPOINT, dataSyncRecovered:2020-07-10T01:00:10.745-04:00 New_York, inScope, backgroundPoint}"
@b-0308,"",✓,"","","","","","","","","","","","","",✓,"","","","",Bravo VAV 2-42 Zone Temperature,"","","","","","","","",@b-0301,"","","","","","","","","","","","","","","",✓,"","","","","","",Number,"","","","","","","",✓,"","","","","","","",✓,"","",@b-0000,"","",@b-042e,"","",✓,"",Chicago,°F,"","","","","","","","","",✓,"{sourcePointName:SPACE_TEMP, dataSyncRecovered:2020-07-10T01:00:09.752-04:00 New_York, inScope, backgroundPoint}"
@b-0309,"","","",@b-00ce,"","","","","","","","","","","","","","","","",Bravo VAV 2-43,"","","","","","","",✓,"","","",✓,"","","","","","","","","","","","","","",✓,@b-0012,"","",✓,"","","","","","","","","","","","","","","","","",✓,"",@b-0000,"","",@b-042e,"","","",✓,"","","",✓,"","","","","","","",✓,"{tu, designSource:Drawings, designHotWaterEnteringTemp:180°F, designHotWaterLeavingTemp:141°F, designHotWaterPower:4.7MMBTU/h, designHotWaterFlow:0.75gal/min, designAirFlow:350cfm}"
@b-030a,"",✓,"","","","","","","","","",✓,"","","",✓,✓,"","","",Bravo VAV 2-43 Damper Output,✓,"","","","","","","",@b-0309,"","","","","","","","","","","","","","","",✓,"","","","","","",Number,"","","","","","","",✓,"","","","","","","","","","",@b-0000,"","",@b-042e,"","","","",Chicago,%,"","","","","","","","","","","{sourcePointName:DAMPER_CMD, dataSyncRecovered:2020-07-10T01:00:10.87-04:00 New_York, inScope, backgroundPoint}"
@b-030b,"",✓,"","","","","","","","","","","","","",✓,"","","","",Bravo VAV 2-43 Discharge Air Flow,✓,"","","","","","","",@b-0309,"","","","",✓,"","","","","","","","","","",✓,"","","","","","",Number,"","","","","","","",✓,"","","","","","","",✓,"","",@b-0000,"","",@b-042e,"","","","",Chicago,cfm,"","","","","","","","","","","{sourcePointName:BOX_FLOW, dataSyncRecovered:2020-07-10T01:00:10.126-04:00 New_York, inScope, backgroundPoint}"
@b-030c,"",✓,"","","","","","","","","","","","","",✓,"","","","",Bravo VAV 2-43 Discharge Air Flow Setpoint,✓,"",✓,"","","","","",@b-0309,"","","","",✓,"","","","","","","","","","",✓,"","","","","","",Number,"","","","","","","",✓,"","","","","","","","","","",@b-0000,✓,"",@b-042e,"","","","",Chicago,cfm,"","","","","","","","","","","{sourcePointName:FLOW_STPT, dataSyncRecovered:2020-07-10T01:00:10.497-04:00 New_York, inScope, backgroundPoint}"
@b-030d,"","","","","","","","","","","",✓,"","","",✓,"","","","",Bravo VAV 2-43 Heating Valve Output,"","","","","","","","",@b-0309,"","","","","","","","","","","","","",✓,"",✓,✓,"","","","","",Number,"","","","","","","",✓,"","","","","","","","","","",@b-0000,"","",@b-042e,"","","","",Chicago,%,✓,"","",✓,"","","","","","","{sourcePointName:Htg, dataSyncRecovered:2020-07-10T01:00:11.125-04:00 New_York, inScope, backgroundPoint}"
@b-030e,"",✓,"","","","","","","","","","","","","",✓,"","","","",Bravo VAV 2-43 Supply Air Temperature,✓,"","","","","","","",@b-0309,"","","","","","","","","","","","","","","",✓,"","","","","","",Number,"","","","","","","",✓,"","","","","","","",✓,"","",@b-0000,"","",@b-042e,"","",✓,"",Chicago,°F,"","","","","","","","","","","{sourcePointName:DisAirTemp, dataSyncRecovered:2020-07-10T01:00:10.126-04:00 New_York, inScope, backgroundPoint}"
@b-030f,"",✓,"","","","","","","","","","","","","",✓,"","","","",Bravo VAV 2-43 Zone Air Temp Setpoint,"","","","","","","","",@b-0309,"","","","","","","","","","","","","","","",✓,"","","","","","",Number,"","","","","","","",✓,"","","","","","","","","","",@b-0000,✓,"",@b-042e,"","",✓,"",Chicago,°F,"","","","","","","","","",✓,"{sourcePointName:STAT_SETPOINT, dataSyncRecovered:2020-07-10T01:00:10.374-04:00 New_York, inScope, backgroundPoint}"
@b-0310,"",✓,"","","","","","","","","","","","","",✓,"","","","",Bravo VAV 2-43 Zone Temperature,"","","","","","","","",@b-0309,"","","","","","","","","","","","","","","",✓,"","","","","","",Number,"","","","","","","",✓,"","","","","","","",✓,"","",@b-0000,"","",@b-042e,"","",✓,"",Chicago,°F,"","","","","","","","","",✓,"{sourcePointName:SPACE_TEMP, dataSyncRecovered:2020-07-10T01:00:10.249-04:00 New_York, inScope, backgroundPoint}"
@b-0311,"","","",@b-00ce,"","","","","","","","","","","","","","","","",Bravo VAV 2-44,"","","","","","","",✓,"","","",✓,"","","","","","","","","","","","","","",✓,@b-0012,"","",✓,"","","","","","","","","","","","","","","","","",✓,"",@b-0000,"","",@b-042e,"","","",✓,"","","",✓,"","","","","","","",✓,"{tu, designSource:Drawings, designHotWaterEnteringTemp:180°F, designHotWaterLeavingTemp:149°F, designHotWaterPower:9.2MMBTU/h, designHotWaterFlow:1gal/min, designAirFlow:450cfm}"
@b-0312,"",✓,"","","","","","","","","",✓,"","","",✓,✓,"","","",Bravo VAV 2-44 Damper Output,✓,"","","","","","","",@b-0311,"","","","","","","","","","","","","","","",✓,"","","","","","",Number,"","","","","","","",✓,"","","","","","","","","","",@b-0000,"","",@b-042e,"","","","",Chicago,%,"","","","","","","","","","","{sourcePointName:DAMPER_CMD, dataSyncRecovered:2020-07-10T01:00:07.473-04:00 New_York, inScope, backgroundPoint}"
@b-0313,"",✓,"","","","","","","","","","","","","",✓,"","","","",Bravo VAV 2-44 Discharge Air Flow,✓,"","","","","","","",@b-0311,"","","","",✓,"","","","","","","","","","",✓,"","","","","","",Number,"","","","","","","",✓,"","","","","","","",✓,"","",@b-0000,"","",@b-042e,"","","","",Chicago,cfm,"","","","","","","","","","","{sourcePointName:BOX_FLOW, dataSyncRecovered:2020-07-10T01:00:10.003-04:00 New_York, inScope, backgroundPoint}"
@b-0314,"",✓,"","","","","","","","","","","","","",✓,"","","","",Bravo VAV 2-44 Discharge Air Flow Setpoint,✓,"",✓,"","","","","",@b-0311,"","","","",✓,"","","","","","","","","","",✓,"","","","","","",Number,"","","","","","","",✓,"","","","","","","","","","",@b-0000,✓,"",@b-042e,"","","","",Chicago,cfm,"","","","","","","","","","","{sourcePointName:FLOW_STPT, dataSyncRecovered:2020-07-10T01:00:07.598-04:00 New_York, inScope, backgroundPoint}"
@b-0315,"","","","","","","","","","","",✓,"","","",✓,"","","","",Bravo VAV 2-44 Heating Valve Output,"","","","","","","","",@b-0311,"","","","","","","","","","","","","",✓,"",✓,✓,"","","","","",Number,"","","","","","","",✓,"","","","","","","","","","",@b-0000,"","",@b-042e,"","","","",Chicago,%,✓,"","",✓,"","","","","","","{sourcePointName:Htg, dataSyncRecovered:2020-07-10T01:00:10.995-04:00 New_York, inScope, backgroundPoint}"
@b-0316,"",✓,"","","","","","","","","","","","","",✓,"","","","",Bravo VAV 2-44 Supply Air Temperature,✓,"","","","","","","",@b-0311,"","","","","","","","","","","","","","","",✓,"","","","","","",Number,"","","","","","","",✓,"","","","","","","",✓,"","",@b-0000,"","",@b-042e,"","",✓,"",Chicago,°F,"","","","","","","","","","","{sourcePointName:DisAirTemp, dataSyncRecovered:2020-07-10T01:00:10.374-04:00 New_York, inScope, backgroundPoint}"
@b-0317,"",✓,"","","","","","","","","","","","","",✓,"","","","",Bravo VAV 2-44 Zone Air Temp Setpoint,"","","","","","","","",@b-0311,"","","","","","","","","","","","","","","",✓,"","","","","","",Number,"","","","","","","",✓,"","","","","","","","","","",@b-0000,✓,"",@b-042e,"","",✓,"",Chicago,°F,"","","","","","","","","",✓,"{sourcePointName:STAT_SETPOINT, dataSyncRecovered:2020-07-10T01:00:09.627-04:00 New_York, inScope, backgroundPoint}"
@b-0318,"",✓,"","","","","","","","","","","","","",✓,"","","","",Bravo VAV 2-44 Zone Temperature,"","","","","","","","",@b-0311,"","","","","","","","","","","","","","","",✓,"","","","","","",Number,"","","","","","","",✓,"","","","","","","",✓,"","",@b-0000,"","",@b-042e,"","",✓,"",Chicago,°F,"","","","","","","","","",✓,"{sourcePointName:SPACE_TEMP, dataSyncRecovered:2020-07-10T01:00:11.125-04:00 New_York, inScope, backgroundPoint}"
@b-0319,"","","",@b-00ce,"","","","","","","","","","","","","","","","",Bravo VAV 2-45,"","","","","","","",✓,"","","",✓,"","","","","","","","","","","","","","",✓,@b-0012,"","",✓,"","","","","","","","","","","","","","","","","",✓,"",@b-0000,"","",@b-042e,"","","",✓,"","","",✓,"","","","","","","",✓,"{tu, designSource:Drawings, designHotWaterEnteringTemp:180°F, designHotWaterLeavingTemp:150°F, designHotWaterPower:17.8MMBTU/h, designHotWaterFlow:1.75gal/min, designAirFlow:600cfm}"
@b-031a,"",✓,"","","","","","","","","",✓,"","","",✓,✓,"","","",Bravo VAV 2-45 Damper Output,✓,"","","","","","","",@b-0319,"","","","","","","","","","","","","","","",✓,"","","","","","",Number,"","","","","","","",✓,"","","","","","","","","","",@b-0000,"","",@b-042e,"","","","",Chicago,%,"","","","","","","","","","","{sourcePointName:DAMPER_CMD, dataSyncRecovered:2020-07-10T01:00:10.374-04:00 New_York, inScope, backgroundPoint}"
@b-031b,"",✓,"","","","","","","","","","","","","",✓,"","","","",Bravo VAV 2-45 Discharge Air Flow,✓,"","","","","","","",@b-0319,"","","","",✓,"","","","","","","","","","",✓,"","","","","","",Number,"","","","","","","",✓,"","","","","","","",✓,"","",@b-0000,"","",@b-042e,"","","","",Chicago,cfm,"","","","","","","","","","","{sourcePointName:BOX_FLOW, dataSyncRecovered:2020-07-10T01:00:10.745-04:00 New_York, inScope, backgroundPoint}"
@b-031c,"",✓,"","","","","","","","","","","","","",✓,"","","","",Bravo VAV 2-45 Discharge Air Flow Setpoint,✓,"",✓,"","","","","",@b-0319,"","","","",✓,"","","","","","","","","","",✓,"","","","","","",Number,"","","","","","","",✓,"","","","","","","","","","",@b-0000,✓,"",@b-042e,"","","","",Chicago,cfm,"","","","","","","","","","","{sourcePointName:FLOW_STPT, dataSyncRecovered:2020-07-10T01:00:10.374-04:00 New_York, inScope, backgroundPoint}"
@b-031d,"","","","","","","","","","","",✓,"","","",✓,"","","","",Bravo VAV 2-45 Heating Valve Output,"","","","","","","","",@b-0319,"","","","","","","","","","","","","",✓,"",✓,✓,"","","","","",Number,"","","","","","","",✓,"","","","","","","","","","",@b-0000,"","",@b-042e,"","","","",Chicago,%,✓,"","",✓,"","","","","","","{sourcePointName:Htg, dataSyncRecovered:2020-07-10T01:00:09.879-04:00 New_York, inScope, backgroundPoint}"
@b-031e,"",✓,"","","","","","","","","","","","","",✓,"","","","",Bravo VAV 2-45 Supply Air Temperature,✓,"","","","","","","",@b-0319,"","","","","","","","","","","","","","","",✓,"","","","","","",Number,"","","","","","","",✓,"","","","","","","",✓,"","",@b-0000,"","",@b-042e,"","",✓,"",Chicago,°F,"","","","","","","","","","","{sourcePointName:DisAirTemp, dataSyncRecovered:2020-07-10T01:00:10.497-04:00 New_York, inScope, backgroundPoint}"
@b-031f,"",✓,"","","","","","","","","","","","","",✓,"","","","",Bravo VAV 2-45 Zone Air Temp Setpoint,"","","","","","","","",@b-0319,"","","","","","","","","","","","","","","",✓,"","","","","","",Number,"","","","","","","",✓,"","","","","","","","","","",@b-0000,✓,"",@b-042e,"","",✓,"",Chicago,°F,"","","","","","","","","",✓,"{sourcePointName:STAT_SETPOINT, dataSyncRecovered:2020-07-10T01:00:10.374-04:00 New_York, inScope, backgroundPoint}"
@b-0320,"",✓,"","","","","","","","","","","","","",✓,"","","","",Bravo VAV 2-45 Zone Temperature,"","","","","","","","",@b-0319,"","","","","","","","","","","","","","","",✓,"","","","","","",Number,"","","","","","","",✓,"","","","","","","",✓,"","",@b-0000,"","",@b-042e,"","",✓,"",Chicago,°F,"","","","","","","","","",✓,"{sourcePointName:SPACE_TEMP, dataSyncRecovered:2020-07-10T01:00:10.497-04:00 New_York, inScope, backgroundPoint}"
@b-0321,"","","",@b-00ce,"","","","","","","","","","","","","","","","",Bravo VAV 2-46,"","","","","","","",✓,"","","",✓,"","","","","","","","","","","","","","",✓,@b-0012,"","",✓,"","","","","","","","","","","","","","","","","",✓,"",@b-0000,"","",@b-042e,"","","",✓,"","","",✓,"","","","","","","",✓,"{tu, designSource:Drawings, designHotWaterEnteringTemp:180°F, designHotWaterLeavingTemp:153°F, designHotWaterPower:9.8MMBTU/h, designHotWaterFlow:1.25gal/min, designAirFlow:475cfm}"
@b-0322,"",✓,"","","","","","","","","",✓,"","","",✓,✓,"","","",Bravo VAV 2-46 Damper Output,✓,"","","","","","","",@b-0321,"","","","","","","","","","","","","","","",✓,"","","","","","",Number,"","","","","","","",✓,"","","","","","","","","","",@b-0000,"","",@b-042e,"","","","",Chicago,%,"","","","","","","","","","","{sourcePointName:DAMPER_CMD, dataSyncRecovered:2020-07-10T01:00:10.003-04:00 New_York, inScope, backgroundPoint}"
@b-0323,"",✓,"","","","","","","","","","","","","",✓,"","","","",Bravo VAV 2-46 Discharge Air Flow,✓,"","","","","","","",@b-0321,"","","","",✓,"","","","","","","","","","",✓,"","","","","","",Number,"","","","","","","",✓,"","","","","","","",✓,"","",@b-0000,"","",@b-042e,"","","","",Chicago,cfm,"","","","","","","","","","","{sourcePointName:BOX_FLOW, dataSyncRecovered:2020-07-10T01:00:10.249-04:00 New_York, inScope, backgroundPoint}"
@b-0324,"",✓,"","","","","","","","","","","","","",✓,"","","","",Bravo VAV 2-46 Discharge Air Flow Setpoint,✓,"",✓,"","","","","",@b-0321,"","","","",✓,"","","","","","","","","","",✓,"","","","","","",Number,"","","","","","","",✓,"","","","","","","","","","",@b-0000,✓,"",@b-042e,"","","","",Chicago,cfm,"","","","","","","","","","","{sourcePointName:FLOW_STPT, dataSyncRecovered:2020-07-10T01:00:13.145-04:00 New_York, inScope, backgroundPoint}"
@b-0325,"","","","","","","","","","","",✓,"","","",✓,"","","","",Bravo VAV 2-46 Heating Valve Output,"","","","","","","","",@b-0321,"","","","","","","","","","","","","",✓,"",✓,✓,"","","","","",Number,"","","","","","","",✓,"","","","","","","","","","",@b-0000,"","",@b-042e,"","","","",Chicago,%,✓,"","",✓,"","","","","","","{sourcePointName:Htg, dataSyncRecovered:2020-07-10T01:00:10.62-04:00 New_York, inScope, backgroundPoint}"
@b-0326,"",✓,"","","","","","","","","","","","","",✓,"","","","",Bravo VAV 2-46 Supply Air Temperature,✓,"","","","","","","",@b-0321,"","","","","","","","","","","","","","","",✓,"","","","","","",Number,"","","","","","","",✓,"","","","","","","",✓,"","",@b-0000,"","",@b-042e,"","",✓,"",Chicago,°F,"","","","","","","","","","","{sourcePointName:DisAirTemp, dataSyncRecovered:2020-07-10T01:00:10.745-04:00 New_York, inScope, backgroundPoint}"
@b-0327,"",✓,"","","","","","","","","","","","","",✓,"","","","",Bravo VAV 2-46 Zone Air Temp Setpoint,"","","","","","","","",@b-0321,"","","","","","","","","","","","","","","",✓,"","","","","","",Number,"","","","","","","",✓,"","","","","","","","","","",@b-0000,✓,"",@b-042e,"","",✓,"",Chicago,°F,"","","","","","","","","",✓,"{sourcePointName:STAT_SETPOINT, dataSyncRecovered:2020-07-10T01:00:07.598-04:00 New_York, inScope, backgroundPoint}"
@b-0328,"",✓,"","","","","","","","","","","","","",✓,"","","","",Bravo VAV 2-46 Zone Temperature,"","","","","","","","",@b-0321,"","","","","","","","","","","","","","","",✓,"","","","","","",Number,"","","","","","","",✓,"","","","","","","",✓,"","",@b-0000,"","",@b-042e,"","",✓,"",Chicago,°F,"","","","","","","","","",✓,"{sourcePointName:SPACE_TEMP, dataSyncRecovered:2020-07-10T01:00:10.003-04:00 New_York, inScope, backgroundPoint}"
@b-0329,"","","",@b-00ce,"","","","","","","","","","","","","","","","",Bravo VAV 2-47,"","","","","","","",✓,"","","",✓,"","","","","","","","","","","","","","",✓,@b-0012,"","",✓,"","","","","","","","","","","","","","","","","",✓,"",@b-0000,"","",@b-042e,"","","",✓,"","","",✓,"","","","","","","",✓,"{tu, designSource:Drawings, designHotWaterEnteringTemp:180°F, designHotWaterLeavingTemp:149°F, designHotWaterPower:25.9MMBTU/h, designHotWaterFlow:2.5gal/min, designAirFlow:1400cfm}"
@b-032a,"",✓,"","","","","","","","","",✓,"","","",✓,✓,"","","",Bravo VAV 2-47 Damper Output,✓,"","","","","","","",@b-0329,"","","","","","","","","","","","","","","",✓,"","","","","","",Number,"","","","","","","",✓,"","","","","","","","","","",@b-0000,"","",@b-042e,"","","","",Chicago,%,"","","","","","","","","","","{sourcePointName:DAMPER_CMD, dataSyncRecovered:2020-07-10T01:00:10.374-04:00 New_York, inScope, backgroundPoint}"
@b-032b,"",✓,"","","","","","","","","","","","","",✓,"","","","",Bravo VAV 2-47 Discharge Air Flow,✓,"","","","","","","",@b-0329,"","","","",✓,"","","","","","","","","","",✓,"","","","","","",Number,"","","","","","","",✓,"","","","","","","",✓,"","",@b-0000,"","",@b-042e,"","","","",Chicago,cfm,"","","","","","","","","","","{sourcePointName:BOX_FLOW, dataSyncRecovered:2020-07-10T01:00:11.258-04:00 New_York, inScope, backgroundPoint}"
@b-032c,"",✓,"","","","","","","","","","","","","",✓,"","","","",Bravo VAV 2-47 Discharge Air Flow Setpoint,✓,"",✓,"","","","","",@b-0329,"","","","",✓,"","","","","","","","","","",✓,"","","","","","",Number,"","","","","","","",✓,"","","","","","","","","","",@b-0000,✓,"",@b-042e,"","","","",Chicago,cfm,"","","","","","","","","","","{sourcePointName:FLOW_STPT, dataSyncRecovered:2020-07-10T01:00:07.598-04:00 New_York, inScope, backgroundPoint}"
@b-032d,"","","","","","","","","","","",✓,"","","",✓,"","","","",Bravo VAV 2-47 Heating Valve Output,"","","","","","","","",@b-0329,"","","","","","","","","","","","","",✓,"",✓,✓,"","","","","",Number,"","","","","","","",✓,"","","","","","","","","","",@b-0000,"","",@b-042e,"","","","",Chicago,%,✓,"","",✓,"","","","","","","{sourcePointName:Htg, dataSyncRecovered:2020-07-10T01:00:07.598-04:00 New_York, inScope, backgroundPoint}"
@b-032e,"",✓,"","","","","","","","","","","","","",✓,"","","","",Bravo VAV 2-47 Supply Air Temperature,✓,"","","","","","","",@b-0329,"","","","","","","","","","","","","","","",✓,"","","","","","",Number,"","","","","","","",✓,"","","","","","","",✓,"","",@b-0000,"","",@b-042e,"","",✓,"",Chicago,°F,"","","","","","","","","","","{sourcePointName:DisAirTemp, dataSyncRecovered:2020-07-10T01:00:13.145-04:00 New_York, inScope, backgroundPoint}"
@b-032f,"",✓,"","","","","","","","","","","","","",✓,"","","","",Bravo VAV 2-47 Zone Air Temp Setpoint,"","","","","","","","",@b-0329,"","","","","","","","","","","","","","","",✓,"","","","","","",Number,"","","","","","","",✓,"","","","","","","","","","",@b-0000,✓,"",@b-042e,"","",✓,"",Chicago,°F,"","","","","","","","","",✓,"{sourcePointName:STAT_SETPOINT, dataSyncRecovered:2020-07-10T01:00:11.125-04:00 New_York, inScope, backgroundPoint}"
@b-0330,"",✓,"","","","","","","","","","","","","",✓,"","","","",Bravo VAV 2-47 Zone Temperature,"","","","","","","","",@b-0329,"","","","","","","","","","","","","","","",✓,"","","","","","",Number,"","","","","","","",✓,"","","","","","","",✓,"","",@b-0000,"","",@b-042e,"","",✓,"",Chicago,°F,"","","","","","","","","",✓,"{sourcePointName:SPACE_TEMP, dataSyncRecovered:2020-07-10T01:00:07.598-04:00 New_York, inScope, backgroundPoint}"
@b-0331,"","","",@b-00ce,"","","","","","","","","","","","","","","","",Bravo VAV 2-48,"","","","","","","",✓,"","","",✓,"","","","","","","","","","","","","","",✓,@b-0012,"","",✓,"","","","","","","","","","","","","","","","","",✓,"",@b-0000,"","",@b-042e,"","","",✓,"","","",✓,"","","","","","","",✓,"{tu, designSource:Drawings, designHotWaterEnteringTemp:180°F, designHotWaterLeavingTemp:153°F, designHotWaterPower:9.5MMBTU/h, designHotWaterFlow:1.25gal/min, designAirFlow:475cfm}"
@b-0332,"",✓,"","","","","","","","","",✓,"","","",✓,✓,"","","",Bravo VAV 2-48 Damper Output,✓,"","","","","","","",@b-0331,"","","","","","","","","","","","","","","",✓,"","","","","","",Number,"","","","","","","",✓,"","","","","","","","","","",@b-0000,"","",@b-042e,"","","","",Chicago,%,"","","","","","","","","","","{sourcePointName:DAMPER_CMD, dataSyncRecovered:2020-07-10T01:00:10.003-04:00 New_York, inScope, backgroundPoint}"
@b-0333,"",✓,"","","","","","","","","","","","","",✓,"","","","",Bravo VAV 2-48 Discharge Air Flow,✓,"","","","","","","",@b-0331,"","","","",✓,"","","","","","","","","","",✓,"","","","","","",Number,"","","","","","","",✓,"","","","","","","",✓,"","",@b-0000,"","",@b-042e,"","","","",Chicago,cfm,"","","","","","","","","","","{sourcePointName:BOX_FLOW, dataSyncRecovered:2020-07-10T01:00:07.721-04:00 New_York, inScope, backgroundPoint}"
@b-0334,"",✓,"","","","","","","","","","","","","",✓,"","","","",Bravo VAV 2-48 Discharge Air Flow Setpoint,✓,"",✓,"","","","","",@b-0331,"","","","",✓,"","","","","","","","","","",✓,"","","","","","",Number,"","","","","","","",✓,"","","","","","","","","","",@b-0000,✓,"",@b-042e,"","","","",Chicago,cfm,"","","","","","","","","","","{sourcePointName:FLOW_STPT, dataSyncRecovered:2020-07-10T01:00:10.62-04:00 New_York, inScope, backgroundPoint}"
@b-0335,"","","","","","","","","","","",✓,"","","",✓,"","","","",Bravo VAV 2-48 Heating Valve Output,"","","","","","","","",@b-0331,"","","","","","","","","","","","","",✓,"",✓,✓,"","","","","",Number,"","","","","","","",✓,"","","","","","","","","","",@b-0000,"","",@b-042e,"","","","",Chicago,%,✓,"","",✓,"","","","","","","{sourcePointName:Htg, dataSyncRecovered:2020-07-10T01:00:10.126-04:00 New_York, inScope, backgroundPoint}"
@b-0336,"",✓,"","","","","","","","","","","","","",✓,"","","","",Bravo VAV 2-48 Supply Air Temperature,✓,"","","","","","","",@b-0331,"","","","","","","","","","","","","","","",✓,"","","","","","",Number,"","","","","","","",✓,"","","","","","","",✓,"","",@b-0000,"","",@b-042e,"","",✓,"",Chicago,°F,"","","","","","","","","","","{sourcePointName:DisAirTemp, dataSyncRecovered:2020-07-10T01:00:10.62-04:00 New_York, inScope, backgroundPoint}"
@b-0337,"",✓,"","","","","","","","","","","","","",✓,"","","","",Bravo VAV 2-48 Zone Air Temp Setpoint,"","","","","","","","",@b-0331,"","","","","","","","","","","","","","","",✓,"","","","","","",Number,"","","","","","","",✓,"","","","","","","","","","",@b-0000,✓,"",@b-042e,"","",✓,"",Chicago,°F,"","","","","","","","","",✓,"{sourcePointName:STAT_SETPOINT, dataSyncRecovered:2020-07-10T01:00:10.003-04:00 New_York, inScope, backgroundPoint}"
@b-0338,"",✓,"","","","","","","","","","","","","",✓,"","","","",Bravo VAV 2-48 Zone Temperature,"","","","","","","","",@b-0331,"","","","","","","","","","","","","","","",✓,"","","","","","",Number,"","","","","","","",✓,"","","","","","","",✓,"","",@b-0000,"","",@b-042e,"","",✓,"",Chicago,°F,"","","","","","","","","",✓,"{sourcePointName:SPACE_TEMP, dataSyncRecovered:2020-07-10T01:00:10.995-04:00 New_York, inScope, backgroundPoint}"
@b-0339,"","","",@b-00ce,"","","","","","","","","","","","","","","","",Bravo VAV 2-49,"","","","","","","",✓,"","","",✓,"","","","","","","","","","","","","","",✓,@b-0012,"","",✓,"","","","","","","","","","","","","","","","","",✓,"",@b-0000,"","",@b-042e,"","","",✓,"","","",✓,"","","","","","","",✓,"{tu, designSource:Drawings, designHotWaterEnteringTemp:180°F, designHotWaterLeavingTemp:153°F, designHotWaterPower:9.5MMBTU/h, designHotWaterFlow:1.25gal/min, designAirFlow:475cfm}"
@b-033a,"",✓,"","","","","","","","","",✓,"","","",✓,✓,"","","",Bravo VAV 2-49 Damper Output,✓,"","","","","","","",@b-0339,"","","","","","","","","","","","","","","",✓,"","","","","","",Number,"","","","","","","",✓,"","","","","","","","","","",@b-0000,"","",@b-042e,"","","","",Chicago,%,"","","","","","","","","","","{sourcePointName:DAMPER_CMD, dataSyncRecovered:2020-07-10T01:00:10.003-04:00 New_York, inScope, backgroundPoint}"
@b-033b,"",✓,"","","","","","","","","","","","","",✓,"","","","",Bravo VAV 2-49 Discharge Air Flow,✓,"","","","","","","",@b-0339,"","","","",✓,"","","","","","","","","","",✓,"","","","","","",Number,"","","","","","","",✓,"","","","","","","",✓,"","",@b-0000,"","",@b-042e,"","","","",Chicago,cfm,"","","","","","","","","","","{sourcePointName:BOX_FLOW, dataSyncRecovered:2020-07-10T01:00:07.598-04:00 New_York, inScope, backgroundPoint}"
@b-033c,"",✓,"","","","","","","","","","","","","",✓,"","","","",Bravo VAV 2-49 Discharge Air Flow Setpoint,✓,"",✓,"","","","","",@b-0339,"","","","",✓,"","","","","","","","","","",✓,"","","","","","",Number,"","","","","","","",✓,"","","","","","","","","","",@b-0000,✓,"",@b-042e,"","","","",Chicago,cfm,"","","","","","","","","","","{sourcePointName:FLOW_STPT, dataSyncRecovered:2020-07-10T01:00:10.497-04:00 New_York, inScope, backgroundPoint}"
@b-033d,"","","","","","","","","","","",✓,"","","",✓,"","","","",Bravo VAV 2-49 Heating Valve Output,"","","","","","","","",@b-0339,"","","","","","","","","","","","","",✓,"",✓,✓,"","","","","",Number,"","","","","","","",✓,"","","","","","","","","","",@b-0000,"","",@b-042e,"","","","",Chicago,%,✓,"","",✓,"","","","","","","{sourcePointName:Htg, dataSyncRecovered:2020-07-10T01:00:10.126-04:00 New_York, inScope, backgroundPoint}"
@b-033e,"",✓,"","","","","","","","","","","","","",✓,"","","","",Bravo VAV 2-49 Supply Air Temperature,✓,"","","","","","","",@b-0339,"","","","","","","","","","","","","","","",✓,"","","","","","",Number,"","","","","","","",✓,"","","","","","","",✓,"","",@b-0000,"","",@b-042e,"","",✓,"",Chicago,°F,"","","","","","","","","","","{sourcePointName:DisAirTemp, dataSyncRecovered:2020-07-10T01:00:09.879-04:00 New_York, inScope, backgroundPoint}"
@b-033f,"",✓,"","","","","","","","","","","","","",✓,"","","","",Bravo VAV 2-49 Zone Air Temp Setpoint,"","","","","","","","",@b-0339,"","","","","","","","","","","","","","","",✓,"","","","","","",Number,"","","","","","","",✓,"","","","","","","","","","",@b-0000,✓,"",@b-042e,"","",✓,"",Chicago,°F,"","","","","","","","","",✓,"{sourcePointName:STAT_SETPOINT, dataSyncRecovered:2020-07-10T01:00:10.497-04:00 New_York, inScope, backgroundPoint}"
@b-0340,"",✓,"","","","","","","","","","","","","",✓,"","","","",Bravo VAV 2-49 Zone Temperature,"","","","","","","","",@b-0339,"","","","","","","","","","","","","","","",✓,"","","","","","",Number,"","","","","","","",✓,"","","","","","","",✓,"","",@b-0000,"","",@b-042e,"","",✓,"",Chicago,°F,"","","","","","","","","",✓,"{sourcePointName:SPACE_TEMP, dataSyncRecovered:2020-07-10T01:00:07.473-04:00 New_York, inScope, backgroundPoint}"
@b-0341,"","","",@b-00ce,"","","","","","","","","","","","","","","","",Bravo VAV 2-5,"","","","","","","",✓,"","","",✓,"","","","","","","","","","","","","","",✓,@b-0012,"","",✓,"","","","","","","","","","","","","","","","","",✓,"",@b-0000,"","",@b-042e,"","","",✓,"","","",✓,"","","","","","","",✓,"{tu, designSource:Drawings, designHotWaterEnteringTemp:180°F, designHotWaterLeavingTemp:151°F, designHotWaterPower:3.1MMBTU/h, designHotWaterFlow:0.5gal/min, designAirFlow:200cfm}"
@b-0342,"",✓,"","","","","","","","","",✓,"","","",✓,✓,"","","",Bravo VAV 2-5 Damper Output,✓,"","","","","","","",@b-0341,"","","","","","","","","","","","","","","",✓,"","","","","","",Number,"","","","","","","",✓,"","","","","","","","","","",@b-0000,"","",@b-042e,"","","","",Chicago,%,"","","","","","","","","","","{sourcePointName:DAMPER_CMD, dataSyncRecovered:2020-07-10T01:00:10.745-04:00 New_York, inScope, backgroundPoint}"
@b-0343,"",✓,"","","","","","","","","","","","","",✓,"","","","",Bravo VAV 2-5 Discharge Air Flow,✓,"","","","","","","",@b-0341,"","","","",✓,"","","","","","","","","","",✓,"","","","","","",Number,"","","","","","","",✓,"","","","","","","",✓,"","",@b-0000,"","",@b-042e,"","","","",Chicago,cfm,"","","","","","","","","","","{sourcePointName:BOX_FLOW, dataSyncRecovered:2020-07-10T01:00:07.598-04:00 New_York, inScope, backgroundPoint}"
@b-0344,"",✓,"","","","","","","","","","","","","",✓,"","","","",Bravo VAV 2-5 Discharge Air Flow Setpoint,✓,"",✓,"","","","","",@b-0341,"","","","",✓,"","","","","","","","","","",✓,"","","","","","",Number,"","","","","","","",✓,"","","","","","","","","","",@b-0000,✓,"",@b-042e,"","","","",Chicago,cfm,"","","","","","","","","","","{sourcePointName:FLOW_STPT, dataSyncRecovered:2020-07-10T01:00:09.879-04:00 New_York, inScope, backgroundPoint}"
@b-0345,"","","","","","","","","","","",✓,"","","",✓,"","","","",Bravo VAV 2-5 Heating Valve Output,"","","","","","","","",@b-0341,"","","","","","","","","","","","","",✓,"",✓,✓,"","","","","",Number,"","","","","","","",✓,"","","","","","","","","","",@b-0000,"","",@b-042e,"","","","",Chicago,%,✓,"","",✓,"","","","","","","{sourcePointName:Htg, dataSyncRecovered:2020-07-10T01:00:10.87-04:00 New_York, inScope, backgroundPoint}"
@b-0346,"",✓,"","","","","","","","","","","","","",✓,"","","","",Bravo VAV 2-5 Supply Air Temperature,✓,"","","","","","","",@b-0341,"","","","","","","","","","","","","","","",✓,"","","","","","",Number,"","","","","","","",✓,"","","","","","","",✓,"","",@b-0000,"","",@b-042e,"","",✓,"",Chicago,°F,"","","","","","","","","","","{sourcePointName:DisAirTemp, dataSyncRecovered:2020-07-10T01:00:09.627-04:00 New_York, inScope, backgroundPoint}"
@b-0347,"",✓,"","","","","","","","","","","","","",✓,"","","","",Bravo VAV 2-5 Zone Air Temp Setpoint,"","","","","","","","",@b-0341,"","","","","","","","","","","","","","","",✓,"","","","","","",Number,"","","","","","","",✓,"","","","","","","","","","",@b-0000,✓,"",@b-042e,"","",✓,"",Chicago,°F,"","","","","","","","","",✓,"{sourcePointName:STAT_SETPOINT, dataSyncRecovered:2020-07-10T01:00:07.598-04:00 New_York, inScope, backgroundPoint}"
@b-0348,"",✓,"","","","","","","","","","","","","",✓,"","","","",Bravo VAV 2-5 Zone Temperature,"","","","","","","","",@b-0341,"","","","","","","","","","","","","","","",✓,"","","","","","",Number,"","","","","","","",✓,"","","","","","","",✓,"","",@b-0000,"","",@b-042e,"","",✓,"",Chicago,°F,"","","","","","","","","",✓,"{sourcePointName:SPACE_TEMP, dataSyncRecovered:2020-07-10T01:00:07.473-04:00 New_York, inScope, backgroundPoint}"
@b-0349,"","","",@b-00ce,"","","","","","","","","","","","","","","","",Bravo VAV 2-50,"","","","","","","",✓,"","","",✓,"","","","","","","","","","","","","","",✓,@b-0012,"","",✓,"","","","","","","","","","","","","","","","","",✓,"",@b-0000,"","",@b-042e,"","","",✓,"","","",✓,"","","","","","","",✓,"{tu, designSource:Drawings, designHotWaterEnteringTemp:180°F, designHotWaterLeavingTemp:153°F, designHotWaterPower:9.8MMBTU/h, designHotWaterFlow:1.25gal/min, designAirFlow:475cfm}"
@b-034a,"",✓,"","","","","","","","","",✓,"","","",✓,✓,"","","",Bravo VAV 2-50 Damper Output,✓,"","","","","","","",@b-0349,"","","","","","","","","","","","","","","",✓,"","","","","","",Number,"","","","","","","",✓,"","","","","","","","","","",@b-0000,"","",@b-042e,"","","","",Chicago,%,"","","","","","","","","","","{sourcePointName:DAMPER_CMD, dataSyncRecovered:2020-07-10T01:00:11.125-04:00 New_York, inScope, backgroundPoint}"
@b-034b,"",✓,"","","","","","","","","","","","","",✓,"","","","",Bravo VAV 2-50 Discharge Air Flow,✓,"","","","","","","",@b-0349,"","","","",✓,"","","","","","","","","","",✓,"","","","","","",Number,"","","","","","","",✓,"","","","","","","",✓,"","",@b-0000,"","",@b-042e,"","","","",Chicago,cfm,"","","","","","","","","","","{sourcePointName:BOX_FLOW, dataSyncRecovered:2020-07-10T01:00:09.879-04:00 New_York, inScope, backgroundPoint}"
@b-034c,"",✓,"","","","","","","","","","","","","",✓,"","","","",Bravo VAV 2-50 Discharge Air Flow Setpoint,✓,"",✓,"","","","","",@b-0349,"","","","",✓,"","","","","","","","","","",✓,"","","","","","",Number,"","","","","","","",✓,"","","","","","","","","","",@b-0000,✓,"",@b-042e,"","","","",Chicago,cfm,"","","","","","","","","","","{sourcePointName:FLOW_STPT, dataSyncRecovered:2020-07-10T01:00:10.87-04:00 New_York, inScope, backgroundPoint}"
@b-034d,"","","","","","","","","","","",✓,"","","",✓,"","","","",Bravo VAV 2-50 Heating Valve Output,"","","","","","","","",@b-0349,"","","","","","","","","","","","","",✓,"",✓,✓,"","","","","",Number,"","","","","","","",✓,"","","","","","","","","","",@b-0000,"","",@b-042e,"","","","",Chicago,%,✓,"","",✓,"","","","","","","{sourcePointName:Htg, dataSyncRecovered:2020-07-10T01:00:10.995-04:00 New_York, inScope, backgroundPoint}"
@b-034e,"",✓,"","","","","","","","","","","","","",✓,"","","","",Bravo VAV 2-50 Supply Air Temperature,✓,"","","","","","","",@b-0349,"","","","","","","","","","","","","","","",✓,"","","","","","",Number,"","","","","","","",✓,"","","","","","","",✓,"","",@b-0000,"","",@b-042e,"","",✓,"",Chicago,°F,"","","","","","","","","","","{sourcePointName:DisAirTemp, dataSyncRecovered:2020-07-10T01:00:10.62-04:00 New_York, inScope, backgroundPoint}"
@b-034f,"",✓,"","","","","","","","","","","","","",✓,"","","","",Bravo VAV 2-50 Zone Air Temp Setpoint,"","","","","","","","",@b-0349,"","","","","","","","","","","","","","","",✓,"","","","","","",Number,"","","","","","","",✓,"","","","","","","","","","",@b-0000,✓,"",@b-042e,"","",✓,"",Chicago,°F,"","","","","","","","","",✓,"{sourcePointName:STAT_SETPOINT, dataSyncRecovered:2020-07-10T01:00:11.125-04:00 New_York, inScope, backgroundPoint}"
@b-0350,"",✓,"","","","","","","","","","","","","",✓,"","","","",Bravo VAV 2-50 Zone Temperature,"","","","","","","","",@b-0349,"","","","","","","","","","","","","","","",✓,"","","","","","",Number,"","","","","","","",✓,"","","","","","","",✓,"","",@b-0000,"","",@b-042e,"","",✓,"",Chicago,°F,"","","","","","","","","",✓,"{sourcePointName:SPACE_TEMP, dataSyncRecovered:2020-07-10T01:00:07.598-04:00 New_York, inScope, backgroundPoint}"
@b-0351,"","","",@b-00ce,"","","","","","","","","","","","","","","","",Bravo VAV 2-6,"","","","","","","",✓,"","","",✓,"","","","","","","","","","","","","","",✓,@b-0012,"","",✓,"","","","","","","","","","","","","","","","","",✓,"",@b-0000,"","",@b-042e,"","","",✓,"","","",✓,"","","","","","","",✓,"{tu, designSource:Drawings, designHotWaterEnteringTemp:180°F, designHotWaterLeavingTemp:148°F, designHotWaterPower:4.7MMBTU/h, designHotWaterFlow:0.5gal/min, designAirFlow:350cfm}"
@b-0352,"",✓,"","","","","","","","","",✓,"","","",✓,✓,"","","",Bravo VAV 2-6 Damper Output,✓,"","","","","","","",@b-0351,"","","","","","","","","","","","","","","",✓,"","","","","","",Number,"","","","","","","",✓,"","","","","","","","","","",@b-0000,"","",@b-042e,"","","","",Chicago,%,"","","","","","","","","","","{sourcePointName:DAMPER_CMD, dataSyncRecovered:2020-07-10T01:00:09.752-04:00 New_York, inScope, backgroundPoint}"
@b-0353,"",✓,"","","","","","","","","","","","","",✓,"","","","",Bravo VAV 2-6 Discharge Air Flow,✓,"","","","","","","",@b-0351,"","","","",✓,"","","","","","","","","","",✓,"","","","","","",Number,"","","","","","","",✓,"","","","","","","",✓,"","",@b-0000,"","",@b-042e,"","","","",Chicago,cfm,"","","","","","","","","","","{sourcePointName:BOX_FLOW, dataSyncRecovered:2020-07-10T01:00:11.258-04:00 New_York, inScope, backgroundPoint}"
@b-0354,"",✓,"","","","","","","","","","","","","",✓,"","","","",Bravo VAV 2-6 Discharge Air Flow Setpoint,✓,"",✓,"","","","","",@b-0351,"","","","",✓,"","","","","","","","","","",✓,"","","","","","",Number,"","","","","","","",✓,"","","","","","","","","","",@b-0000,✓,"",@b-042e,"","","","",Chicago,cfm,"","","","","","","","","","","{sourcePointName:FLOW_STPT, dataSyncRecovered:2020-07-10T01:00:10.003-04:00 New_York, inScope, backgroundPoint}"
@b-0355,"","","","","","","","","","","",✓,"","","",✓,"","","","",Bravo VAV 2-6 Heating Valve Output,"","","","","","","","",@b-0351,"","","","","","","","","","","","","",✓,"",✓,✓,"","","","","",Number,"","","","","","","",✓,"","","","","","","","","","",@b-0000,"","",@b-042e,"","","","",Chicago,%,✓,"","",✓,"","","","","","","{sourcePointName:Htg, dataSyncRecovered:2020-07-10T01:00:09.627-04:00 New_York, inScope, backgroundPoint}"
@b-0356,"",✓,"","","","","","","","","","","","","",✓,"","","","",Bravo VAV 2-6 Supply Air Temperature,✓,"","","","","","","",@b-0351,"","","","","","","","","","","","","","","",✓,"","","","","","",Number,"","","","","","","",✓,"","","","","","","",✓,"","",@b-0000,"","",@b-042e,"","",✓,"",Chicago,°F,"","","","","","","","","","","{sourcePointName:DisAirTemp, dataSyncRecovered:2020-07-10T01:00:10.87-04:00 New_York, inScope, backgroundPoint}"
@b-0357,"",✓,"","","","","","","","","","","","","",✓,"","","","",Bravo VAV 2-6 Zone Air Temp Setpoint,"","","","","","","","",@b-0351,"","","","","","","","","","","","","","","",✓,"","","","","","",Number,"","","","","","","",✓,"","","","","","","","","","",@b-0000,✓,"",@b-042e,"","",✓,"",Chicago,°F,"","","","","","","","","",✓,"{sourcePointName:STAT_SETPOINT, dataSyncRecovered:2020-07-10T01:00:10.745-04:00 New_York, inScope, backgroundPoint}"
@b-0358,"",✓,"","","","","","","","","","","","","",✓,"","","","",Bravo VAV 2-6 Zone Temperature,"","","","","","","","",@b-0351,"","","","","","","","","","","","","","","",✓,"","","","","","",Number,"","","","","","","",✓,"","","","","","","",✓,"","",@b-0000,"","",@b-042e,"","",✓,"",Chicago,°F,"","","","","","","","","",✓,"{sourcePointName:SPACE_TEMP, dataSyncRecovered:2020-07-10T01:00:09.879-04:00 New_York, inScope, backgroundPoint}"
@b-0359,"","","",@b-00ce,"","","","","","","","","","","","","","","","",Bravo VAV 2-7,"","","","","","","",✓,"","","",✓,"","","","","","","","","","","","","","",✓,@b-0012,"","",✓,"","","","","","","","","","","","","","","","","",✓,"",@b-0000,"","",@b-042e,"","","",✓,"","","",✓,"","","","","","","",✓,"{tu, designSource:Drawings, designHotWaterEnteringTemp:180°F, designHotWaterLeavingTemp:152°F, designHotWaterPower:10MMBTU/h, designHotWaterFlow:1.25gal/min, designAirFlow:650cfm}"
@b-035a,"",✓,"","","","","","","","","",✓,"","","",✓,✓,"","","",Bravo VAV 2-7 Damper Output,✓,"","","","","","","",@b-0359,"","","","","","","","","","","","","","","",✓,"","","","","","",Number,"","","","","","","",✓,"","","","","","","","","","",@b-0000,"","",@b-042e,"","","","",Chicago,%,"","","","","","","","","","","{sourcePointName:DAMPER_CMD, dataSyncRecovered:2020-07-10T01:00:10.003-04:00 New_York, inScope, backgroundPoint}"
@b-035b,"",✓,"","","","","","","","","","","","","",✓,"","","","",Bravo VAV 2-7 Discharge Air Flow,✓,"","","","","","","",@b-0359,"","","","",✓,"","","","","","","","","","",✓,"","","","","","",Number,"","","","","","","",✓,"","","","","","","",✓,"","",@b-0000,"","",@b-042e,"","","","",Chicago,cfm,"","","","","","","","","","","{sourcePointName:BOX_FLOW, dataSyncRecovered:2020-07-10T01:00:10.995-04:00 New_York, inScope, backgroundPoint}"
@b-035c,"",✓,"","","","","","","","","","","","","",✓,"","","","",Bravo VAV 2-7 Discharge Air Flow Setpoint,✓,"",✓,"","","","","",@b-0359,"","","","",✓,"","","","","","","","","","",✓,"","","","","","",Number,"","","","","","","",✓,"","","","","","","","","","",@b-0000,✓,"",@b-042e,"","","","",Chicago,cfm,"","","","","","","","","","","{sourcePointName:FLOW_STPT, dataSyncRecovered:2020-07-10T01:00:07.598-04:00 New_York, inScope, backgroundPoint}"
@b-035d,"","","","","","","","","","","",✓,"","","",✓,"","","","",Bravo VAV 2-7 Heating Valve Output,"","","","","","","","",@b-0359,"","","","","","","","","","","","","",✓,"",✓,✓,"","","","","",Number,"","","","","","","",✓,"","","","","","","","","","",@b-0000,"","",@b-042e,"","","","",Chicago,%,✓,"","",✓,"","","","","","","{sourcePointName:Htg, dataSyncRecovered:2020-07-10T01:00:09.752-04:00 New_York, inScope, backgroundPoint}"
@b-035e,"",✓,"","","","","","","","","","","","","",✓,"","","","",Bravo VAV 2-7 Supply Air Temperature,✓,"","","","","","","",@b-0359,"","","","","","","","","","","","","","","",✓,"","","","","","",Number,"","","","","","","",✓,"","","","","","","",✓,"","",@b-0000,"","",@b-042e,"","",✓,"",Chicago,°F,"","","","","","","","","","","{sourcePointName:DisAirTemp, dataSyncRecovered:2020-07-10T01:00:09.879-04:00 New_York, inScope, backgroundPoint}"
@b-035f,"",✓,"","","","","","","","","","","","","",✓,"","","","",Bravo VAV 2-7 Zone Air Temp Setpoint,"","","","","","","","",@b-0359,"","","","","","","","","","","","","","","",✓,"","","","","","",Number,"","","","","","","",✓,"","","","","","","","","","",@b-0000,✓,"",@b-042e,"","",✓,"",Chicago,°F,"","","","","","","","","",✓,"{sourcePointName:STAT_SETPOINT, dataSyncRecovered:2020-07-10T01:00:10.126-04:00 New_York, inScope, backgroundPoint}"
@b-0360,"",✓,"","","","","","","","","","","","","",✓,"","","","",Bravo VAV 2-7 Zone Temperature,"","","","","","","","",@b-0359,"","","","","","","","","","","","","","","",✓,"","","","","","",Number,"","","","","","","",✓,"","","","","","","",✓,"","",@b-0000,"","",@b-042e,"","",✓,"",Chicago,°F,"","","","","","","","","",✓,"{sourcePointName:SPACE_TEMP, dataSyncRecovered:2020-07-10T01:00:10.003-04:00 New_York, inScope, backgroundPoint}"
@b-0361,"","","",@b-00ce,"","","","","","","","","","","","","","","","",Bravo VAV 2-8,"","","","","","","",✓,"","","",✓,"","","","","","","","","","","","","","",✓,@b-0012,"","",✓,"","","","","","","","","","","","","","","","","",✓,"",@b-0000,"","",@b-042e,"","","",✓,"","","",✓,"","","","","","","",✓,"{tu, designSource:Drawings, designHotWaterEnteringTemp:180°F, designHotWaterLeavingTemp:153°F, designHotWaterPower:4.1MMBTU/h, designHotWaterFlow:0.75gal/min, designAirFlow:300cfm}"
@b-0362,"",✓,"","","","","","","","","",✓,"","","",✓,✓,"","","",Bravo VAV 2-8 Damper Output,✓,"","","","","","","",@b-0361,"","","","","","","","","","","","","","","",✓,"","","","","","",Number,"","","","","","","",✓,"","","","","","","","","","",@b-0000,"","",@b-042e,"","","","",Chicago,%,"","","","","","","","","","","{sourcePointName:DAMPER_CMD, dataSyncRecovered:2020-07-10T01:00:10.249-04:00 New_York, inScope, backgroundPoint}"
@b-0363,"",✓,"","","","","","","","","","","","","",✓,"","","","",Bravo VAV 2-8 Discharge Air Flow,✓,"","","","","","","",@b-0361,"","","","",✓,"","","","","","","","","","",✓,"","","","","","",Number,"","","","","","","",✓,"","","","","","","",✓,"","",@b-0000,"","",@b-042e,"","","","",Chicago,cfm,"","","","","","","","","","","{sourcePointName:BOX_FLOW, dataSyncRecovered:2020-07-10T01:00:10.745-04:00 New_York, inScope, backgroundPoint}"
@b-0364,"",✓,"","","","","","","","","","","","","",✓,"","","","",Bravo VAV 2-8 Discharge Air Flow Setpoint,✓,"",✓,"","","","","",@b-0361,"","","","",✓,"","","","","","","","","","",✓,"","","","","","",Number,"","","","","","","",✓,"","","","","","","","","","",@b-0000,✓,"",@b-042e,"","","","",Chicago,cfm,"","","","","","","","","","","{sourcePointName:FLOW_STPT, dataSyncRecovered:2020-07-10T01:00:10.995-04:00 New_York, inScope, backgroundPoint}"
@b-0365,"","","","","","","","","","","",✓,"","","",✓,"","","","",Bravo VAV 2-8 Heating Valve Output,"","","","","","","","",@b-0361,"","","","","","","","","","","","","",✓,"",✓,✓,"","","","","",Number,"","","","","","","",✓,"","","","","","","","","","",@b-0000,"","",@b-042e,"","","","",Chicago,%,✓,"","",✓,"","","","","","","{sourcePointName:Htg, dataSyncRecovered:2020-07-10T01:00:09.752-04:00 New_York, inScope, backgroundPoint}"
@b-0366,"",✓,"","","","","","","","","","","","","",✓,"","","","",Bravo VAV 2-8 Supply Air Temperature,✓,"","","","","","","",@b-0361,"","","","","","","","","","","","","","","",✓,"","","","","","",Str,"","","","","","","",✓,"","","","","","","",✓,"","",@b-0000,"","",@b-042e,"","",✓,"",Chicago,°F,"","","","","","","","","","","{sourcePointName:DisAirTemp, dataSyncRecovered:2020-07-10T01:00:07.598-04:00 New_York, pointType:, inScope, backgroundPoint}"
@b-0367,"",✓,"","","","","","","","","","","","","",✓,"","","","",Bravo VAV 2-8 Zone Air Temp Setpoint,"","","","","","","","",@b-0361,"","","","","","","","","","","","","","","",✓,"","","","","","",Number,"","","","","","","",✓,"","","","","","","","","","",@b-0000,✓,"",@b-042e,"","",✓,"",Chicago,°F,"","","","","","","","","",✓,"{sourcePointName:STAT_SETPOINT, dataSyncRecovered:2020-07-10T01:00:10.126-04:00 New_York, inScope, backgroundPoint}"
@b-0368,"",✓,"","","","","","","","","","","","","",✓,"","","","",Bravo VAV 2-8 Zone Temperature,"","","","","","","","",@b-0361,"","","","","","","","","","","","","","","",✓,"","","","","","",Number,"","","","","","","",✓,"","","","","","","",✓,"","",@b-0000,"","",@b-042e,"","",✓,"",Chicago,°F,"","","","","","","","","",✓,"{sourcePointName:SPACE_TEMP, dataSyncRecovered:2020-07-10T01:00:10.249-04:00 New_York, inScope, backgroundPoint}"
@b-0369,"","","",@b-00ce,"","","","","","","","","","","","","","","","",Bravo VAV 2-9,"","","","","","","",✓,"","","",✓,"","","","","","","","","","","","","","",✓,@b-0012,"","",✓,"","","","","","","","","","","","","","","","","",✓,"",@b-0000,"","",@b-042e,"","","",✓,"","","",✓,"","","","","","","",✓,"{tu, designSource:Drawings, designHotWaterEnteringTemp:180°F, designHotWaterLeavingTemp:149°F, designHotWaterPower:8.9MMBTU/h, designHotWaterFlow:1gal/min, designAirFlow:450cfm}"
@b-036a,"",✓,"","","","","","","","","",✓,"","","",✓,✓,"","","",Bravo VAV 2-9 Damper Output,✓,"","","","","","","",@b-0369,"","","","","","","","","","","","","","","",✓,"","","","","","",Number,"","","","","","","",✓,"","","","","","","","","","",@b-0000,"","",@b-042e,"","","","",Chicago,%,"","","","","","","","","","","{sourcePointName:DAMPER_CMD, dataSyncRecovered:2020-07-10T01:00:07.598-04:00 New_York, inScope, backgroundPoint}"
@b-036b,"",✓,"","","","","","","","","","","","","",✓,"","","","",Bravo VAV 2-9 Discharge Air Flow,✓,"","","","","","","",@b-0369,"","","","",✓,"","","","","","","","","","",✓,"","","","","","",Number,"","","","","","","",✓,"","","","","","","",✓,"","",@b-0000,"","",@b-042e,"","","","",Chicago,cfm,"","","","","","","","","","","{sourcePointName:BOX_FLOW, dataSyncRecovered:2020-07-10T01:00:09.627-04:00 New_York, inScope, backgroundPoint}"
@b-036c,"",✓,"","","","","","","","","","","","","",✓,"","","","",Bravo VAV 2-9 Discharge Air Flow Setpoint,✓,"",✓,"","","","","",@b-0369,"","","","",✓,"","","","","","","","","","",✓,"","","","","","",Number,"","","","","","","",✓,"","","","","","","","","","",@b-0000,✓,"",@b-042e,"","","","",Chicago,cfm,"","","","","","","","","","","{sourcePointName:FLOW_STPT, dataSyncRecovered:2020-07-10T01:00:07.473-04:00 New_York, inScope, backgroundPoint}"
@b-036d,"","","","","","","","","","","",✓,"","","",✓,"","","","",Bravo VAV 2-9 Heating Valve Output,"","","","","","","","",@b-0369,"","","","","","","","","","","","","",✓,"",✓,✓,"","","","","",Number,"","","","","","","",✓,"","","","","","","","","","",@b-0000,"","",@b-042e,"","","","",Chicago,%,✓,"","",✓,"","","","","","","{sourcePointName:Htg, dataSyncRecovered:2020-07-10T01:00:10.003-04:00 New_York, inScope, backgroundPoint}"
@b-036e,"",✓,"","","","","","","","","","","","","",✓,"","","","",Bravo VAV 2-9 Supply Air Temperature,✓,"","","","","","","",@b-0369,"","","","","","","","","","","","","","","",✓,"","","","","","",Number,"","","","","","","",✓,"","","","","","","",✓,"","",@b-0000,"","",@b-042e,"","",✓,"",Chicago,°F,"","","","","","","","","","","{sourcePointName:DisAirTemp, dataSyncRecovered:2020-07-10T01:00:10.003-04:00 New_York, inScope, backgroundPoint}"
@b-036f,"",✓,"","","","","","","","","","","","","",✓,"","","","",Bravo VAV 2-9 Zone Air Temp Setpoint,"","","","","","","","",@b-0369,"","","","","","","","","","","","","","","",✓,"","","","","","",Number,"","","","","","","",✓,"","","","","","","","","","",@b-0000,✓,"",@b-042e,"","",✓,"",Chicago,°F,"","","","","","","","","",✓,"{sourcePointName:STAT_SETPOINT, dataSyncRecovered:2020-07-10T01:00:10.745-04:00 New_York, inScope, backgroundPoint}"
@b-0370,"",✓,"","","","","","","","","","","","","",✓,"","","","",Bravo VAV 2-9 Zone Temperature,"","","","","","","","",@b-0369,"","","","","","","","","","","","","","","",✓,"","","","","","",Number,"","","","","","","",✓,"","","","","","","",✓,"","",@b-0000,"","",@b-042e,"","",✓,"",Chicago,°F,"","","","","","","","","",✓,"{sourcePointName:SPACE_TEMP, dataSyncRecovered:2020-07-10T01:00:10.374-04:00 New_York, inScope, backgroundPoint}"
@b-0371,"","","",@b-00f2,"","","","","","","","","","","","","","","","",Bravo VAV 3-1,"","","","","","","",✓,"","","",✓,"","","","","","","","","","","","","","",✓,@b-0012,"","",✓,"","","","","","","","","","","","","","","","","",✓,"",@b-0000,"","",@b-042e,"","","",✓,"","","",✓,"","","","","","","",✓,"{tu, designSource:Drawings, designHotWaterEnteringTemp:180°F, designHotWaterLeavingTemp:150°F, designHotWaterPower:14.1MMBTU/h, designHotWaterFlow:2.5gal/min, designAirFlow:1300cfm}"
@b-0372,"",✓,"","","","","","","","","",✓,"","","",✓,✓,"","","",Bravo VAV 3-1 Air Damper Command,✓,"","","","","","","",@b-0371,"","","","","","","","","","","","","","","",✓,"","","","","","",Number,"","","","","","","",✓,"","","","","","","","","","",@b-0000,"","",@b-042e,"","","","",Chicago,%,"","","","","","","","","","","{sourcePointName:DAMPER_CMD, dataSyncRecovered:2020-07-14T01:00:05.167-04:00 New_York, pointType:, inScope, backgroundPoint}"
@b-0373,"",✓,"","","","","","","","","","","","","",✓,"","","","",Bravo VAV 3-1 Discharge Air Flow,✓,"","","","","","","",@b-0371,"","","","",✓,"","","","","","","","","","",✓,"","","","","","",Number,"","","","","","","",✓,"","","","","","","",✓,"","",@b-0000,"","",@b-042e,"","","","",Chicago,cfm,"","","","","","","","","","","{sourcePointName:BOX_FLOW, dataSyncRecovered:2020-07-10T01:00:10.87-04:00 New_York, inScope, backgroundPoint}"
@b-0374,"",✓,"","","","","","","","","","","","","",✓,"","","","",Bravo VAV 3-1 Discharge Air Flow Setpoint,✓,"",✓,"","","","","",@b-0371,"","","","",✓,"","","","","","","","","","",✓,"","","","","","",Number,"","","","","","","",✓,"","","","","","","","","","",@b-0000,✓,"",@b-042e,"","","","",Chicago,cfm,"","","","","","","","","","","{sourcePointName:FLOW_STPT, dataSyncRecovered:2020-07-10T01:00:10.497-04:00 New_York, inScope, backgroundPoint}"
@b-0375,"","","","","","","","","","","",✓,"","","",✓,"","","","",Bravo VAV 3-1 Heating Valve Output,"","","","","","","","",@b-0371,"","","","","","","","","","","","","",✓,"",✓,✓,"","","","","",Number,"","","","","","","",✓,"","","","","","","","","","",@b-0000,"","",@b-042e,"","","","",Chicago,%,✓,"","",✓,"","","","","","","{sourcePointName:Htg, dataSyncRecovered:2020-07-10T01:00:10.003-04:00 New_York, inScope, backgroundPoint}"
@b-0376,"",✓,"","","","","","","","","","","","","",✓,"","","","",Bravo VAV 3-1 Supply Air Temperature,✓,"","","","","","","",@b-0371,"","","","","","","","","","","","","","","",✓,"","","","","","",Number,"","","","","","","",✓,"","","","","","","",✓,"","",@b-0000,"","",@b-042e,"","",✓,"",Chicago,°F,"","","","","","","","","","","{sourcePointName:DisAirTemp, dataSyncRecovered:2020-07-10T01:00:10.003-04:00 New_York, inScope, backgroundPoint}"
@b-0377,"",✓,"","","","","","","","","","","","","",✓,"","","","",Bravo VAV 3-1 Zone Air Temp Setpoint,"","","","","","","","",@b-0371,"","","","","","","","","","","","","","","",✓,"","","","","","",Number,"","","","","","","",✓,"","","","","","","","","","",@b-0000,✓,"",@b-042e,"","",✓,"",Chicago,°F,"","","","","","","","","",✓,"{sourcePointName:STAT_SETPOINT, dataSyncRecovered:2020-07-10T01:00:10.003-04:00 New_York, inScope, backgroundPoint}"
@b-0378,"",✓,"","","","","","","","","","","","","",✓,"","","","",Bravo VAV 3-1 Zone Temperature,"","","","","","","","",@b-0371,"","","","","","","","","","","","","","","",✓,"","","","","","",Number,"","","","","","","",✓,"","","","","","","",✓,"","",@b-0000,"","",@b-042e,"","",✓,"",Chicago,°F,"","","","","","","","","",✓,"{sourcePointName:SPACE_TEMP, dataSyncRecovered:2020-07-10T01:00:10.745-04:00 New_York, inScope, backgroundPoint}"
@b-0379,"","","",@b-00f2,"","","","","","","","","","","","","","","","",Bravo VAV 3-10,"","","","","","","",✓,"","","",✓,"","","","","","","","","","","","","","",✓,@b-0012,"","",✓,"","","","","","","","","","","","","","","","","",✓,"",@b-0000,"","",@b-042e,"","","",✓,"","","",✓,"","","","","","","",✓,"{tu, designSource:Drawings, designHotWaterEnteringTemp:180°F, designHotWaterLeavingTemp:151°F, designHotWaterPower:7.3MMBTU/h, designHotWaterFlow:0.75gal/min, designAirFlow:350cfm}"
@b-037a,"",✓,"","","","","","","","","",✓,"","","",✓,✓,"","","",Bravo VAV 3-10 Damper Output,✓,"","","","","","","",@b-0379,"","","","","","","","","","","","","","","",✓,"","","","","","",Number,"","","","","","","",✓,"","","","","","","","","","",@b-0000,"","",@b-042e,"","","","",Chicago,%,"","","","","","","","","","","{sourcePointName:DAMPER_CMD, dataSyncRecovered:2020-07-10T01:00:10.249-04:00 New_York, inScope, backgroundPoint}"
@b-037b,"",✓,"","","","","","","","","","","","","",✓,"","","","",Bravo VAV 3-10 Discharge Air Flow,✓,"","","","","","","",@b-0379,"","","","",✓,"","","","","","","","","","",✓,"","","","","","",Number,"","","","","","","",✓,"","","","","","","",✓,"","",@b-0000,"","",@b-042e,"","","","",Chicago,cfm,"","","","","","","","","","","{sourcePointName:BOX_FLOW, dataSyncRecovered:2020-07-10T01:00:10.003-04:00 New_York, inScope, backgroundPoint}"
@b-037c,"",✓,"","","","","","","","","","","","","",✓,"","","","",Bravo VAV 3-10 Discharge Air Flow Setpoint,✓,"",✓,"","","","","",@b-0379,"","","","",✓,"","","","","","","","","","",✓,"","","","","","",Number,"","","","","","","",✓,"","","","","","","","","","",@b-0000,✓,"",@b-042e,"","","","",Chicago,cfm,"","","","","","","","","","","{sourcePointName:FLOW_STPT, dataSyncRecovered:2020-07-10T01:00:10.995-04:00 New_York, inScope, backgroundPoint}"
@b-037d,"","","","","","","","","","","",✓,"","","",✓,"","","","",Bravo VAV 3-10 Heating Valve Output,"","","","","","","","",@b-0379,"","","","","","","","","","","","","",✓,"",✓,✓,"","","","","",Number,"","","","","","","",✓,"","","","","","","","","","",@b-0000,"","",@b-042e,"","","","",Chicago,%,✓,"","",✓,"","","","","","","{sourcePointName:Htg, dataSyncRecovered:2020-07-10T01:00:10.497-04:00 New_York, inScope, backgroundPoint}"
@b-037e,"",✓,"","","","","","","","","","","","","",✓,"","","","",Bravo VAV 3-10 Supply Air Temperature,✓,"","","","","","","",@b-0379,"","","","","","","","","","","","","","","",✓,"","","","","","",Number,"","","","","","","",✓,"","","","","","","",✓,"","",@b-0000,"","",@b-042e,"","",✓,"",Chicago,°F,"","","","","","","","","","","{sourcePointName:DisAirTemp, dataSyncRecovered:2020-07-10T01:00:09.627-04:00 New_York, inScope, backgroundPoint}"
@b-037f,"",✓,"","","","","","","","","","","","","",✓,"","","","",Bravo VAV 3-10 Zone Air Temp Setpoint,"","","","","","","","",@b-0379,"","","","","","","","","","","","","","","",✓,"","","","","","",Number,"","","","","","","",✓,"","","","","","","","","","",@b-0000,✓,"",@b-042e,"","",✓,"",Chicago,°F,"","","","","","","","","",✓,"{sourcePointName:STAT_SETPOINT, dataSyncRecovered:2020-07-10T01:00:10.003-04:00 New_York, inScope, backgroundPoint}"
@b-0380,"",✓,"","","","","","","","","","","","","",✓,"","","","",Bravo VAV 3-10 Zone Temperature,"","","","","","","","",@b-0379,"","","","","","","","","","","","","","","",✓,"","","","","","",Number,"","","","","","","",✓,"","","","","","","",✓,"","",@b-0000,"","",@b-042e,"","",✓,"",Chicago,°F,"","","","","","","","","",✓,"{sourcePointName:SPACE_TEMP, dataSyncRecovered:2020-07-10T01:00:10.62-04:00 New_York, inScope, backgroundPoint}"
@b-0381,"","","",@b-00f2,"","","","","","","","","","","","","","","","",Bravo VAV 3-11,"","","","","","","",✓,"","","",✓,"","","","","","","","","","","","","","",✓,@b-0012,"","",✓,"","","","","","","","","","","","","","","","","",✓,"",@b-0000,"","",@b-042e,"","","",✓,"","","",✓,"","","","","","","",✓,"{tu, designSource:Drawings, designHotWaterEnteringTemp:180°F, designHotWaterLeavingTemp:150°F, designHotWaterPower:22.7MMBTU/h, designHotWaterFlow:2.25gal/min, designAirFlow:1100cfm}"
@b-0382,"",✓,"","","","","","","","","",✓,"","","",✓,✓,"","","",Bravo VAV 3-11 Damper Output,✓,"","","","","","","",@b-0381,"","","","","","","","","","","","","","","",✓,"","","","","","",Number,"","","","","","","",✓,"","","","","","","","","","",@b-0000,"","",@b-042e,"","","","",Chicago,%,"","","","","","","","","","","{sourcePointName:DAMPER_CMD, dataSyncRecovered:2020-07-10T01:00:10.126-04:00 New_York, inScope, backgroundPoint}"
@b-0383,"",✓,"","","","","","","","","","","","","",✓,"","","","",Bravo VAV 3-11 Discharge Air Flow,✓,"","","","","","","",@b-0381,"","","","",✓,"","","","","","","","","","",✓,"","","","","","",Number,"","","","","","","",✓,"","","","","","","",✓,"","",@b-0000,"","",@b-042e,"","","","",Chicago,cfm,"","","","","","","","","","","{sourcePointName:BOX_FLOW, dataSyncRecovered:2020-07-10T01:00:10.126-04:00 New_York, inScope, backgroundPoint}"
@b-0384,"",✓,"","","","","","","","","","","","","",✓,"","","","",Bravo VAV 3-11 Discharge Air Flow Setpoint,✓,"",✓,"","","","","",@b-0381,"","","","",✓,"","","","","","","","","","",✓,"","","","","","",Number,"","","","","","","",✓,"","","","","","","","","","",@b-0000,✓,"",@b-042e,"","","","",Chicago,cfm,"","","","","","","","","","","{sourcePointName:FLOW_STPT, dataSyncRecovered:2020-07-10T01:00:10.003-04:00 New_York, inScope, backgroundPoint}"
@b-0385,"","","","","","","","","","","",✓,"","","",✓,"","","","",Bravo VAV 3-11 Heating Valve Output,"","","","","","","","",@b-0381,"","","","","","","","","","","","","",✓,"",✓,✓,"","","","","",Number,"","","","","","","",✓,"","","","","","","","","","",@b-0000,"","",@b-042e,"","","","",Chicago,%,✓,"","",✓,"","","","","","","{sourcePointName:Htg, dataSyncRecovered:2020-07-10T01:00:07.598-04:00 New_York, inScope, backgroundPoint}"
@b-0386,"",✓,"","","","","","","","","","","","","",✓,"","","","",Bravo VAV 3-11 Supply Air Temperature,✓,"","","","","","","",@b-0381,"","","","","","","","","","","","","","","",✓,"","","","","","",Number,"","","","","","","",✓,"","","","","","","",✓,"","",@b-0000,"","",@b-042e,"","",✓,"",Chicago,°F,"","","","","","","","","","","{sourcePointName:DisAirTemp, dataSyncRecovered:2020-07-10T01:00:13.145-04:00 New_York, inScope, backgroundPoint}"
@b-0387,"",✓,"","","","","","","","","","","","","",✓,"","","","",Bravo VAV 3-11 Zone Air Temp Setpoint,"","","","","","","","",@b-0381,"","","","","","","","","","","","","","","",✓,"","","","","","",Number,"","","","","","","",✓,"","","","","","","","","","",@b-0000,✓,"",@b-042e,"","",✓,"",Chicago,°F,"","","","","","","","","",✓,"{sourcePointName:STAT_SETPOINT, dataSyncRecovered:2020-07-10T01:00:10.87-04:00 New_York, inScope, backgroundPoint}"
@b-0388,"",✓,"","","","","","","","","","","","","",✓,"","","","",Bravo VAV 3-11 Zone Temperature,"","","","","","","","",@b-0381,"","","","","","","","","","","","","","","",✓,"","","","","","",Number,"","","","","","","",✓,"","","","","","","",✓,"","",@b-0000,"","",@b-042e,"","",✓,"",Chicago,°F,"","","","","","","","","",✓,"{sourcePointName:SPACE_TEMP, dataSyncRecovered:2020-07-10T01:00:10.995-04:00 New_York, inScope, backgroundPoint}"
@b-0389,"","","",@b-00f2,"","","","","","","","","","","","","","","","",Bravo VAV 3-12,"","","","","","","",✓,"","","",✓,"","","","","","","","","","","","","","",✓,@b-0012,"","",✓,"","","","","","","","","","","","","","","","","",✓,"",@b-0000,"","",@b-042e,"","","",✓,"","","",✓,"","","","","","","",✓,"{tu, designSource:Drawings, designHotWaterEnteringTemp:180°F, designHotWaterLeavingTemp:149°F, designHotWaterPower:9.8MMBTU/h, designHotWaterFlow:1.5gal/min, designAirFlow:1000cfm}"
@b-038a,"",✓,"","","","","","","","","",✓,"","","",✓,✓,"","","",Bravo VAV 3-12 Damper Output,✓,"","","","","","","",@b-0389,"","","","","","","","","","","","","","","",✓,"","","","","","",Number,"","","","","","","",✓,"","","","","","","","","","",@b-0000,"","",@b-042e,"","","","",Chicago,%,"","","","","","","","","","","{sourcePointName:DAMPER_CMD, dataSyncRecovered:2020-07-10T01:00:09.752-04:00 New_York, inScope, backgroundPoint}"
@b-038b,"",✓,"","","","","","","","","","","","","",✓,"","","","",Bravo VAV 3-12 Discharge Air Flow,✓,"","","","","","","",@b-0389,"","","","",✓,"","","","","","","","","","",✓,"","","","","","",Number,"","","","","","","",✓,"","","","","","","",✓,"","",@b-0000,"","",@b-042e,"","","","",Chicago,cfm,"","","","","","","","","","","{sourcePointName:BOX_FLOW, dataSyncRecovered:2020-07-10T01:00:09.879-04:00 New_York, inScope, backgroundPoint}"
@b-038c,"",✓,"","","","","","","","","","","","","",✓,"","","","",Bravo VAV 3-12 Discharge Air Flow Setpoint,✓,"",✓,"","","","","",@b-0389,"","","","",✓,"","","","","","","","","","",✓,"","","","","","",Number,"","","","","","","",✓,"","","","","","","","","","",@b-0000,✓,"",@b-042e,"","","","",Chicago,cfm,"","","","","","","","","","","{sourcePointName:FLOW_STPT, dataSyncRecovered:2020-07-10T01:00:10.126-04:00 New_York, inScope, backgroundPoint}"
@b-038d,"","","","","","","","","","","",✓,"","","",✓,"","","","",Bravo VAV 3-12 Heating Valve Output,"","","","","","","","",@b-0389,"","","","","","","","","","","","","",✓,"",✓,✓,"","","","","",Number,"","","","","","","",✓,"","","","","","","","","","",@b-0000,"","",@b-042e,"","","","",Chicago,%,✓,"","",✓,"","","","","","","{sourcePointName:Htg, dataSyncRecovered:2020-07-10T01:00:10.497-04:00 New_York, inScope, backgroundPoint}"
@b-038e,"",✓,"","","","","","","","","","","","","",✓,"","","","",Bravo VAV 3-12 Supply Air Temperature,✓,"","","","","","","",@b-0389,"","","","","","","","","","","","","","","",✓,"","","","","","",Number,"","","","","","","",✓,"","","","","","","",✓,"","",@b-0000,"","",@b-042e,"","",✓,"",Chicago,°F,"","","","","","","","","","","{sourcePointName:DisAirTemp, dataSyncRecovered:2020-07-10T01:00:10.87-04:00 New_York, inScope, backgroundPoint}"
@b-038f,"",✓,"","","","","","","","","","","","","",✓,"","","","",Bravo VAV 3-12 Zone Air Temp Setpoint,"","","","","","","","",@b-0389,"","","","","","","","","","","","","","","",✓,"","","","","","",Number,"","","","","","","",✓,"","","","","","","","","","",@b-0000,✓,"",@b-042e,"","",✓,"",Chicago,°F,"","","","","","","","","",✓,"{sourcePointName:STAT_SETPOINT, dataSyncRecovered:2020-07-10T01:00:10.62-04:00 New_York, inScope, backgroundPoint}"
@b-0390,"",✓,"","","","","","","","","","","","","",✓,"","","","",Bravo VAV 3-12 Zone Temperature,"","","","","","","","",@b-0389,"","","","","","","","","","","","","","","",✓,"","","","","","",Number,"","","","","","","",✓,"","","","","","","",✓,"","",@b-0000,"","",@b-042e,"","",✓,"",Chicago,°F,"","","","","","","","","",✓,"{sourcePointName:SPACE_TEMP, dataSyncRecovered:2020-07-10T01:00:10.62-04:00 New_York, inScope, backgroundPoint}"
@b-0391,"","","",@b-00f2,"","","","","","","","","","","","","","","","",Bravo VAV 3-13,"","","","","","","",✓,"","","",✓,"","","","","","","","","","","","","","",✓,@b-0012,"","",✓,"","","","","","","","","","","","","","","","","",✓,"",@b-0000,"","",@b-042e,"","","",✓,"","","",✓,"","","","","","","",✓,"{tu, designSource:Drawings, designHotWaterEnteringTemp:180°F, designHotWaterLeavingTemp:151°F, designHotWaterPower:5.3MMBTU/h, designHotWaterFlow:0.75gal/min, designAirFlow:350cfm}"
@b-0392,"",✓,"","","","","","","","","",✓,"","","",✓,✓,"","","",Bravo VAV 3-13 Damper Output,✓,"","","","","","","",@b-0391,"","","","","","","","","","","","","","","",✓,"","","","","","",Number,"","","","","","","",✓,"","","","","","","","","","",@b-0000,"","",@b-042e,"","","","",Chicago,%,"","","","","","","","","","","{sourcePointName:DAMPER_CMD, dataSyncRecovered:2020-07-10T01:00:10.003-04:00 New_York, inScope, backgroundPoint}"
@b-0393,"",✓,"","","","","","","","","","","","","",✓,"","","","",Bravo VAV 3-13 Discharge Air Flow,✓,"","","","","","","",@b-0391,"","","","",✓,"","","","","","","","","","",✓,"","","","","","",Number,"","","","","","","",✓,"","","","","","","",✓,"","",@b-0000,"","",@b-042e,"","","","",Chicago,cfm,"","","","","","","","","","","{sourcePointName:BOX_FLOW, dataSyncRecovered:2020-07-10T01:00:10.003-04:00 New_York, inScope, backgroundPoint}"
@b-0394,"",✓,"","","","","","","","","","","","","",✓,"","","","",Bravo VAV 3-13 Discharge Air Flow Setpoint,✓,"",✓,"","","","","",@b-0391,"","","","",✓,"","","","","","","","","","",✓,"","","","","","",Number,"","","","","","","",✓,"","","","","","","","","","",@b-0000,✓,"",@b-042e,"","","","",Chicago,cfm,"","","","","","","","","","","{sourcePointName:FLOW_STPT, dataSyncRecovered:2020-07-10T01:00:10.126-04:00 New_York, inScope, backgroundPoint}"
@b-0395,"","","","","","","","","","","",✓,"","","",✓,"","","","",Bravo VAV 3-13 Heating Valve Output,"","","","","","","","",@b-0391,"","","","","","","","","","","","","",✓,"",✓,✓,"","","","","",Number,"","","","","","","",✓,"","","","","","","","","","",@b-0000,"","",@b-042e,"","","","",Chicago,%,✓,"","",✓,"","","","","","","{sourcePointName:Htg, dataSyncRecovered:2020-07-10T01:00:10.126-04:00 New_York, inScope, backgroundPoint}"
@b-0396,"",✓,"","","","","","","","","","","","","",✓,"","","","",Bravo VAV 3-13 Supply Air Temperature,✓,"","","","","","","",@b-0391,"","","","","","","","","","","","","","","",✓,"","","","","","",Number,"","","","","","","",✓,"","","","","","","",✓,"","",@b-0000,"","",@b-042e,"","",✓,"",Chicago,°F,"","","","","","","","","","","{sourcePointName:DisAirTemp, dataSyncRecovered:2020-07-10T01:00:10.745-04:00 New_York, inScope, backgroundPoint}"
@b-0397,"",✓,"","","","","","","","","","","","","",✓,"","","","",Bravo VAV 3-13 Zone Air Temp Setpoint,"","","","","","","","",@b-0391,"","","","","","","","","","","","","","","",✓,"","","","","","",Number,"","","","","","","",✓,"","","","","","","","","","",@b-0000,✓,"",@b-042e,"","",✓,"",Chicago,°F,"","","","","","","","","",✓,"{sourcePointName:STAT_SETPOINT, dataSyncRecovered:2020-07-10T01:00:10.745-04:00 New_York, inScope, backgroundPoint}"
@b-0398,"",✓,"","","","","","","","","","","","","",✓,"","","","",Bravo VAV 3-13 Zone Temperature,"","","","","","","","",@b-0391,"","","","","","","","","","","","","","","",✓,"","","","","","",Number,"","","","","","","",✓,"","","","","","","",✓,"","",@b-0000,"","",@b-042e,"","",✓,"",Chicago,°F,"","","","","","","","","",✓,"{sourcePointName:SPACE_TEMP, dataSyncRecovered:2020-07-10T01:00:10.003-04:00 New_York, inScope, backgroundPoint}"
@b-0399,"","","",@b-00f2,"","","","","","","","","","","","","","","","",Bravo VAV 3-14,"","","","","","","",✓,"","","",✓,"","","","","","","","","","","","","","",✓,@b-0012,"","",✓,"","","","","","","","","","","","","","","","","",✓,"",@b-0000,"","",@b-042e,"","","",✓,"","","",✓,"","","","","","","",✓,"{tu, designSource:Drawings, designHotWaterEnteringTemp:180°F, designHotWaterLeavingTemp:149°F, designHotWaterPower:5.4MMBTU/h, designHotWaterFlow:1gal/min, designAirFlow:500cfm}"
@b-039a,"",✓,"","","","","","","","","",✓,"","","",✓,✓,"","","",Bravo VAV 3-14 Damper Output,✓,"","","","","","","",@b-0399,"","","","","","","","","","","","","","","",✓,"","","","","","",Number,"","","","","","","",✓,"","","","","","","","","","",@b-0000,"","",@b-042e,"","","","",Chicago,%,"","","","","","","","","","","{sourcePointName:DAMPER_CMD, dataSyncRecovered:2020-07-10T01:00:10.497-04:00 New_York, inScope, backgroundPoint}"
@b-039b,"",✓,"","","","","","","","","","","","","",✓,"","","","",Bravo VAV 3-14 Discharge Air Flow,✓,"","","","","","","",@b-0399,"","","","",✓,"","","","","","","","","","",✓,"","","","","","",Number,"","","","","","","",✓,"","","","","","","",✓,"","",@b-0000,"","",@b-042e,"","","","",Chicago,cfm,"","","","","","","","","","","{sourcePointName:BOX_FLOW, dataSyncRecovered:2020-07-10T01:00:09.627-04:00 New_York, inScope, backgroundPoint}"
@b-039c,"",✓,"","","","","","","","","","","","","",✓,"","","","",Bravo VAV 3-14 Discharge Air Flow Setpoint,✓,"",✓,"","","","","",@b-0399,"","","","",✓,"","","","","","","","","","",✓,"","","","","","",Number,"","","","","","","",✓,"","","","","","","","","","",@b-0000,✓,"",@b-042e,"","","","",Chicago,cfm,"","","","","","","","","","","{sourcePointName:FLOW_STPT, dataSyncRecovered:2020-07-10T01:00:11.258-04:00 New_York, inScope, backgroundPoint}"
@b-039d,"","","","","","","","","","","",✓,"","","",✓,"","","","",Bravo VAV 3-14 Heating Valve Output,"","","","","","","","",@b-0399,"","","","","","","","","","","","","",✓,"",✓,✓,"","","","","",Number,"","","","","","","",✓,"","","","","","","","","","",@b-0000,"","",@b-042e,"","","","",Chicago,%,✓,"","",✓,"","","","","","","{sourcePointName:Htg, dataSyncRecovered:2020-07-10T01:00:13.145-04:00 New_York, inScope, backgroundPoint}"
@b-039e,"",✓,"","","","","","","","","","","","","",✓,"","","","",Bravo VAV 3-14 Supply Air Temperature,✓,"","","","","","","",@b-0399,"","","","","","","","","","","","","","","",✓,"","","","","","",Number,"","","","","","","",✓,"","","","","","","",✓,"","",@b-0000,"","",@b-042e,"","",✓,"",Chicago,°F,"","","","","","","","","","","{sourcePointName:DisAirTemp, dataSyncRecovered:2020-07-10T01:00:10.249-04:00 New_York, inScope, backgroundPoint}"
@b-039f,"",✓,"","","","","","","","","","","","","",✓,"","","","",Bravo VAV 3-14 Zone Air Temp Setpoint,"","","","","","","","",@b-0399,"","","","","","","","","","","","","","","",✓,"","","","","","",Number,"","","","","","","",✓,"","","","","","","","","","",@b-0000,✓,"",@b-042e,"","",✓,"",Chicago,°F,"","","","","","","","","",✓,"{sourcePointName:STAT_SETPOINT, dataSyncRecovered:2020-07-10T01:00:11.125-04:00 New_York, inScope, backgroundPoint}"
@b-03a0,"",✓,"","","","","","","","","","","","","",✓,"","","","",Bravo VAV 3-14 Zone Temperature,"","","","","","","","",@b-0399,"","","","","","","","","","","","","","","",✓,"","","","","","",Number,"","","","","","","",✓,"","","","","","","",✓,"","",@b-0000,"","",@b-042e,"","",✓,"",Chicago,°F,"","","","","","","","","",✓,"{sourcePointName:SPACE_TEMP, dataSyncRecovered:2020-07-10T01:00:10.003-04:00 New_York, inScope, backgroundPoint}"
@b-03a1,"","","",@b-00f2,"","","","","","","","","","","","","","","","",Bravo VAV 3-15,"","","","","","","",✓,"","","",✓,"","","","","","","","","","","","","","",✓,@b-0012,"","",✓,"","","","","","","","","","","","","","","","","",✓,"",@b-0000,"","",@b-042e,"","","",✓,"","","",✓,"","","","","","","",✓,"{tu, designSource:Drawings, designHotWaterEnteringTemp:180°F, designHotWaterLeavingTemp:147°F, designHotWaterPower:2.7MMBTU/h, designHotWaterFlow:0.5gal/min, designAirFlow:250cfm}"
@b-03a2,"",✓,"","","","","","","","","",✓,"","","",✓,✓,"","","",Bravo VAV 3-15 Damper Output,✓,"","","","","","","",@b-03a1,"","","","","","","","","","","","","","","",✓,"","","","","","",Number,"","","","","","","",✓,"","","","","","","","","","",@b-0000,"","",@b-042e,"","","","",Chicago,%,"","","","","","","","","","","{sourcePointName:DAMPER_CMD, dataSyncRecovered:2020-07-10T01:00:10.374-04:00 New_York, inScope, backgroundPoint}"
@b-03a3,"",✓,"","","","","","","","","","","","","",✓,"","","","",Bravo VAV 3-15 Discharge Air Flow,✓,"","","","","","","",@b-03a1,"","","","",✓,"","","","","","","","","","",✓,"","","","","","",Number,"","","","","","","",✓,"","","","","","","",✓,"","",@b-0000,"","",@b-042e,"","","","",Chicago,cfm,"","","","","","","","","","","{sourcePointName:BOX_FLOW, dataSyncRecovered:2020-07-10T01:00:10.497-04:00 New_York, inScope, backgroundPoint}"
@b-03a4,"",✓,"","","","","","","","","","","","","",✓,"","","","",Bravo VAV 3-15 Discharge Air Flow Setpoint,✓,"",✓,"","","","","",@b-03a1,"","","","",✓,"","","","","","","","","","",✓,"","","","","","",Number,"","","","","","","",✓,"","","","","","","","","","",@b-0000,✓,"",@b-042e,"","","","",Chicago,cfm,"","","","","","","","","","","{sourcePointName:FLOW_STPT, dataSyncRecovered:2020-07-10T01:00:07.721-04:00 New_York, inScope, backgroundPoint}"
@b-03a5,"","","","","","","","","","","",✓,"","","",✓,"","","","",Bravo VAV 3-15 Heating Valve Output,"","","","","","","","",@b-03a1,"","","","","","","","","","","","","",✓,"",✓,✓,"","","","","",Number,"","","","","","","",✓,"","","","","","","","","","",@b-0000,"","",@b-042e,"","","","",Chicago,%,✓,"","",✓,"","","","","","","{sourcePointName:Htg, dataSyncRecovered:2020-07-10T01:00:07.721-04:00 New_York, inScope, backgroundPoint}"
@b-03a6,"",✓,"","","","","","","","","","","","","",✓,"","","","",Bravo VAV 3-15 Supply Air Temperature,✓,"","","","","","","",@b-03a1,"","","","","","","","","","","","","","","",✓,"","","","","","",Number,"","","","","","","",✓,"","","","","","","",✓,"","",@b-0000,"","",@b-042e,"","",✓,"",Chicago,°F,"","","","","","","","","","","{sourcePointName:DisAirTemp, dataSyncRecovered:2020-07-10T01:00:07.721-04:00 New_York, inScope, backgroundPoint}"
@b-03a7,"",✓,"","","","","","","","","","","","","",✓,"","","","",Bravo VAV 3-15 Zone Air Temp Setpoint,"","","","","","","","",@b-03a1,"","","","","","","","","","","","","","","",✓,"","","","","","",Number,"","","","","","","",✓,"","","","","","","","","","",@b-0000,✓,"",@b-042e,"","",✓,"",Chicago,°F,"","","","","","","","","",✓,"{sourcePointName:STAT_SETPOINT, dataSyncRecovered:2020-07-10T01:00:09.627-04:00 New_York, inScope, backgroundPoint}"
@b-03a8,"",✓,"","","","","","","","","","","","","",✓,"","","","",Bravo VAV 3-15 Zone Temperature,"","","","","","","","",@b-03a1,"","","","","","","","","","","","","","","",✓,"","","","","","",Number,"","","","","","","",✓,"","","","","","","",✓,"","",@b-0000,"","",@b-042e,"","",✓,"",Chicago,°F,"","","","","","","","","",✓,"{sourcePointName:SPACE_TEMP, dataSyncRecovered:2020-07-10T01:00:09.752-04:00 New_York, inScope, backgroundPoint}"
@b-03a9,"","","",@b-00f2,"","","","","","","","","","","","","","","","",Bravo VAV 3-16,"","","","","","","",✓,"","","",✓,"","","","","","","","","","","","","","",✓,@b-0012,"","",✓,"","","","","","","","","","","","","","","","","",✓,"",@b-0000,"","",@b-042e,"","","",✓,"","","",✓,"","","","","","","",✓,"{tu, designSource:Drawings, designHotWaterEnteringTemp:180°F, designHotWaterLeavingTemp:153°F, designHotWaterPower:3.3MMBTU/h, designHotWaterFlow:0.75gal/min, designAirFlow:300cfm}"
@b-03aa,"",✓,"","","","","","","","","",✓,"","","",✓,✓,"","","",Bravo VAV 3-16 Damper Output,✓,"","","","","","","",@b-03a9,"","","","","","","","","","","","","","","",✓,"","","","","","",Number,"","","","","","","",✓,"","","","","","","","","","",@b-0000,"","",@b-042e,"","","","",Chicago,%,"","","","","","","","","","","{sourcePointName:DAMPER_CMD, dataSyncRecovered:2020-07-10T01:00:10.126-04:00 New_York, inScope, backgroundPoint}"
@b-03ab,"",✓,"","","","","","","","","","","","","",✓,"","","","",Bravo VAV 3-16 Discharge Air Flow,✓,"","","","","","","",@b-03a9,"","","","",✓,"","","","","","","","","","",✓,"","","","","","",Number,"","","","","","","",✓,"","","","","","","",✓,"","",@b-0000,"","",@b-042e,"","","","",Chicago,cfm,"","","","","","","","","","","{sourcePointName:BOX_FLOW, dataSyncRecovered:2020-07-10T01:00:10.374-04:00 New_York, inScope, backgroundPoint}"
@b-03ac,"",✓,"","","","","","","","","","","","","",✓,"","","","",Bravo VAV 3-16 Discharge Air Flow Setpoint,✓,"",✓,"","","","","",@b-03a9,"","","","",✓,"","","","","","","","","","",✓,"","","","","","",Number,"","","","","","","",✓,"","","","","","","","","","",@b-0000,✓,"",@b-042e,"","","","",Chicago,cfm,"","","","","","","","","","","{sourcePointName:FLOW_STPT, dataSyncRecovered:2020-07-10T01:00:09.627-04:00 New_York, inScope, backgroundPoint}"
@b-03ad,"","","","","","","","","","","",✓,"","","",✓,"","","","",Bravo VAV 3-16 Heating Valve Output,"","","","","","","","",@b-03a9,"","","","","","","","","","","","","",✓,"",✓,✓,"","","","","",Number,"","","","","","","",✓,"","","","","","","","","","",@b-0000,"","",@b-042e,"","","","",Chicago,%,✓,"","",✓,"","","","","","","{sourcePointName:Htg, dataSyncRecovered:2020-07-10T01:00:09.752-04:00 New_York, inScope, backgroundPoint}"
@b-03ae,"",✓,"","","","","","","","","","","","","",✓,"","","","",Bravo VAV 3-16 Supply Air Temperature,✓,"","","","","","","",@b-03a9,"","","","","","","","","","","","","","","",✓,"","","","","","",Number,"","","","","","","",✓,"","","","","","","",✓,"","",@b-0000,"","",@b-042e,"","",✓,"",Chicago,°F,"","","","","","","","","","","{sourcePointName:DisAirTemp, dataSyncRecovered:2020-07-10T01:00:10.745-04:00 New_York, inScope, backgroundPoint}"
@b-03af,"",✓,"","","","","","","","","","","","","",✓,"","","","",Bravo VAV 3-16 Zone Air Temp Setpoint,"","","","","","","","",@b-03a9,"","","","","","","","","","","","","","","",✓,"","","","","","",Number,"","","","","","","",✓,"","","","","","","","","","",@b-0000,✓,"",@b-042e,"","",✓,"",Chicago,°F,"","","","","","","","","",✓,"{sourcePointName:STAT_SETPOINT, dataSyncRecovered:2020-07-10T01:00:10.745-04:00 New_York, inScope, backgroundPoint}"
@b-03b0,"",✓,"","","","","","","","","","","","","",✓,"","","","",Bravo VAV 3-16 Zone Temperature,"","","","","","","","",@b-03a9,"","","","","","","","","","","","","","","",✓,"","","","","","",Number,"","","","","","","",✓,"","","","","","","",✓,"","",@b-0000,"","",@b-042e,"","",✓,"",Chicago,°F,"","","","","","","","","",✓,"{sourcePointName:SPACE_TEMP, dataSyncRecovered:2020-07-10T01:00:09.752-04:00 New_York, inScope, backgroundPoint}"
@b-03b1,"","","",@b-00f2,"","","","","","","","","","","","","","","","",Bravo VAV 3-17,"","","","","","","",✓,"","","",✓,"","","","","","","","","","","","","","",✓,@b-0012,"","",✓,"","","","","","","","","","","","","","","","","",✓,"",@b-0000,"","",@b-042e,"","","",✓,"","","",✓,"","","","","","","",✓,"{tu, designSource:Drawings, designHotWaterEnteringTemp:180°F, designHotWaterLeavingTemp:153°F, designHotWaterPower:3.3MMBTU/h, designHotWaterFlow:0.75gal/min, designAirFlow:300cfm}"
@b-03b2,"",✓,"","","","","","","","","",✓,"","","",✓,✓,"","","",Bravo VAV 3-17 Damper Output,✓,"","","","","","","",@b-03b1,"","","","","","","","","","","","","","","",✓,"","","","","","",Number,"","","","","","","",✓,"","","","","","","","","","",@b-0000,"","",@b-042e,"","","","",Chicago,%,"","","","","","","","","","","{sourcePointName:DAMPER_CMD, dataSyncRecovered:2020-07-10T01:00:10.126-04:00 New_York, inScope, backgroundPoint}"
@b-03b3,"",✓,"","","","","","","","","","","","","",✓,"","","","",Bravo VAV 3-17 Discharge Air Flow,✓,"","","","","","","",@b-03b1,"","","","",✓,"","","","","","","","","","",✓,"","","","","","",Number,"","","","","","","",✓,"","","","","","","",✓,"","",@b-0000,"","",@b-042e,"","","","",Chicago,cfm,"","","","","","","","","","","{sourcePointName:BOX_FLOW, dataSyncRecovered:2020-07-10T01:00:10.87-04:00 New_York, inScope, backgroundPoint}"
@b-03b4,"",✓,"","","","","","","","","","","","","",✓,"","","","",Bravo VAV 3-17 Discharge Air Flow Setpoint,✓,"",✓,"","","","","",@b-03b1,"","","","",✓,"","","","","","","","","","",✓,"","","","","","",Number,"","","","","","","",✓,"","","","","","","","","","",@b-0000,✓,"",@b-042e,"","","","",Chicago,cfm,"","","","","","","","","","","{sourcePointName:FLOW_STPT, dataSyncRecovered:2020-07-10T01:00:09.752-04:00 New_York, inScope, backgroundPoint}"
@b-03b5,"","","","","","","","","","","",✓,"","","",✓,"","","","",Bravo VAV 3-17 Heating Valve Output,"","","","","","","","",@b-03b1,"","","","","","","","","","","","","",✓,"",✓,✓,"","","","","",Number,"","","","","","","",✓,"","","","","","","","","","",@b-0000,"","",@b-042e,"","","","",Chicago,%,✓,"","",✓,"","","","","","","{sourcePointName:Htg, dataSyncRecovered:2020-07-10T01:00:07.473-04:00 New_York, inScope, backgroundPoint}"
@b-03b6,"",✓,"","","","","","","","","","","","","",✓,"","","","",Bravo VAV 3-17 Supply Air Temperature,✓,"","","","","","","",@b-03b1,"","","","","","","","","","","","","","","",✓,"","","","","","",Number,"","","","","","","",✓,"","","","","","","",✓,"","",@b-0000,"","",@b-042e,"","",✓,"",Chicago,°F,"","","","","","","","","","","{sourcePointName:DisAirTemp, dataSyncRecovered:2020-07-10T01:00:07.598-04:00 New_York, inScope, backgroundPoint}"
@b-03b7,"",✓,"","","","","","","","","","","","","",✓,"","","","",Bravo VAV 3-17 Zone Air Temp Setpoint,"","","","","","","","",@b-03b1,"","","","","","","","","","","","","","","",✓,"","","","","","",Number,"","","","","","","",✓,"","","","","","","","","","",@b-0000,✓,"",@b-042e,"","",✓,"",Chicago,°F,"","","","","","","","","",✓,"{sourcePointName:STAT_SETPOINT, dataSyncRecovered:2020-07-10T01:00:07.598-04:00 New_York, inScope, backgroundPoint}"
@b-03b8,"",✓,"","","","","","","","","","","","","",✓,"","","","",Bravo VAV 3-17 Zone Temperature,"","","","","","","","",@b-03b1,"","","","","","","","","","","","","","","",✓,"","","","","","",Number,"","","","","","","",✓,"","","","","","","",✓,"","",@b-0000,"","",@b-042e,"","",✓,"",Chicago,°F,"","","","","","","","","",✓,"{sourcePointName:SPACE_TEMP, dataSyncRecovered:2020-07-10T01:00:09.752-04:00 New_York, inScope, backgroundPoint}"
@b-03b9,"","","",@b-00f2,"","","","","","","","","","","","","","","","",Bravo VAV 3-18,"","","","","","","",✓,"","","",✓,"","","","","","","","","","","","","","",✓,@b-0012,"","",✓,"","","","","","","","","","","","","","","","","",✓,"",@b-0000,"","",@b-042e,"","","",✓,"","","",✓,"","","","","","","",✓,"{tu, designSource:Drawings, designHotWaterEnteringTemp:180°F, designHotWaterLeavingTemp:150°F, designHotWaterPower:12.4MMBTU/h, designHotWaterFlow:1.5gal/min, designAirFlow:500cfm}"
@b-03ba,"",✓,"","","","","","","","","",✓,"","","",✓,✓,"","","",Bravo VAV 3-18 Damper Output,✓,"","","","","","","",@b-03b9,"","","","","","","","","","","","","","","",✓,"","","","","","",Number,"","","","","","","",✓,"","","","","","","","","","",@b-0000,"","",@b-042e,"","","","",Chicago,%,"","","","","","","","","","","{sourcePointName:DAMPER_CMD, dataSyncRecovered:2020-07-10T01:00:10.497-04:00 New_York, inScope, backgroundPoint}"
@b-03bb,"",✓,"","","","","","","","","","","","","",✓,"","","","",Bravo VAV 3-18 Discharge Air Flow,✓,"","","","","","","",@b-03b9,"","","","",✓,"","","","","","","","","","",✓,"","","","","","",Number,"","","","","","","",✓,"","","","","","","",✓,"","",@b-0000,"","",@b-042e,"","","","",Chicago,cfm,"","","","","","","","","","","{sourcePointName:BOX_FLOW, dataSyncRecovered:2020-07-10T01:00:09.752-04:00 New_York, inScope, backgroundPoint}"
@b-03bc,"",✓,"","","","","","","","","","","","","",✓,"","","","",Bravo VAV 3-18 Discharge Air Flow Setpoint,✓,"",✓,"","","","","",@b-03b9,"","","","",✓,"","","","","","","","","","",✓,"","","","","","",Number,"","","","","","","",✓,"","","","","","","","","","",@b-0000,✓,"",@b-042e,"","","","",Chicago,cfm,"","","","","","","","","","","{sourcePointName:FLOW_STPT, dataSyncRecovered:2020-07-10T01:00:09.627-04:00 New_York, inScope, backgroundPoint}"
@b-03bd,"","","","","","","","","","","",✓,"","","",✓,"","","","",Bravo VAV 3-18 Heating Valve Output,"","","","","","","","",@b-03b9,"","","","","","","","","","","","","",✓,"",✓,✓,"","","","","",Number,"","","","","","","",✓,"","","","","","","","","","",@b-0000,"","",@b-042e,"","","","",Chicago,%,✓,"","",✓,"","","","","","","{sourcePointName:Htg, dataSyncRecovered:2020-07-10T01:00:10.374-04:00 New_York, inScope, backgroundPoint}"
@b-03be,"",✓,"","","","","","","","","","","","","",✓,"","","","",Bravo VAV 3-18 Supply Air Temperature,✓,"","","","","","","",@b-03b9,"","","","","","","","","","","","","","","",✓,"","","","","","",Number,"","","","","","","",✓,"","","","","","","",✓,"","",@b-0000,"","",@b-042e,"","",✓,"",Chicago,°F,"","","","","","","","","","","{sourcePointName:DisAirTemp, dataSyncRecovered:2020-07-10T01:00:10.003-04:00 New_York, inScope, backgroundPoint}"
@b-03bf,"",✓,"","","","","","","","","","","","","",✓,"","","","",Bravo VAV 3-18 Zone Air Temp Setpoint,"","","","","","","","",@b-03b9,"","","","","","","","","","","","","","","",✓,"","","","","","",Number,"","","","","","","",✓,"","","","","","","","","","",@b-0000,✓,"",@b-042e,"","",✓,"",Chicago,°F,"","","","","","","","","",✓,"{sourcePointName:STAT_SETPOINT, dataSyncRecovered:2020-07-10T01:00:10.003-04:00 New_York, inScope, backgroundPoint}"
@b-03c0,"",✓,"","","","","","","","","","","","","",✓,"","","","",Bravo VAV 3-18 Zone Temperature,"","","","","","","","",@b-03b9,"","","","","","","","","","","","","","","",✓,"","","","","","",Number,"","","","","","","",✓,"","","","","","","",✓,"","",@b-0000,"","",@b-042e,"","",✓,"",Chicago,°F,"","","","","","","","","",✓,"{sourcePointName:SPACE_TEMP, dataSyncRecovered:2020-07-10T01:00:09.879-04:00 New_York, inScope, backgroundPoint}"
@b-03c1,"","","",@b-00f2,"","","","","","","","","","","","","","","","",Bravo VAV 3-19,"","","","","","","",✓,"","","",✓,"","","","","","","","","","","","","","",✓,@b-0012,"","",✓,"","","","","","","","","","","","","","","","","",✓,"",@b-0000,"","",@b-042e,"","","",✓,"","","",✓,"","","","","","","",✓,"{tu, designSource:Drawings, designHotWaterEnteringTemp:180°F, designHotWaterLeavingTemp:155°F, designHotWaterPower:2.1MMBTU/h, designHotWaterFlow:0.5gal/min, designAirFlow:150cfm}"
@b-03c2,"",✓,"","","","","","","","","",✓,"","","",✓,✓,"","","",Bravo VAV 3-19 Damper Output,✓,"","","","","","","",@b-03c1,"","","","","","","","","","","","","","","",✓,"","","","","","",Number,"","","","","","","",✓,"","","","","","","","","","",@b-0000,"","",@b-042e,"","","","",Chicago,%,"","","","","","","","","","","{sourcePointName:DAMPER_CMD, dataSyncRecovered:2020-07-10T01:00:09.627-04:00 New_York, inScope, backgroundPoint}"
@b-03c3,"",✓,"","","","","","","","","","","","","",✓,"","","","",Bravo VAV 3-19 Discharge Air Flow,✓,"","","","","","","",@b-03c1,"","","","",✓,"","","","","","","","","","",✓,"","","","","","",Number,"","","","","","","",✓,"","","","","","","",✓,"","",@b-0000,"","",@b-042e,"","","","",Chicago,cfm,"","","","","","","","","","","{sourcePointName:BOX_FLOW, dataSyncRecovered:2020-07-10T01:00:10.62-04:00 New_York, inScope, backgroundPoint}"
@b-03c4,"",✓,"","","","","","","","","","","","","",✓,"","","","",Bravo VAV 3-19 Discharge Air Flow Setpoint,✓,"",✓,"","","","","",@b-03c1,"","","","",✓,"","","","","","","","","","",✓,"","","","","","",Number,"","","","","","","",✓,"","","","","","","","","","",@b-0000,✓,"",@b-042e,"","","","",Chicago,cfm,"","","","","","","","","","","{sourcePointName:FLOW_STPT, dataSyncRecovered:2020-07-10T01:00:09.752-04:00 New_York, inScope, backgroundPoint}"
@b-03c5,"","","","","","","","","","","",✓,"","","",✓,"","","","",Bravo VAV 3-19 Heating Valve Output,"","","","","","","","",@b-03c1,"","","","","","","","","","","","","",✓,"",✓,✓,"","","","","",Number,"","","","","","","",✓,"","","","","","","","","","",@b-0000,"","",@b-042e,"","","","",Chicago,%,✓,"","",✓,"","","","","","","{sourcePointName:Htg, dataSyncRecovered:2020-07-10T01:00:10.87-04:00 New_York, inScope, backgroundPoint}"
@b-03c6,"",✓,"","","","","","","","","","","","","",✓,"","","","",Bravo VAV 3-19 Supply Air Temperature,✓,"","","","","","","",@b-03c1,"","","","","","","","","","","","","","","",✓,"","","","","","",Number,"","","","","","","",✓,"","","","","","","",✓,"","",@b-0000,"","",@b-042e,"","",✓,"",Chicago,°F,"","","","","","","","","","","{sourcePointName:DisAirTemp, dataSyncRecovered:2020-07-10T01:00:10.249-04:00 New_York, inScope, backgroundPoint}"
@b-03c7,"",✓,"","","","","","","","","","","","","",✓,"","","","",Bravo VAV 3-19 Zone Air Temp Setpoint,"","","","","","","","",@b-03c1,"","","","","","","","","","","","","","","",✓,"","","","","","",Number,"","","","","","","",✓,"","","","","","","","","","",@b-0000,✓,"",@b-042e,"","",✓,"",Chicago,°F,"","","","","","","","","",✓,"{sourcePointName:STAT_SETPOINT, dataSyncRecovered:2020-07-10T01:00:09.879-04:00 New_York, inScope, backgroundPoint}"
@b-03c8,"",✓,"","","","","","","","","","","","","",✓,"","","","",Bravo VAV 3-19 Zone Temperature,"","","","","","","","",@b-03c1,"","","","","","","","","","","","","","","",✓,"","","","","","",Number,"","","","","","","",✓,"","","","","","","",✓,"","",@b-0000,"","",@b-042e,"","",✓,"",Chicago,°F,"","","","","","","","","",✓,"{sourcePointName:SPACE_TEMP, dataSyncRecovered:2020-07-10T01:00:11.125-04:00 New_York, inScope, backgroundPoint}"
@b-03c9,"","","",@b-00f2,"","","","","","","","","","","","","","","","",Bravo VAV 3-2,"","","","","","","",✓,"","","",✓,"","","","","","","","","","","","","","",✓,@b-0012,"","",✓,"","","","","","","","","","","","","","","","","",✓,"",@b-0000,"","",@b-042e,"","","",✓,"","","",✓,"","","","","","","",✓,"{tu, designSource:Drawings, designHotWaterEnteringTemp:180°F, designHotWaterLeavingTemp:149°F, designHotWaterPower:8.7MMBTU/h, designHotWaterFlow:1.5gal/min, designAirFlow:800cfm}"
@b-03ca,"",✓,"","","","","","","","","",✓,"","","",✓,✓,"","","",Bravo VAV 3-2 Damper Output,✓,"","","","","","","",@b-03c9,"","","","","","","","","","","","","","","",✓,"","","","","","",Number,"","","","","","","",✓,"","","","","","","","","","",@b-0000,"","",@b-042e,"","","","",Chicago,%,"","","","","","","","","","","{sourcePointName:DAMPER_CMD, dataSyncRecovered:2020-07-10T01:00:10.003-04:00 New_York, inScope, backgroundPoint}"
@b-03cb,"",✓,"","","","","","","","","","","","","",✓,"","","","",Bravo VAV 3-2 Discharge Air Flow,✓,"","","","","","","",@b-03c9,"","","","",✓,"","","","","","","","","","",✓,"","","","","","",Number,"","","","","","","",✓,"","","","","","","",✓,"","",@b-0000,"","",@b-042e,"","","","",Chicago,cfm,"","","","","","","","","","","{sourcePointName:BOX_FLOW, dataSyncRecovered:2020-07-10T01:00:10.249-04:00 New_York, inScope, backgroundPoint}"
@b-03cc,"",✓,"","","","","","","","","","","","","",✓,"","","","",Bravo VAV 3-2 Discharge Air Flow Setpoint,✓,"",✓,"","","","","",@b-03c9,"","","","",✓,"","","","","","","","","","",✓,"","","","","","",Number,"","","","","","","",✓,"","","","","","","","","","",@b-0000,✓,"",@b-042e,"","","","",Chicago,cfm,"","","","","","","","","","","{sourcePointName:FLOW_STPT, dataSyncRecovered:2020-07-10T01:00:09.879-04:00 New_York, inScope, backgroundPoint}"
@b-03cd,"","","","","","","","","","","",✓,"","","",✓,"","","","",Bravo VAV 3-2 Heating Valve Output,"","","","","","","","",@b-03c9,"","","","","","","","","","","","","",✓,"",✓,✓,"","","","","",Number,"","","","","","","",✓,"","","","","","","","","","",@b-0000,"","",@b-042e,"","","","",Chicago,%,✓,"","",✓,"","","","","","","{sourcePointName:Htg, dataSyncRecovered:2020-07-10T01:00:10.62-04:00 New_York, inScope, backgroundPoint}"
@b-03ce,"",✓,"","","","","","","","","","","","","",✓,"","","","",Bravo VAV 3-2 Supply Air Temperature,✓,"","","","","","","",@b-03c9,"","","","","","","","","","","","","","","",✓,"","","","","","",Number,"","","","","","","",✓,"","","","","","","",✓,"","",@b-0000,"","",@b-042e,"","",✓,"",Chicago,°F,"","","","","","","","","","","{sourcePointName:DisAirTemp, dataSyncRecovered:2020-07-10T01:00:10.374-04:00 New_York, inScope, backgroundPoint}"
@b-03cf,"",✓,"","","","","","","","","","","","","",✓,"","","","",Bravo VAV 3-2 Zone Air Temp Setpoint,"","","","","","","","",@b-03c9,"","","","","","","","","","","","","","","",✓,"","","","","","",Number,"","","","","","","",✓,"","","","","","","","","","",@b-0000,✓,"",@b-042e,"","",✓,"",Chicago,°F,"","","","","","","","","",✓,"{sourcePointName:STAT_SETPOINT, dataSyncRecovered:2020-07-10T01:00:10.62-04:00 New_York, inScope, backgroundPoint}"
@b-03d0,"",✓,"","","","","","","","","","","","","",✓,"","","","",Bravo VAV 3-2 Zone Temperature,"","","","","","","","",@b-03c9,"","","","","","","","","","","","","","","",✓,"","","","","","",Number,"","","","","","","",✓,"","","","","","","",✓,"","",@b-0000,"","",@b-042e,"","",✓,"",Chicago,°F,"","","","","","","","","",✓,"{sourcePointName:SPACE_TEMP, dataSyncRecovered:2020-07-10T01:00:10.374-04:00 New_York, inScope, backgroundPoint}"
@b-03d1,"","","",@b-00f2,"","","","","","","","","","","","","","","","",Bravo VAV 3-20,"","","","","","","",✓,"","","",✓,"","","","","","","","","","","","","","",✓,@b-0012,"","",✓,"","","","","","","","","","","","","","","","","",✓,"",@b-0000,"","",@b-042e,"","","",✓,"","","",✓,"","","","","","","",✓,"{tu, designSource:Drawings, designHotWaterEnteringTemp:180°F, designHotWaterLeavingTemp:153°F, designHotWaterPower:4.1MMBTU/h, designHotWaterFlow:0.75gal/min, designAirFlow:300cfm}"
@b-03d2,"",✓,"","","","","","","","","",✓,"","","",✓,✓,"","","",Bravo VAV 3-20 Damper Output,✓,"","","","","","","",@b-03d1,"","","","","","","","","","","","","","","",✓,"","","","","","",Number,"","","","","","","",✓,"","","","","","","","","","",@b-0000,"","",@b-042e,"","","","",Chicago,%,"","","","","","","","","","","{sourcePointName:DAMPER_CMD, dataSyncRecovered:2020-07-10T01:00:11.258-04:00 New_York, inScope, backgroundPoint}"
@b-03d3,"",✓,"","","","","","","","","","","","","",✓,"","","","",Bravo VAV 3-20 Discharge Air Flow,✓,"","","","","","","",@b-03d1,"","","","",✓,"","","","","","","","","","",✓,"","","","","","",Number,"","","","","","","",✓,"","","","","","","",✓,"","",@b-0000,"","",@b-042e,"","","","",Chicago,cfm,"","","","","","","","","","","{sourcePointName:BOX_FLOW, dataSyncRecovered:2020-07-10T01:00:09.752-04:00 New_York, inScope, backgroundPoint}"
@b-03d4,"",✓,"","","","","","","","","","","","","",✓,"","","","",Bravo VAV 3-20 Discharge Air Flow Setpoint,✓,"",✓,"","","","","",@b-03d1,"","","","",✓,"","","","","","","","","","",✓,"","","","","","",Number,"","","","","","","",✓,"","","","","","","","","","",@b-0000,✓,"",@b-042e,"","","","",Chicago,cfm,"","","","","","","","","","","{sourcePointName:FLOW_STPT, dataSyncRecovered:2020-07-10T01:00:10.62-04:00 New_York, inScope, backgroundPoint}"
@b-03d5,"","","","","","","","","","","",✓,"","","",✓,"","","","",Bravo VAV 3-20 Heating Valve Output,"","","","","","","","",@b-03d1,"","","","","","","","","","","","","",✓,"",✓,✓,"","","","","",Number,"","","","","","","",✓,"","","","","","","","","","",@b-0000,"","",@b-042e,"","","","",Chicago,%,✓,"","",✓,"","","","","","","{sourcePointName:Htg, dataSyncRecovered:2020-07-10T01:00:10.249-04:00 New_York, inScope, backgroundPoint}"
@b-03d6,"",✓,"","","","","","","","","","","","","",✓,"","","","",Bravo VAV 3-20 Supply Air Temperature,✓,"","","","","","","",@b-03d1,"","","","","","","","","","","","","","","",✓,"","","","","","",Number,"","","","","","","",✓,"","","","","","","",✓,"","",@b-0000,"","",@b-042e,"","",✓,"",Chicago,°F,"","","","","","","","","","","{sourcePointName:DisAirTemp, dataSyncRecovered:2020-07-10T01:00:10.995-04:00 New_York, inScope, backgroundPoint}"
@b-03d7,"",✓,"","","","","","","","","","","","","",✓,"","","","",Bravo VAV 3-20 Zone Air Temp Setpoint,"","","","","","","","",@b-03d1,"","","","","","","","","","","","","","","",✓,"","","","","","",Number,"","","","","","","",✓,"","","","","","","","","","",@b-0000,✓,"",@b-042e,"","",✓,"",Chicago,°F,"","","","","","","","","",✓,"{sourcePointName:STAT_SETPOINT, dataSyncRecovered:2020-07-10T01:00:10.995-04:00 New_York, inScope, backgroundPoint}"
@b-03d8,"",✓,"","","","","","","","","","","","","",✓,"","","","",Bravo VAV 3-20 Zone Temperature,"","","","","","","","",@b-03d1,"","","","","","","","","","","","","","","",✓,"","","","","","",Number,"","","","","","","",✓,"","","","","","","",✓,"","",@b-0000,"","",@b-042e,"","",✓,"",Chicago,°F,"","","","","","","","","",✓,"{sourcePointName:SPACE_TEMP, dataSyncRecovered:2020-07-10T01:00:09.752-04:00 New_York, inScope, backgroundPoint}"
@b-03d9,"","","",@b-00f2,"","","","","","","","","","","","","","","","",Bravo VAV 3-21,"","","","","","","",✓,"","","",✓,"","","","","","","","","","","","","","",✓,@b-0012,"","",✓,"","","","","","","","","","","","","","","","","",✓,"",@b-0000,"","",@b-042e,"","","",✓,"","","",✓,"","","","","","","",✓,"{tu, designSource:Drawings, designHotWaterEnteringTemp:180°F, designHotWaterLeavingTemp:153°F, designHotWaterPower:6.5MMBTU/h, designHotWaterFlow:1gal/min, designAirFlow:300cfm}"
@b-03da,"",✓,"","","","","","","","","",✓,"","","",✓,✓,"","","",Bravo VAV 3-21 Damper Output,✓,"","","","","","","",@b-03d9,"","","","","","","","","","","","","","","",✓,"","","","","","",Number,"","","","","","","",✓,"","","","","","","","","","",@b-0000,"","",@b-042e,"","","","",Chicago,%,"","","","","","","","","","","{sourcePointName:DAMPER_CMD, dataSyncRecovered:2020-07-10T01:00:13.145-04:00 New_York, inScope, backgroundPoint}"
@b-03db,"",✓,"","","","","","","","","","","","","",✓,"","","","",Bravo VAV 3-21 Discharge Air Flow,✓,"","","","","","","",@b-03d9,"","","","",✓,"","","","","","","","","","",✓,"","","","","","",Number,"","","","","","","",✓,"","","","","","","",✓,"","",@b-0000,"","",@b-042e,"","","","",Chicago,cfm,"","","","","","","","","","","{sourcePointName:BOX_FLOW, dataSyncRecovered:2020-07-10T01:00:11.258-04:00 New_York, inScope, backgroundPoint}"
@b-03dc,"",✓,"","","","","","","","","","","","","",✓,"","","","",Bravo VAV 3-21 Discharge Air Flow Setpoint,✓,"",✓,"","","","","",@b-03d9,"","","","",✓,"","","","","","","","","","",✓,"","","","","","",Number,"","","","","","","",✓,"","","","","","","","","","",@b-0000,✓,"",@b-042e,"","","","",Chicago,cfm,"","","","","","","","","","","{sourcePointName:FLOW_STPT, dataSyncRecovered:2020-07-10T01:00:10.497-04:00 New_York, inScope, backgroundPoint}"
@b-03dd,"","","","","","","","","","","",✓,"","","",✓,"","","","",Bravo VAV 3-21 Heating Valve Output,"","","","","","","","",@b-03d9,"","","","","","","","","","","","","",✓,"",✓,✓,"","","","","",Number,"","","","","","","",✓,"","","","","","","","","","",@b-0000,"","",@b-042e,"","","","",Chicago,%,✓,"","",✓,"","","","","","","{sourcePointName:Htg, dataSyncRecovered:2020-07-10T01:00:07.598-04:00 New_York, inScope, backgroundPoint}"
@b-03de,"",✓,"","","","","","","","","","","","","",✓,"","","","",Bravo VAV 3-21 Supply Air Temperature,✓,"","","","","","","",@b-03d9,"","","","","","","","","","","","","","","",✓,"","","","","","",Number,"","","","","","","",✓,"","","","","","","",✓,"","",@b-0000,"","",@b-042e,"","",✓,"",Chicago,°F,"","","","","","","","","","","{sourcePointName:DisAirTemp, dataSyncRecovered:2020-07-10T01:00:09.879-04:00 New_York, inScope, backgroundPoint}"
@b-03df,"",✓,"","","","","","","","","","","","","",✓,"","","","",Bravo VAV 3-21 Zone Air Temp Setpoint,"","","","","","","","",@b-03d9,"","","","","","","","","","","","","","","",✓,"","","","","","",Number,"","","","","","","",✓,"","","","","","","","","","",@b-0000,✓,"",@b-042e,"","",✓,"",Chicago,°F,"","","","","","","","","",✓,"{sourcePointName:STAT_SETPOINT, dataSyncRecovered:2020-07-10T01:00:11.125-04:00 New_York, inScope, backgroundPoint}"
@b-03e0,"",✓,"","","","","","","","","","","","","",✓,"","","","",Bravo VAV 3-21 Zone Temperature,"","","","","","","","",@b-03d9,"","","","","","","","","","","","","","","",✓,"","","","","","",Number,"","","","","","","",✓,"","","","","","","",✓,"","",@b-0000,"","",@b-042e,"","",✓,"",Chicago,°F,"","","","","","","","","",✓,"{sourcePointName:SPACE_TEMP, dataSyncRecovered:2020-07-10T01:00:09.752-04:00 New_York, inScope, backgroundPoint}"
@b-03e1,"","","",@b-00f2,"","","","","","","","","","","","","","","","",Bravo VAV 3-22,"","","","","","","",✓,"","","",✓,"","","","","","","","","","","","","","",✓,@b-0012,"","",✓,"","","","","","","","","","","","","","","","","",✓,"",@b-0000,"","",@b-042e,"","","",✓,"","","",✓,"","","","","","","",✓,"{tu, designSource:Drawings, designHotWaterEnteringTemp:180°F, designHotWaterLeavingTemp:151°F, designHotWaterPower:29.2MMBTU/h, designHotWaterFlow:3.5gal/min, designAirFlow:1250cfm}"
@b-03e2,"",✓,"","","","","","","","","",✓,"","","",✓,✓,"","","",Bravo VAV 3-22 Damper Output,✓,"","","","","","","",@b-03e1,"","","","","","","","","","","","","","","",✓,"","","","","","",Number,"","","","","","","",✓,"","","","","","","","","","",@b-0000,"","",@b-042e,"","","","",Chicago,%,"","","","","","","","","","","{sourcePointName:DAMPER_CMD, dataSyncRecovered:2020-07-10T01:00:10.62-04:00 New_York, inScope, backgroundPoint}"
@b-03e3,"",✓,"","","","","","","","","","","","","",✓,"","","","",Bravo VAV 3-22 Discharge Air Flow,✓,"","","","","","","",@b-03e1,"","","","",✓,"","","","","","","","","","",✓,"","","","","","",Number,"","","","","","","",✓,"","","","","","","",✓,"","",@b-0000,"","",@b-042e,"","","","",Chicago,cfm,"","","","","","","","","","","{sourcePointName:BOX_FLOW, dataSyncRecovered:2020-07-10T01:00:10.745-04:00 New_York, inScope, backgroundPoint}"
@b-03e4,"",✓,"","","","","","","","","","","","","",✓,"","","","",Bravo VAV 3-22 Discharge Air Flow Setpoint,✓,"",✓,"","","","","",@b-03e1,"","","","",✓,"","","","","","","","","","",✓,"","","","","","",Number,"","","","","","","",✓,"","","","","","","","","","",@b-0000,✓,"",@b-042e,"","","","",Chicago,cfm,"","","","","","","","","","","{sourcePointName:FLOW_STPT, dataSyncRecovered:2020-07-10T01:00:10.249-04:00 New_York, inScope, backgroundPoint}"
@b-03e5,"","","","","","","","","","","",✓,"","","",✓,"","","","",Bravo VAV 3-22 Heating Valve Output,"","","","","","","","",@b-03e1,"","","","","","","","","","","","","",✓,"",✓,✓,"","","","","",Number,"","","","","","","",✓,"","","","","","","","","","",@b-0000,"","",@b-042e,"","","","",Chicago,%,✓,"","",✓,"","","","","","","{sourcePointName:Htg, dataSyncRecovered:2020-07-10T01:00:10.003-04:00 New_York, inScope, backgroundPoint}"
@b-03e6,"",✓,"","","","","","","","","","","","","",✓,"","","","",Bravo VAV 3-22 Supply Air Temperature,✓,"","","","","","","",@b-03e1,"","","","","","","","","","","","","","","",✓,"","","","","","",Number,"","","","","","","",✓,"","","","","","","",✓,"","",@b-0000,"","",@b-042e,"","",✓,"",Chicago,°F,"","","","","","","","","","","{sourcePointName:DisAirTemp, dataSyncRecovered:2020-07-10T01:00:07.598-04:00 New_York, inScope, backgroundPoint}"
@b-03e7,"",✓,"","","","","","","","","","","","","",✓,"","","","",Bravo VAV 3-22 Zone Air Temp Setpoint,"","","","","","","","",@b-03e1,"","","","","","","","","","","","","","","",✓,"","","","","","",Number,"","","","","","","",✓,"","","","","","","","","","",@b-0000,✓,"",@b-042e,"","",✓,"",Chicago,°F,"","","","","","","","","",✓,"{sourcePointName:STAT_SETPOINT, dataSyncRecovered:2020-07-10T01:00:10.249-04:00 New_York, inScope, backgroundPoint}"
@b-03e8,"",✓,"","","","","","","","","","","","","",✓,"","","","",Bravo VAV 3-22 Zone Temperature,"","","","","","","","",@b-03e1,"","","","","","","","","","","","","","","",✓,"","","","","","",Number,"","","","","","","",✓,"","","","","","","",✓,"","",@b-0000,"","",@b-042e,"","",✓,"",Chicago,°F,"","","","","","","","","",✓,"{sourcePointName:SPACE_TEMP, dataSyncRecovered:2020-07-10T01:00:11.125-04:00 New_York, inScope, backgroundPoint}"
@b-03e9,"","","",@b-00f2,"","","","","","","","","","","","","","","","",Bravo VAV 3-23,"","","","","","","",✓,"","","",✓,"","","","","","","","","","","","","","",✓,@b-0012,"","",✓,"","","","","","","","","","","","","","","","","",✓,"",@b-0000,"","",@b-042e,"","","",✓,"","","",✓,"","","","","","","",✓,"{tu, designSource:Drawings, designHotWaterEnteringTemp:180°F, designHotWaterLeavingTemp:151°F, designHotWaterPower:2.2MMBTU/h, designHotWaterFlow:0.5gal/min, designAirFlow:200cfm}"
@b-03ea,"",✓,"","","","","","","","","",✓,"","","",✓,✓,"","","",Bravo VAV 3-23 Damper Output,✓,"","","","","","","",@b-03e9,"","","","","","","","","","","","","","","",✓,"","","","","","",Number,"","","","","","","",✓,"","","","","","","","","","",@b-0000,"","",@b-042e,"","","","",Chicago,%,"","","","","","","","","","","{sourcePointName:DAMPER_CMD, dataSyncRecovered:2020-07-10T01:00:10.62-04:00 New_York, pointType:, inScope, backgroundPoint}"
@b-03eb,"",✓,"","","","","","","","","","","","","",✓,"","","","",Bravo VAV 3-23 Discharge Air Flow,✓,"","","","","","","",@b-03e9,"","","","",✓,"","","","","","","","","","",✓,"","","","","","",Number,"","","","","","","",✓,"","","","","","","",✓,"","",@b-0000,"","",@b-042e,"","","","",Chicago,cfm,"","","","","","","","","","","{sourcePointName:BOX_FLOW, dataSyncRecovered:2020-07-10T01:00:10.745-04:00 New_York, inScope, backgroundPoint}"
@b-03ec,"",✓,"","","","","","","","","","","","","",✓,"","","","",Bravo VAV 3-23 Discharge Air Flow Setpoint,✓,"",✓,"","","","","",@b-03e9,"","","","",✓,"","","","","","","","","","",✓,"","","","","","",Number,"","","","","","","",✓,"","","","","","","","","","",@b-0000,✓,"",@b-042e,"","","","",Chicago,cfm,"","","","","","","","","","","{sourcePointName:FLOW_STPT, dataSyncRecovered:2020-07-10T01:00:10.497-04:00 New_York, inScope, backgroundPoint}"
@b-03ed,"","","","","","","","","","","",✓,"","","",✓,"","","","",Bravo VAV 3-23 Heating Valve Output,"","","","","","","","",@b-03e9,"","","","","","","","","","","","","",✓,"",✓,✓,"","","","","",Number,"","","","","","","",✓,"","","","","","","","","","",@b-0000,"","",@b-042e,"","","","",Chicago,%,✓,"","",✓,"","","","","","","{sourcePointName:Htg, dataSyncRecovered:2020-07-10T01:00:09.879-04:00 New_York, inScope, backgroundPoint}"
@b-03ee,"",✓,"","","","","","","","","","","","","",✓,"","","","",Bravo VAV 3-23 Supply Air Temperature,✓,"","","","","","","",@b-03e9,"","","","","","","","","","","","","","","",✓,"","","","","","",Str,"","","","","","","",✓,"","","","","","","",✓,"","",@b-0000,"","",@b-042e,"","",✓,"",Chicago,°F,"","","","","","","","","","","{sourcePointName:DisAirTemp, dataSyncRecovered:2020-07-10T01:00:10.126-04:00 New_York, inScope, backgroundPoint}"
@b-03ef,"",✓,"","","","","","","","","","","","","",✓,"","","","",Bravo VAV 3-23 Zone Air Temp Setpoint,"","","","","","","","",@b-03e9,"","","","","","","","","","","","","","","",✓,"","","","","","",Number,"","","","","","","",✓,"","","","","","","","","","",@b-0000,✓,"",@b-042e,"","",✓,"",Chicago,°F,"","","","","","","","","",✓,"{sourcePointName:STAT_SETPOINT, dataSyncRecovered:2020-07-10T01:00:10.374-04:00 New_York, inScope, backgroundPoint}"
@b-03f0,"",✓,"","","","","","","","","","","","","",✓,"","","","",Bravo VAV 3-23 Zone Temperature,"","","","","","","","",@b-03e9,"","","","","","","","","","","","","","","",✓,"","","","","","",Number,"","","","","","","",✓,"","","","","","","",✓,"","",@b-0000,"","",@b-042e,"","",✓,"",Chicago,°F,"","","","","","","","","",✓,"{sourcePointName:SPACE_TEMP, dataSyncRecovered:2020-07-10T01:00:10.126-04:00 New_York, inScope, backgroundPoint}"
@b-03f1,"","","",@b-00f2,"","","","","","","","","","","","","","","","",Bravo VAV 3-24,"","","","","","","",✓,"","","",✓,"","","","","","","","","","","","","","",✓,@b-0012,"","",✓,"","","","","","","","","","","","","","","","","",✓,"",@b-0000,"","",@b-042e,"","","",✓,"","","",✓,"","","","","","","",✓,"{tu, designSource:Drawings, designHotWaterEnteringTemp:180°F, designHotWaterLeavingTemp:153°F, designHotWaterPower:6.4MMBTU/h, designHotWaterFlow:0.75gal/min, designAirFlow:300cfm}"
@b-03f2,"",✓,"","","","","","","","","",✓,"","","",✓,✓,"","","",Bravo VAV 3-24 Damper Output,✓,"","","","","","","",@b-03f1,"","","","","","","","","","","","","","","",✓,"","","","","","",Number,"","","","","","","",✓,"","","","","","","","","","",@b-0000,"","",@b-042e,"","","","",Chicago,%,"","","","","","","","","","","{sourcePointName:DAMPER_CMD, dataSyncRecovered:2020-07-10T01:00:10.497-04:00 New_York, inScope, backgroundPoint}"
@b-03f3,"",✓,"","","","","","","","","","","","","",✓,"","","","",Bravo VAV 3-24 Discharge Air Flow,✓,"","","","","","","",@b-03f1,"","","","",✓,"","","","","","","","","","",✓,"","","","","","",Number,"","","","","","","",✓,"","","","","","","",✓,"","",@b-0000,"","",@b-042e,"","","","",Chicago,cfm,"","","","","","","","","","","{sourcePointName:BOX_FLOW, dataSyncRecovered:2020-07-10T01:00:10.497-04:00 New_York, inScope, backgroundPoint}"
@b-03f4,"",✓,"","","","","","","","","","","","","",✓,"","","","",Bravo VAV 3-24 Discharge Air Flow Setpoint,✓,"",✓,"","","","","",@b-03f1,"","","","",✓,"","","","","","","","","","",✓,"","","","","","",Number,"","","","","","","",✓,"","","","","","","","","","",@b-0000,✓,"",@b-042e,"","","","",Chicago,cfm,"","","","","","","","","","","{sourcePointName:FLOW_STPT, dataSyncRecovered:2020-07-10T01:00:10.003-04:00 New_York, inScope, backgroundPoint}"
@b-03f5,"","","","","","","","","","","",✓,"","","",✓,"","","","",Bravo VAV 3-24 Heating Valve Output,"","","","","","","","",@b-03f1,"","","","","","","","","","","","","",✓,"",✓,✓,"","","","","",Number,"","","","","","","",✓,"","","","","","","","","","",@b-0000,"","",@b-042e,"","","","",Chicago,%,✓,"","",✓,"","","","","","","{sourcePointName:Htg, dataSyncRecovered:2020-07-10T01:00:10.995-04:00 New_York, inScope, backgroundPoint}"
@b-03f6,"",✓,"","","","","","","","","","","","","",✓,"","","","",Bravo VAV 3-24 Supply Air Temperature,✓,"","","","","","","",@b-03f1,"","","","","","","","","","","","","","","",✓,"","","","","","",Str,"","","","","","","",✓,"","","","","","","",✓,"","",@b-0000,"","",@b-042e,"","",✓,"",Chicago,°F,"","","","","","","","","","","{sourcePointName:DisAirTemp, dataSyncRecovered:2020-07-10T01:00:11.125-04:00 New_York, inScope, backgroundPoint}"
@b-03f7,"",✓,"","","","","","","","","","","","","",✓,"","","","",Bravo VAV 3-24 Zone Air Temp Setpoint,"","","","","","","","",@b-03f1,"","","","","","","","","","","","","","","",✓,"","","","","","",Number,"","","","","","","",✓,"","","","","","","","","","",@b-0000,✓,"",@b-042e,"","",✓,"",Chicago,°F,"","","","","","","","","",✓,"{sourcePointName:STAT_SETPOINT, dataSyncRecovered:2020-07-10T01:00:09.879-04:00 New_York, inScope, backgroundPoint}"
@b-03f8,"",✓,"","","","","","","","","","","","","",✓,"","","","",Bravo VAV 3-24 Zone Temperature,"","","","","","","","",@b-03f1,"","","","","","","","","","","","","","","",✓,"","","","","","",Number,"","","","","","","",✓,"","","","","","","",✓,"","",@b-0000,"","",@b-042e,"","",✓,"",Chicago,°F,"","","","","","","","","",✓,"{sourcePointName:SPACE_TEMP, dataSyncRecovered:2020-07-10T01:00:07.473-04:00 New_York, inScope, backgroundPoint}"
@b-03f9,"","","",@b-00f2,"","","","","","","","","","","","","","","","",Bravo VAV 3-25,"","","","","","","",✓,"","","",✓,"","","","","","","","","","","","","","",✓,@b-0012,"","",✓,"","","","","","","","","","","","","","","","","",✓,"",@b-0000,"","",@b-042e,"","","",✓,"","","",✓,"","","","","","","",✓,"{tu, designSource:Drawings, designHotWaterEnteringTemp:180°F, designHotWaterLeavingTemp:149°F, designHotWaterPower:16.6MMBTU/h, designHotWaterFlow:2gal/min, designAirFlow:500cfm}"
@b-03fa,"",✓,"","","","","","","","","",✓,"","","",✓,✓,"","","",Bravo VAV 3-25 Damper Output,✓,"","","","","","","",@b-03f9,"","","","","","","","","","","","","","","",✓,"","","","","","",Number,"","","","","","","",✓,"","","","","","","","","","",@b-0000,"","",@b-042e,"","","","",Chicago,%,"","","","","","","","","","","{sourcePointName:DAMPER_CMD, dataSyncRecovered:2020-07-10T01:00:07.473-04:00 New_York, inScope, backgroundPoint}"
@b-03fb,"",✓,"","","","","","","","","","","","","",✓,"","","","",Bravo VAV 3-25 Discharge Air Flow,✓,"","","","","","","",@b-03f9,"","","","",✓,"","","","","","","","","","",✓,"","","","","","",Number,"","","","","","","",✓,"","","","","","","",✓,"","",@b-0000,"","",@b-042e,"","","","",Chicago,cfm,"","","","","","","","","","","{sourcePointName:BOX_FLOW, dataSyncRecovered:2020-07-10T01:00:10.497-04:00 New_York, inScope, backgroundPoint}"
@b-03fc,"",✓,"","","","","","","","","","","","","",✓,"","","","",Bravo VAV 3-25 Discharge Air Flow Setpoint,✓,"",✓,"","","","","",@b-03f9,"","","","",✓,"","","","","","","","","","",✓,"","","","","","",Number,"","","","","","","",✓,"","","","","","","","","","",@b-0000,✓,"",@b-042e,"","","","",Chicago,cfm,"","","","","","","","","","","{sourcePointName:FLOW_STPT, dataSyncRecovered:2020-07-10T01:00:11.125-04:00 New_York, inScope, backgroundPoint}"
@b-03fd,"","","","","","","","","","","",✓,"","","",✓,"","","","",Bravo VAV 3-25 Heating Valve Output,"","","","","","","","",@b-03f9,"","","","","","","","","","","","","",✓,"",✓,✓,"","","","","",Number,"","","","","","","",✓,"","","","","","","","","","",@b-0000,"","",@b-042e,"","","","",Chicago,%,✓,"","",✓,"","","","","","","{sourcePointName:Htg, dataSyncRecovered:2020-07-10T01:00:10.62-04:00 New_York, inScope, backgroundPoint}"
@b-03fe,"",✓,"","","","","","","","","","","","","",✓,"","","","",Bravo VAV 3-25 Supply Air Temperature,✓,"","","","","","","",@b-03f9,"","","","","","","","","","","","","","","",✓,"","","","","","",Number,"","","","","","","",✓,"","","","","","","",✓,"","",@b-0000,"","",@b-042e,"","",✓,"",Chicago,°F,"","","","","","","","","","","{sourcePointName:DisAirTemp, dataSyncRecovered:2020-07-10T01:00:10.497-04:00 New_York, inScope, backgroundPoint}"
@b-03ff,"",✓,"","","","","","","","","","","","","",✓,"","","","",Bravo VAV 3-25 Zone Air Temp Setpoint,"","","","","","","","",@b-03f9,"","","","","","","","","","","","","","","",✓,"","","","","","",Number,"","","","","","","",✓,"","","","","","","","","","",@b-0000,✓,"",@b-042e,"","",✓,"",Chicago,°F,"","","","","","","","","",✓,"{sourcePointName:STAT_SETPOINT, dataSyncRecovered:2020-07-10T01:00:10.995-04:00 New_York, inScope, backgroundPoint}"
@b-0400,"",✓,"","","","","","","","","","","","","",✓,"","","","",Bravo VAV 3-25 Zone Temperature,"","","","","","","","",@b-03f9,"","","","","","","","","","","","","","","",✓,"","","","","","",Number,"","","","","","","",✓,"","","","","","","",✓,"","",@b-0000,"","",@b-042e,"","",✓,"",Chicago,°F,"","","","","","","","","",✓,"{sourcePointName:SPACE_TEMP, dataSyncRecovered:2020-07-10T01:00:10.62-04:00 New_York, inScope, backgroundPoint}"
@b-0401,"","","",@b-00f2,"","","","","","","","","","","","","","","","",Bravo VAV 3-26,"","","","","","","",✓,"","","",✓,"","","","","","","","","","","","","","",✓,@b-0012,"","",✓,"","","","","","","","","","","","","","","","","",✓,"",@b-0000,"","",@b-042e,"","","",✓,"","","",✓,"","","","","","","",✓,"{tu, designSource:Drawings, designHotWaterEnteringTemp:180°F, designHotWaterLeavingTemp:152°F, designHotWaterPower:12.9MMBTU/h, designHotWaterFlow:1.5gal/min, designAirFlow:400cfm}"
@b-0402,"",✓,"","","","","","","","","",✓,"","","",✓,✓,"","","",Bravo VAV 3-26 Damper Output,✓,"","","","","","","",@b-0401,"","","","","","","","","","","","","","","",✓,"","","","","","",Number,"","","","","","","",✓,"","","","","","","","","","",@b-0000,"","",@b-042e,"","","","",Chicago,%,"","","","","","","","","","","{sourcePointName:DAMPER_CMD, dataSyncRecovered:2020-07-10T01:00:09.752-04:00 New_York, inScope, backgroundPoint}"
@b-0403,"",✓,"","","","","","","","","","","","","",✓,"","","","",Bravo VAV 3-26 Discharge Air Flow,✓,"","","","","","","",@b-0401,"","","","",✓,"","","","","","","","","","",✓,"","","","","","",Number,"","","","","","","",✓,"","","","","","","",✓,"","",@b-0000,"","",@b-042e,"","","","",Chicago,cfm,"","","","","","","","","","","{sourcePointName:BOX_FLOW, dataSyncRecovered:2020-07-10T01:00:10.249-04:00 New_York, inScope, backgroundPoint}"
@b-0404,"",✓,"","","","","","","","","","","","","",✓,"","","","",Bravo VAV 3-26 Discharge Air Flow Setpoint,✓,"",✓,"","","","","",@b-0401,"","","","",✓,"","","","","","","","","","",✓,"","","","","","",Number,"","","","","","","",✓,"","","","","","","","","","",@b-0000,✓,"",@b-042e,"","","","",Chicago,cfm,"","","","","","","","","","","{sourcePointName:FLOW_STPT, dataSyncRecovered:2020-07-10T01:00:07.598-04:00 New_York, inScope, backgroundPoint}"
@b-0405,"","","","","","","","","","","",✓,"","","",✓,"","","","",Bravo VAV 3-26 Heating Valve Output,"","","","","","","","",@b-0401,"","","","","","","","","","","","","",✓,"",✓,✓,"","","","","",Number,"","","","","","","",✓,"","","","","","","","","","",@b-0000,"","",@b-042e,"","","","",Chicago,%,✓,"","",✓,"","","","","","","{sourcePointName:Htg, dataSyncRecovered:2020-07-10T01:00:10.62-04:00 New_York, inScope, backgroundPoint}"
@b-0406,"",✓,"","","","","","","","","","","","","",✓,"","","","",Bravo VAV 3-26 Supply Air Temperature,✓,"","","","","","","",@b-0401,"","","","","","","","","","","","","","","",✓,"","","","","","",Number,"","","","","","","",✓,"","","","","","","",✓,"","",@b-0000,"","",@b-042e,"","",✓,"",Chicago,°F,"","","","","","","","","","","{sourcePointName:DisAirTemp, dataSyncRecovered:2020-07-10T01:00:09.752-04:00 New_York, inScope, backgroundPoint}"
@b-0407,"",✓,"","","","","","","","","","","","","",✓,"","","","",Bravo VAV 3-26 Zone Air Temp Setpoint,"","","","","","","","",@b-0401,"","","","","","","","","","","","","","","",✓,"","","","","","",Number,"","","","","","","",✓,"","","","","","","","","","",@b-0000,✓,"",@b-042e,"","",✓,"",Chicago,°F,"","","","","","","","","",✓,"{sourcePointName:STAT_SETPOINT, dataSyncRecovered:2020-07-10T01:00:09.627-04:00 New_York, inScope, backgroundPoint}"
@b-0408,"",✓,"","","","","","","","","","","","","",✓,"","","","",Bravo VAV 3-26 Zone Temperature,"","","","","","","","",@b-0401,"","","","","","","","","","","","","","","",✓,"","","","","","",Number,"","","","","","","",✓,"","","","","","","",✓,"","",@b-0000,"","",@b-042e,"","",✓,"",Chicago,°F,"","","","","","","","","",✓,"{sourcePointName:SPACE_TEMP, dataSyncRecovered:2020-07-10T01:00:09.879-04:00 New_York, inScope, backgroundPoint}"
@b-0409,"","","",@b-00f2,"","","","","","","","","","","","","","","","",Bravo VAV 3-27,"","","","","","","",✓,"","","",✓,"","","","","","","","","","","","","","",✓,@b-0012,"","",✓,"","","","","","","","","","","","","","","","","",✓,"",@b-0000,"","",@b-042e,"","","",✓,"","","",✓,"","","","","","","",✓,"{tu, designSource:Drawings, designHotWaterEnteringTemp:180°F, designHotWaterLeavingTemp:153°F, designHotWaterPower:6MMBTU/h, designHotWaterFlow:0.75gal/min, designAirFlow:300cfm}"
@b-040a,"",✓,"","","","","","","","","",✓,"","","",✓,✓,"","","",Bravo VAV 3-27 Damper Output,✓,"","","","","","","",@b-0409,"","","","","","","","","","","","","","","",✓,"","","","","","",Number,"","","","","","","",✓,"","","","","","","","","","",@b-0000,"","",@b-042e,"","","","",Chicago,%,"","","","","","","","","","","{sourcePointName:DAMPER_CMD, dataSyncRecovered:2020-07-10T01:00:07.473-04:00 New_York, inScope, backgroundPoint}"
@b-040b,"",✓,"","","","","","","","","","","","","",✓,"","","","",Bravo VAV 3-27 Discharge Air Flow,✓,"","","","","","","",@b-0409,"","","","",✓,"","","","","","","","","","",✓,"","","","","","",Number,"","","","","","","",✓,"","","","","","","",✓,"","",@b-0000,"","",@b-042e,"","","","",Chicago,cfm,"","","","","","","","","","","{sourcePointName:BOX_FLOW, dataSyncRecovered:2020-07-10T01:00:10.745-04:00 New_York, inScope, backgroundPoint}"
@b-040c,"",✓,"","","","","","","","","","","","","",✓,"","","","",Bravo VAV 3-27 Discharge Air Flow Setpoint,✓,"",✓,"","","","","",@b-0409,"","","","",✓,"","","","","","","","","","",✓,"","","","","","",Number,"","","","","","","",✓,"","","","","","","","","","",@b-0000,✓,"",@b-042e,"","","","",Chicago,cfm,"","","","","","","","","","","{sourcePointName:FLOW_STPT, dataSyncRecovered:2020-07-10T01:00:11.125-04:00 New_York, inScope, backgroundPoint}"
@b-040d,"","","","","","","","","","","",✓,"","","",✓,"","","","",Bravo VAV 3-27 Heating Valve Output,"","","","","","","","",@b-0409,"","","","","","","","","","","","","",✓,"",✓,✓,"","","","","",Number,"","","","","","","",✓,"","","","","","","","","","",@b-0000,"","",@b-042e,"","","","",Chicago,%,✓,"","",✓,"","","","","","","{sourcePointName:Htg, dataSyncRecovered:2020-07-10T01:00:10.995-04:00 New_York, inScope, backgroundPoint}"
@b-040e,"",✓,"","","","","","","","","","","","","",✓,"","","","",Bravo VAV 3-27 Supply Air Temperature,✓,"","","","","","","",@b-0409,"","","","","","","","","","","","","","","",✓,"","","","","","",Number,"","","","","","","",✓,"","","","","","","",✓,"","",@b-0000,"","",@b-042e,"","",✓,"",Chicago,°F,"","","","","","","","","","","{sourcePointName:DisAirTemp, dataSyncRecovered:2020-07-10T01:00:09.879-04:00 New_York, pointType:, inScope, backgroundPoint}"
@b-040f,"",✓,"","","","","","","","","","","","","",✓,"","","","",Bravo VAV 3-27 Zone Air Temp Setpoint,"","","","","","","","",@b-0409,"","","","","","","","","","","","","","","",✓,"","","","","","",Number,"","","","","","","",✓,"","","","","","","","","","",@b-0000,✓,"",@b-042e,"","",✓,"",Chicago,°F,"","","","","","","","","",✓,"{sourcePointName:STAT_SETPOINT, dataSyncRecovered:2020-07-10T01:00:10.62-04:00 New_York, inScope, backgroundPoint}"
@b-0410,"",✓,"","","","","","","","","","","","","",✓,"","","","",Bravo VAV 3-27 Zone Temperature,"","","","","","","","",@b-0409,"","","","","","","","","","","","","","","",✓,"","","","","","",Number,"","","","","","","",✓,"","","","","","","",✓,"","",@b-0000,"","",@b-042e,"","",✓,"",Chicago,°F,"","","","","","","","","",✓,"{sourcePointName:SPACE_TEMP, dataSyncRecovered:2020-07-10T01:00:10.62-04:00 New_York, inScope, backgroundPoint}"
@b-0411,"","","",@b-00f2,"","","","","","","","","","","","","","","","",Bravo VAV 3-28,"","","","","","","",✓,"","","",✓,"","","","","","","","","","","","","","",✓,@b-0012,"","",✓,"","","","","","","","","","","","","","","","","",✓,"",@b-0000,"","",@b-042e,"","","",✓,"","","",✓,"","","","","","","",✓,"{tu, designSource:Drawings, designHotWaterEnteringTemp:180°F, designHotWaterLeavingTemp:151°F, designHotWaterPower:3MMBTU/h, designHotWaterFlow:0.5gal/min, designAirFlow:200cfm}"
@b-0412,"",✓,"","","","","","","","","",✓,"","","",✓,✓,"","","",Bravo VAV 3-28 Damper Output,✓,"","","","","","","",@b-0411,"","","","","","","","","","","","","","","",✓,"","","","","","",Number,"","","","","","","",✓,"","","","","","","","","","",@b-0000,"","",@b-042e,"","","","",Chicago,%,"","","","","","","","","","","{sourcePointName:DAMPER_CMD, dataSyncRecovered:2020-07-10T01:00:09.879-04:00 New_York, inScope, backgroundPoint}"
@b-0413,"",✓,"","","","","","","","","","","","","",✓,"","","","",Bravo VAV 3-28 Discharge Air Flow,✓,"","","","","","","",@b-0411,"","","","",✓,"","","","","","","","","","",✓,"","","","","","",Number,"","","","","","","",✓,"","","","","","","",✓,"","",@b-0000,"","",@b-042e,"","","","",Chicago,cfm,"","","","","","","","","","","{sourcePointName:BOX_FLOW, dataSyncRecovered:2020-07-10T01:00:09.879-04:00 New_York, inScope, backgroundPoint}"
@b-0414,"",✓,"","","","","","","","","","","","","",✓,"","","","",Bravo VAV 3-28 Discharge Air Flow Setpoint,✓,"",✓,"","","","","",@b-0411,"","","","",✓,"","","","","","","","","","",✓,"","","","","","",Number,"","","","","","","",✓,"","","","","","","","","","",@b-0000,✓,"",@b-042e,"","","","",Chicago,cfm,"","","","","","","","","","","{sourcePointName:FLOW_STPT, dataSyncRecovered:2020-07-10T01:00:10.995-04:00 New_York, inScope, backgroundPoint}"
@b-0415,"","","","","","","","","","","",✓,"","","",✓,"","","","",Bravo VAV 3-28 Heating Valve Output,"","","","","","","","",@b-0411,"","","","","","","","","","","","","",✓,"",✓,✓,"","","","","",Number,"","","","","","","",✓,"","","","","","","","","","",@b-0000,"","",@b-042e,"","","","",Chicago,%,✓,"","",✓,"","","","","","","{sourcePointName:Htg, dataSyncRecovered:2020-07-10T01:00:11.125-04:00 New_York, inScope, backgroundPoint}"
@b-0416,"",✓,"","","","","","","","","","","","","",✓,"","","","",Bravo VAV 3-28 Supply Air Temperature,✓,"","","","","","","",@b-0411,"","","","","","","","","","","","","","","",✓,"","","","","","",Number,"","","","","","","",✓,"","","","","","","",✓,"","",@b-0000,"","",@b-042e,"","",✓,"",Chicago,°F,"","","","","","","","","","","{sourcePointName:DisAirTemp, dataSyncRecovered:2020-07-10T01:00:09.627-04:00 New_York, inScope, backgroundPoint}"
@b-0417,"",✓,"","","","","","","","","","","","","",✓,"","","","",Bravo VAV 3-28 Zone Air Temp Setpoint,"","","","","","","","",@b-0411,"","","","","","","","","","","","","","","",✓,"","","","","","",Number,"","","","","","","",✓,"","","","","","","","","","",@b-0000,✓,"",@b-042e,"","",✓,"",Chicago,°F,"","","","","","","","","",✓,"{sourcePointName:STAT_SETPOINT, dataSyncRecovered:2020-07-10T01:00:09.627-04:00 New_York, inScope, backgroundPoint}"
@b-0418,"",✓,"","","","","","","","","","","","","",✓,"","","","",Bravo VAV 3-28 Zone Temperature,"","","","","","","","",@b-0411,"","","","","","","","","","","","","","","",✓,"","","","","","",Number,"","","","","","","",✓,"","","","","","","",✓,"","",@b-0000,"","",@b-042e,"","",✓,"",Chicago,°F,"","","","","","","","","",✓,"{sourcePointName:SPACE_TEMP, dataSyncRecovered:2020-07-10T01:00:13.145-04:00 New_York, inScope, backgroundPoint}"
@b-0419,"","","",@b-00f2,"","","","","","","","","","","","","","","","",Bravo VAV 3-3,"","","","","","","",✓,"","","","","","","","","","","","","","","","","","",✓,"","","",✓,"","","","","","","","","","","","","","","","","",✓,"",@b-0000,"","",@b-042e,"","","","","","","",✓,"","","","","","","","","{tu, designSource:Drawings, designHotWaterEnteringTemp:180°F, designHotWaterLeavingTemp:150°F, designHotWaterPower:4.2MMBTU/h, designHotWaterFlow:0.75gal/min, designAirFlow:375cfm}"
@b-041a,"",✓,"","","","","","","","","","","","","",✓,"","","","",Bravo VAV 3-3 Supply Air Flow,✓,"","","","","","","",@b-0419,"","","","",✓,"","","","","","","","","","",✓,"","","","","","",Number,"","","","","","","",✓,"","","","","","","",✓,"","",@b-0000,"","",@b-042e,"","","","",Chicago,cfm,"","","","","","","","","","","{dateCreated:2020-04-03, dataSyncRecovered:2020-07-10T01:00:09.752-04:00 New_York, backgroundPoint}"
@b-041b,"",✓,"","","","","","","","","","","","","",✓,"","","","",Bravo VAV 3-3 Supply Air Flow Setpoint,✓,"","","","","","","",@b-0419,"","","","",✓,"","","","","","","","","","",✓,"","","","","","",Number,"","","","","","","",✓,"","","","","","","","","","",@b-0000,✓,"",@b-042e,"","","","",Chicago,cfm,"","","","","","","","","","","{dateCreated:2020-04-03, dataSyncRecovered:2020-07-10T01:00:10.374-04:00 New_York, backgroundPoint}"
@b-041c,"","","",@b-00f2,"","","","","","","","","","","","","","","","",Bravo VAV 3-4,"","","","","","","",✓,"","","","","","","","","","","","","","","","","","",✓,"","","",✓,"","","","","","","","","","","","","","","","","",✓,"",@b-0000,"","",@b-042e,"","","","","","","",✓,"","","","","","","","","{tu, designSource:Drawings, designHotWaterEnteringTemp:180°F, designHotWaterLeavingTemp:155°F, designHotWaterPower:1.7MMBTU/h, designHotWaterFlow:0.5gal/min, designAirFlow:150cfm}"
@b-041d,"",✓,"","","","","","","","","","","","","",✓,"","","","",Bravo VAV 3-4 Supply Air Flow,✓,"","","","","","","",@b-041c,"","","","",✓,"","","","","","","","","","",✓,"","","","","","",Number,"","","","","","","",✓,"","","","","","","",✓,"","",@b-0000,"","",@b-042e,"","","","",Chicago,cfm,"","","","","","","","","","","{dateCreated:2020-04-03, dataSyncRecovered:2020-07-10T01:00:10.87-04:00 New_York, backgroundPoint}"
@b-041e,"",✓,"","","","","","","","","","","","","",✓,"","","","",Bravo VAV 3-4 Supply Air Flow Setpoint,✓,"","","","","","","",@b-041c,"","","","",✓,"","","","","","","","","","",✓,"","","","","","",Number,"","","","","","","",✓,"","","","","","","","","","",@b-0000,✓,"",@b-042e,"","","","",Chicago,cfm,"","","","","","","","","","","{dateCreated:2020-04-03, dataSyncRecovered:2020-07-10T01:00:07.721-04:00 New_York, backgroundPoint}"
@b-041f,"","","",@b-00f2,"","","","","","","","","","","","","","","","",Bravo VAV 3-5,"","","","","","","",✓,"","","","","","","","","","","","","","","","","","",✓,"","","",✓,"","","","","","","","","","","","","","","","","",✓,"",@b-0000,"","",@b-042e,"","","","","","","",✓,"","","","","","","","","{tu, designSource:Drawings, designHotWaterEnteringTemp:180°F, designHotWaterLeavingTemp:153°F, designHotWaterPower:3.3MMBTU/h, designHotWaterFlow:0.75gal/min, designAirFlow:300cfm}"
@b-0420,"",✓,"","","","","","","","","","","","","",✓,"","","","",Bravo VAV 3-5 Supply Air Flow,✓,"","","","","","","",@b-041f,"","","","",✓,"","","","","","","","","","",✓,"","","","","","",Number,"","","","","","","",✓,"","","","","","","",✓,"","",@b-0000,"","",@b-042e,"","","","",Chicago,cfm,"","","","","","","","","","","{dateCreated:2020-04-03, dataSyncRecovered:2020-07-10T01:00:11.125-04:00 New_York, backgroundPoint}"
@b-0421,"",✓,"","","","","","","","","","","","","",✓,"","","","",Bravo VAV 3-5 Supply Air Flow Setpoint,✓,"","","","","","","",@b-041f,"","","","",✓,"","","","","","","","","","",✓,"","","","","","",Number,"","","","","","","",✓,"","","","","","","","","","",@b-0000,✓,"",@b-042e,"","","","",Chicago,cfm,"","","","","","","","","","","{dateCreated:2020-04-03, dataSyncRecovered:2020-07-10T01:00:09.752-04:00 New_York, backgroundPoint}"
@b-0422,"","","",@b-00f2,"","","","","","","","","","","","","","","","",Bravo VAV 3-6,"","","","","","","",✓,"","","","","","","","","","","","","","","","","","",✓,"","","",✓,"","","","","","","","","","","","","","","","","",✓,"",@b-0000,"","",@b-042e,"","","","","","","",✓,"","","","","","","","","{tu, designSource:Drawings, designHotWaterEnteringTemp:180°F, designHotWaterLeavingTemp:152°F, designHotWaterPower:6.5MMBTU/h, designHotWaterFlow:1.25gal/min, designAirFlow:600cfm}"
@b-0423,"",✓,"","","","","","","","","","","","","",✓,"","","","",Bravo VAV 3-6 Supply Air Flow,✓,"","","","","","","",@b-0422,"","","","",✓,"","","","","","","","","","",✓,"","","","","","",Number,"","","","","","","",✓,"","","","","","","",✓,"","",@b-0000,"","",@b-042e,"","","","",Chicago,cfm,"","","","","","","","","","","{dateCreated:2020-04-03, dataSyncRecovered:2020-07-10T01:00:10.003-04:00 New_York, backgroundPoint}"
@b-0424,"",✓,"","","","","","","","","","","","","",✓,"","","","",Bravo VAV 3-6 Supply Air Flow Setpoint,✓,"","","","","","","",@b-0422,"","","","",✓,"","","","","","","","","","",✓,"","","","","","",Number,"","","","","","","",✓,"","","","","","","","","","",@b-0000,✓,"",@b-042e,"","","","",Chicago,cfm,"","","","","","","","","","","{dateCreated:2020-04-03, dataSyncRecovered:2020-07-10T01:00:07.598-04:00 New_York, backgroundPoint}"
@b-0425,"","","",@b-00f2,"","","","","","","","","","","","","","","","",Bravo VAV 3-7,"","","","","","","",✓,"","","","","","","","","","","","","","","","","","",✓,"","","",✓,"","","","","","","","","","","","","","","","","",✓,"",@b-0000,"","",@b-042e,"","","","","","","",✓,"","","","","","","","","{tu, designSource:Drawings, designHotWaterEnteringTemp:180°F, designHotWaterLeavingTemp:150°F, designHotWaterPower:7.6MMBTU/h, designHotWaterFlow:1.25gal/min, designAirFlow:700cfm}"
@b-0426,"",✓,"","","","","","","","","","","","","",✓,"","","","",Bravo VAV 3-7 Supply Air Flow,✓,"","","","","","","",@b-0425,"","","","",✓,"","","","","","","","","","",✓,"","","","","","",Number,"","","","","","","",✓,"","","","","","","",✓,"","",@b-0000,"","",@b-042e,"","","","",Chicago,cfm,"","","","","","","","","","","{dateCreated:2020-04-03, dataSyncRecovered:2020-07-10T01:00:10.374-04:00 New_York, backgroundPoint}"
@b-0427,"",✓,"","","","","","","","","","","","","",✓,"","","","",Bravo VAV 3-7 Supply Air Flow Setpoint,✓,"","","","","","","",@b-0425,"","","","",✓,"","","","","","","","","","",✓,"","","","","","",Number,"","","","","","","",✓,"","","","","","","","","","",@b-0000,✓,"",@b-042e,"","","","",Chicago,cfm,"","","","","","","","","","","{dateCreated:2020-04-03, dataSyncRecovered:2020-07-10T01:00:10.249-04:00 New_York, backgroundPoint}"
@b-0428,"","","",@b-00f2,"","","","","","","","","","","","","","","","",Bravo VAV 3-8,"","","","","","","",✓,"","","","","","","","","","","","","","","","","","",✓,"","","",✓,"","","","","","","","","","","","","","","","","",✓,"",@b-0000,"","",@b-042e,"","","","","","","",✓,"","","","","","","","","{tu, designSource:Drawings, designHotWaterEnteringTemp:180°F, designHotWaterLeavingTemp:153°F, designHotWaterPower:6.5MMBTU/h, designHotWaterFlow:0.75gal/min, designAirFlow:300cfm}"
@b-0429,"",✓,"","","","","","","","","","","","","",✓,"","","","",Bravo VAV 3-8 Supply Air Flow,✓,"","","","","","","",@b-0428,"","","","",✓,"","","","","","","","","","",✓,"","","","","","",Number,"","","","","","","",✓,"","","","","","","",✓,"","",@b-0000,"","",@b-042e,"","","","",Chicago,cfm,"","","","","","","","","","","{dateCreated:2020-04-03, dataSyncRecovered:2020-07-10T01:00:07.598-04:00 New_York, backgroundPoint}"
@b-042a,"",✓,"","","","","","","","","","","","","",✓,"","","","",Bravo VAV 3-8 Supply Air Flow Setpoint,✓,"","","","","","","",@b-0428,"","","","",✓,"","","","","","","","","","",✓,"","","","","","",Number,"","","","","","","",✓,"","","","","","","","","","",@b-0000,✓,"",@b-042e,"","","","",Chicago,cfm,"","","","","","","","","","","{dateCreated:2020-04-03, dataSyncRecovered:2020-07-10T01:00:10.374-04:00 New_York, backgroundPoint}"
@b-042b,"","","",@b-00f2,"","","","","","","","","","","","","","","","",Bravo VAV 3-9,"","","","","","","",✓,"","","","","","","","","","","","","","","","","","",✓,"","","",✓,"","","","","","","","","","","","","","","","","",✓,"",@b-0000,"","",@b-042e,"","","","","","","",✓,"","","","","","","","","{tu, designSource:Drawings, designHotWaterEnteringTemp:180°F, designHotWaterLeavingTemp:151°F, designHotWaterPower:23MMBTU/h, designHotWaterFlow:4gal/min, designAirFlow:2000cfm}"
@b-042c,"",✓,"","","","","","","","","","","","","",✓,"","","","",Bravo VAV 3-9 Supply Air Flow,✓,"","","","","","","",@b-042b,"","","","",✓,"","","","","","","","","","",✓,"","","","","","",Number,"","","","","","","",✓,"","","","","","","",✓,"","",@b-0000,"","",@b-042e,"","","","",Chicago,cfm,"","","","","","","","","","","{dateCreated:2020-04-03, dataSyncRecovered:2020-07-10T01:00:09.879-04:00 New_York, backgroundPoint}"
@b-042d,"",✓,"","","","","","","","","","","","","",✓,"","","","",Bravo VAV 3-9 Supply Air Flow Setpoint,✓,"","","","","","","",@b-042b,"","","","",✓,"","","","","","","","","","",✓,"","","","","","",Number,"","","","","","","",✓,"","","","","","","","","","",@b-0000,✓,"",@b-042e,"","","","",Chicago,cfm,"","","","","","","","","","","{dateCreated:2020-04-03, dataSyncRecovered:2020-07-10T01:00:10.126-04:00 New_York, backgroundPoint}"
@b-042e,"","","","","","","","","","","","","","","","","","","","",Bravo VAVs,"","","","","","","","","","","","","","","","","","","","","","","","","","","","","","","","","","","","","","","","","","","","","","","","","","",@b-0000,"",✓,"","","","","","","","","","","","","","","","","",{equipType}
@b-042f,"","","","","","","","","","","","","","","","","","","","","Fort Wayne, IN","","","","","","","","","","","","","","","",Fort Wayne,"C(41.131,-85.129)",US,"","",IN,"","","","","","","","","","","","","","","","","","","","","","","","","","","","","","","","","","","","","",Indianapolis,"","","","","","","","",✓,"","",""
@b-0430,"","","","","","","","","","","","","","","","","","","","","Fort Wayne, IN Condition","","","","","","","unknown,clear,partlyCloudy,cloudy,showers,rain,thunderstorms,ice,flurries,snow","","","","","","","","","","","","","","","","","",✓,"","","","","","",Str,"","","","","","","",✓,"","","","","","","",✓,"","","","","","","","","","",Indianapolis,"","","","","",✓,✓,@b-042f,"","","",""
@b-0431,"",✓,"","","","","","","","","","","","","","","","","","","Fort Wayne, IN Humidity","","","","","","","","","","","","","","","","","","","","","","","","",✓,"","","","",✓,"",Number,"","","","","","","",✓,"","","","","","","",✓,"","","","","","","","","","",Indianapolis,%RH,"","","","",✓,"",@b-042f,"","","",""
@b-0432,"","","","","","","","","","","","","","","","","",✓,"","","Fort Wayne, IN Sunrise","","","","","","","","","","","","","","","","","","","","","","","","",✓,"","","","","","",Bool,"","","","","","","",✓,"","","","","","","",✓,"","","","","","","","","","",Indianapolis,"","","","","",✓,"",@b-042f,"","","",""
@b-0433,"",✓,"","","","","","","","","","","","","","","","","","","Fort Wayne, IN Temp","","","","","","","","","","","","","","","","","","","","","","","","",✓,"","","","","","",Number,"","","","","","","",✓,"","","","","","","",✓,"","","","","","","","",✓,"",Indianapolis,°F,"","","","",✓,"",@b-042f,"","","",""
@b-0434,"","","","","","","","","","","","","","","","","","","","",Points Not Syncing,"","","","","","","","","","","","","","","","","","","","","","","","",✓,"","","","","","",Number,"","","","","","","",✓,"","","","","","","",✓,"","",@b-0000,"","","","","","","",Chicago,"","","","","","","","","","","","{diagnostics, dataSync, dataSyncRecovered:2020-07-14T01:00:05.167-04:00 New_York, backgroundPoint}"
